n_samples,discharge_duration_s,mean_voltage,min_voltage,max_voltage,voltage_std,voltage_drop,mean_abs_current,max_abs_current,current_std,mean_temperature,max_temperature,temperature_rise,mean_abs_load_current,mean_load_voltage,battery_id,test_id,uid,filename,ambient_temperature,Capacity,discharge_index
197,3690.234,3.5298286688693397,2.612467347907089,4.191491807505295,0.23655823616646718,0.9143218306800986,1.818711710270297,2.0180146876333027,0.5950584036965106,32.572328114029,38.98218133148803,14.652147445917485,1.8055695431472079,2.4049441624365477,B0005,1,5122,05122.csv,24,1.8564874208181577,1
196,3672.344,3.5373201277859714,2.587208728940726,4.189773213846608,0.23536612087025033,0.8895283267243532,1.8176438989718113,2.016820542901454,0.5967037718608691,32.72523522519307,39.033397966787035,14.33564603105771,1.8045826530612243,2.399260204081633,B0005,3,5124,05124.csv,24,1.846327249719927,2
195,3651.641,3.5437367282719,2.6519168938437794,4.188186735991303,0.22811108752216305,0.8607357261226758,1.8165423469233573,2.016573862170142,0.598033410427442,32.64286193755933,38.81879668981741,14.084530525863013,1.8035753846153844,2.3979692307692306,B0005,5,5126,05126.csv,24,1.8353491942234077,3
194,3631.563,3.5436661072601456,2.592947964776547,4.188461118855572,0.2333465027689954,0.8742792599485427,1.8256179748849433,2.0159359571668354,0.5849720920767387,32.51487646204882,38.7623045063458,14.108068037117349,1.8128628865979384,2.4082886597938145,B0005,7,5128,05128.csv,24,1.8352625275821128,4
194,3629.172,3.5423432526672167,2.547419651124539,4.188298524761055,0.23730096225770814,0.8828017934745747,1.8261478651693803,2.017425579158831,0.5849781734923365,32.38234901543077,38.66539257343368,14.140595614085552,1.8128762886597938,2.408505154639175,B0005,9,5130,05130.csv,24,1.834645508212042,5
195,3652.281,3.5413347346347575,2.5209480504077413,4.188815807948604,0.23993226167114745,0.8864866949748449,1.8168998532879652,2.0162347618032066,0.5982374845560282,32.43418218230641,38.75169504640032,14.229397669472458,1.80365641025641,2.3962512820512822,B0005,11,5132,05132.csv,24,1.8356616600675495,6
195,3650.828,3.5410250495075215,2.487927319492314,4.18839163793879,0.24313957024653737,0.8946509683888886,1.8168378953364732,2.01583310669507,0.598027293280686,32.480416444757985,38.8207012322275,14.235822946429689,1.8036205128205127,2.394646153846154,B0005,13,5134,05134.csv,24,1.8351461429226603,7
191,3572.453,3.554133296801584,2.6652049047458775,4.188927891511958,0.22790991675130148,0.8726971507378045,1.8444082717328028,2.0166395518034546,0.5588480400785013,32.41046186109587,38.51713023385634,13.80350143457655,1.8308837696335079,2.434628272251309,B0005,15,5136,05136.csv,24,1.8257567905665535,8
190,3550.594,3.5529355991467955,2.6038584726333673,4.189029250882121,0.23306799549076243,0.8916183154659678,1.854064004450843,2.018357230695621,0.5439173113548029,32.3461408313,38.526267904657,13.8910562713323,1.8405052631578949,2.4485105263157894,B0005,17,5138,05138.csv,24,1.8247738529891333,9
190,3551.25,3.5512057319376997,2.552853984885676,4.189223427076418,0.23735414167102423,0.9008189439811312,1.853658588102974,2.016071837814984,0.5437675433297863,32.27679750791685,38.52698128472781,13.954923620632258,1.8404957894736844,2.4496526315789473,B0005,19,5140,05140.csv,24,1.824613268496936,10
189,3530.25,3.549292319740949,2.4724483018527317,4.188916055911241,0.2437430225146572,0.9226404808497661,1.863423718930417,2.0160713863396573,0.5281400480827111,32.15709350345252,38.54143406601644,14.104718071788671,1.8502624338624338,2.4602222222222223,B0005,21,5142,05142.csv,24,1.8246195526864504,11
187,3491.016,3.559759220648976,2.64956413267546,4.189876247266316,0.22947624709797793,0.8936763878032288,1.8730031464912944,2.016851865845563,0.5130716590837109,32.36407129853099,38.52197451768004,13.777646003780443,1.8593454545454546,2.4758021390374334,B0005,24,5145,05145.csv,24,1.8142019357673915,12
186,3470.281,3.558081969139198,2.5724981777366227,4.189286794768804,0.235240978233635,0.9175293792352033,1.882660242467496,2.016393908986775,0.4956165132448093,32.3181954403762,38.582485834057856,13.845846734525495,1.8693247311827959,2.493279569892473,B0005,26,5147,05147.csv,24,1.8137521577549056,13
186,3470.0,3.555692244172496,2.5249886697730286,4.188837765892728,0.2385534552786928,0.9239826818077028,1.8825977111170087,2.0158117255163046,0.4956211462224087,32.15709029211503,38.520294134873915,14.072310729819854,1.8693247311827959,2.4930591397849464,B0005,28,5149,05149.csv,24,1.8134404914735824,14
185,3450.297,3.562746818017503,2.694621861688723,4.189110301768517,0.2245337571832233,0.8799991002501621,1.8818235264274379,2.0193509920362724,0.4967589302069122,32.04407000314609,38.21358592965045,13.741466689435129,1.868625945945946,2.493508108108108,B0005,30,5151,05151.csv,24,1.8025980036306504,15
184,3429.407,3.5614521756489204,2.64010141737067,4.18921207304098,0.22859181141516383,0.9010630201720544,1.8922597783879131,2.0164420273602586,0.4783175942794847,31.931593674911532,38.1983618706913,13.872944741868075,1.8787804347826087,2.5033804347826085,B0005,32,5153,05153.csv,24,1.80210690024615,16
183,3409.484,3.5603420474985823,2.573903509838096,4.188899969428112,0.23361517218115946,0.9281458685245871,1.9027782137498737,2.016465255161054,0.4583670956269601,31.941655359029298,38.31926916027133,13.956675803360433,1.8890437158469946,2.5137704918032786,B0005,34,5155,05155.csv,24,1.802579500826209,17
182,3390.422,3.5591189041401865,2.4942396831720126,4.188779799856791,0.23939502329865406,0.9593129780723806,1.9133470605822436,2.0181069603406625,0.4370967010164596,31.965008645476725,38.4787542519308,14.096334329174777,1.89941978021978,2.5288736263736262,B0005,36,5157,05157.csv,24,1.8030683142834096,18
182,3390.281,3.557886771846508,2.4556793246645583,4.189272591516219,0.24211638521908155,0.9648936966571422,1.9132081421080984,2.0170254305215485,0.43739375219380805,31.966241678512723,38.54659017774874,14.185140915471987,1.8994164835164835,2.5293241758241756,B0005,38,5159,05159.csv,24,1.802777624719604,19
192,3591.734,3.5520375235511907,2.632142800798914,4.187614060563439,0.23477782948432763,0.928873728400041,1.8554552597994574,2.01684718332263,0.5414698544768106,32.37143341978575,38.44749852224995,13.888783779296414,1.8422010416666668,2.4483229166666667,B0005,41,5162,05162.csv,24,1.8470259949329193,20
190,3552.297,3.5525668436897124,2.5027764692056795,4.1876287811083985,0.24481734753047052,0.9695825663126341,1.8747434663359825,2.016190951623346,0.5092300236214019,32.70024990461686,38.992275791716615,14.070169457225294,1.8615263157894737,2.4740684210526314,B0005,45,5166,05166.csv,24,1.847417311283644,21
189,3531.578,3.556794038327039,2.617507742871704,4.187447226312926,0.23373891268927038,0.9301375994731527,1.8738792670691686,2.016760348146938,0.5103730187309344,32.32266411829938,38.51424197364312,13.948275574115005,1.8607999999999998,2.480037037037037,B0005,49,5170,05170.csv,24,1.8361774213478947,22
187,3492.907,3.5614100044534203,2.694074478000972,4.187344026387161,0.22544994683917532,0.907087278892567,1.883276367037806,2.0160230713598764,0.49437303605838623,31.98795810666763,38.165816144899125,13.949234677873736,1.8700117647058825,2.4924491978609624,B0005,53,5174,05174.csv,24,1.825780747577624,23
188,3511.594,3.5566107947817986,2.6237674644021887,4.187438187636325,0.23129045070961005,0.9076727364776338,1.8733320556361162,2.01719076462715,0.5118130466075484,31.894456524691385,38.16526203587147,14.110271378053902,1.860063829787234,2.4792606382978724,B0005,57,5178,05178.csv,24,1.8251136435078368,24
184,3431.937000000006,3.5586742170266272,2.5010798299873738,4.18774138117799,0.23910922447932814,0.9826724655730041,1.9139789784762269,2.0161148625656655,0.4348648966308472,31.78039681801023,38.27549578575718,14.24671755143018,1.9004891304347828,2.5292119565217392,B0005,61,5182,05182.csv,24,1.825581504220376,25
184,3431.125,3.564103182686905,2.6849988185249796,4.188261122540052,0.22432330178039336,0.9113942001834885,1.9031048926498,2.0168636304742815,0.45733623839603826,31.688747146342205,37.982160799183106,14.043746186110464,1.8896369565217395,2.516663043478261,B0005,65,5186,05186.csv,24,1.814031127508391,26
183,3412.406,3.559588063594272,2.547109116468133,4.187338767288234,0.23463255580240505,0.9562087395572418,1.913471143750189,2.024643671910137,0.43606619958029547,31.596747992569153,38.11100191887773,14.299467731360227,1.8999540983606558,2.529601092896175,B0005,69,5190,05190.csv,24,1.814769194115894,27
183,3410.688,3.556833231052199,2.471314764334132,4.187560306288175,0.2401290130965145,0.9655345337613435,1.913620909902553,2.017291134571006,0.4361071320744154,31.565586498787077,38.18831137948753,14.433546048604107,1.8999562841530055,2.527672131147541,B0005,73,5194,05194.csv,24,1.813969388710352,28
183,3410.718,3.5624410850948944,2.6613903306108773,4.18805176248713,0.22531026238437574,0.8979689687563424,1.9026476995844432,2.01713712589233,0.45861118124673544,31.59124667045208,37.99854111908584,14.200857694423881,1.8890437158469948,2.5117868852459013,B0005,77,5198,05198.csv,24,1.802765665167823,29
182,3392.719,3.5591407106855666,2.541762355407921,4.187667484260542,0.23438290818377092,0.9364912990190524,1.9130823665540544,2.0159460285100574,0.4374122485698811,31.603485399391182,38.194201649765226,14.392900662846774,1.8994175824175823,2.5213186813186814,B0005,81,5202,05202.csv,24,1.804077040117352,30
371,3470.672,3.5573161327793144,2.628919415830567,4.2010701773378685,0.22478337971214638,0.9517866950203233,1.9206226860865134,2.016737237900702,0.4210961516440683,31.91556385491565,38.45796400011448,14.67666650056077,1.906736388140162,2.512035040431267,B0005,85,5206,05206.csv,24,1.8518025516704488,31
365,3414.109,3.561870782772737,2.6312552691827045,4.1996223345495824,0.2235720445769139,0.9395347353505774,1.9298947547733054,2.0183057226929555,0.39984237764545444,32.081128118597164,38.49126351534004,14.287220103926487,1.9161506849315069,2.5250219178082194,B0005,89,5210,05210.csv,24,1.8307038456739428,32
363,3395.219,3.5617586337260088,2.654880745360911,4.199853323702163,0.2213510620234656,0.9187067222813248,1.929319271264108,2.016579511976592,0.40083773658767985,31.849792632896243,38.31473393357882,14.308408700187321,1.9156760330578513,2.520526170798898,B0005,93,5214,05214.csv,24,1.8199041089501269,33
362,3386.0,3.5597307651083123,2.6749688422803803,4.199103467081427,0.2192753243650964,0.8897319469266707,1.923358415235126,2.0193879194408373,0.41408831051057415,31.465690433362017,37.861934640176806,14.321943711351647,1.9099110497237572,2.510174033149171,B0005,97,5218,05218.csv,24,1.8093079637028515,34
360,3368.187,3.5575937553540915,2.6159705726789904,4.199998536865001,0.22395378711031547,0.9044040692085722,1.9285088406920838,2.015814483813837,0.40250038264104065,31.40934895665031,37.90665575786083,14.340560010288275,1.9149688888888892,2.5116055555555556,B0005,101,5222,05222.csv,24,1.80460990458052,35
360,3368.266,3.5597237883937995,2.658447162110498,4.19967522099872,0.22098018003853442,0.882476975648371,1.9231516515854177,2.019901495893039,0.41507740963490697,31.902247475518077,38.34003238560517,14.361120383902286,1.9094477777777779,2.503302777777778,B0005,105,5226,05226.csv,24,1.7993770651972192,36
359,3358.719,3.559061771422033,2.6979426084271156,4.1991847248803165,0.21771514337644685,0.851366218376326,1.9170640150939449,2.016522387288751,0.42788671422977803,31.649024294808623,38.0745950590744,14.31700385380947,1.903607242339833,2.4986629526462396,B0005,109,5230,05230.csv,24,1.7884432335370462,37
357,3339.5,3.557015527748059,2.6617272246516333,4.200012480335,0.2205202807545798,0.8621905564301429,1.922067492364195,2.017112121704317,0.4167099351187296,31.48874626238971,38.07252758016199,14.55798492102618,1.908672829131653,2.502120448179272,B0005,113,5234,05234.csv,24,1.7829230484252725,38
356,3331.265,3.5562481933590964,2.699288287625812,4.1992373656547874,0.21742090167721115,0.8348648862749997,1.9162697587781747,2.018009988339822,0.42954137473705156,31.329995610092634,37.80133585100446,14.518922832738525,1.902809550561798,2.4921376404494384,B0005,117,5238,05238.csv,24,1.7730337158018288,39
355,3321.188,3.5532756526091784,2.6127932408838532,4.1993957811187075,0.22452623481021508,0.8633812874677904,1.922122706502154,2.017724236336294,0.41787857151980856,31.569551201845574,38.39873985476869,14.959371983891565,1.908174647887324,2.496878873239437,B0005,121,5242,05242.csv,24,1.773037755078937,40
355,3321.844,3.556266431640255,2.6637064901468075,4.1995786980260705,0.220967427617451,0.84391907007952,1.9162735319343263,2.016792488625222,0.4301544929609481,32.111426258867944,38.74929237918251,14.72871406159539,1.9025887323943664,2.4925098591549295,B0005,125,5246,05246.csv,24,1.7678721106662054,41
354,3311.828,3.5563095420140822,2.6668454289754746,4.199546957512695,0.22117733910818715,0.8380567598014119,1.9159257340976645,2.017255132631586,0.4307955266789468,32.271676011112376,38.87275464755104,14.616668328231007,1.9023000000000005,2.494497175141243,B0005,129,5250,05250.csv,24,1.762315070409309,42
179,3327.391,3.558950851054106,2.684431051981017,4.194091469340824,0.2255079446939565,0.8471233473650579,1.9114464682592052,2.0159457514475405,0.44067375045589385,31.842291659678658,38.503541429116005,14.510839227404134,1.8977999999999997,2.516620111731844,B0005,133,5254,05254.csv,24,1.7676172924938447,43
354,3312.078,3.5534418211598053,2.645224362345869,4.200715235801255,0.22294960528931837,0.8295051865794849,1.915844717074932,2.021877555086194,0.4305939836666456,31.759815453754253,38.27009094548294,14.441304705946965,1.9022700564971755,2.498725988700565,B0005,135,5256,05256.csv,24,1.762668359743147,44
352,3293.172,3.5510121537420285,2.6603527244917,4.1990980807180325,0.22162013542434283,0.8191462616047596,1.9151339148316244,2.0169903181968984,0.4316514819228713,31.41911167391793,38.11684755251712,14.766334581784992,1.9017289772727275,2.492619318181818,B0005,139,5260,05260.csv,24,1.7517304870664143,45
350,3275.328,3.551317608213948,2.6926849789916263,4.199398534411534,0.21932074696010634,0.807531518622028,1.9148572716406749,2.016185456554963,0.4329328203091831,31.331626572312267,38.04152715355532,14.805312964989344,1.901172,2.489822857142857,B0005,143,5264,05264.csv,24,1.7418496047960008,46
349,3265.016,3.549003180550162,2.670544734728978,4.199122915612965,0.22144629488934395,0.8098011143699129,1.9144233171408105,2.0170647431651068,0.4334053453936525,31.35934131425137,38.17980302242767,14.965001236699614,1.9008985673352439,2.4861575931232096,B0005,147,5268,05268.csv,24,1.7360913511847138,47
356,3328.937,3.5597648340955175,2.605158060541757,4.190409478081396,0.22722748069200968,0.9504490346016912,1.9389033648133622,2.0168134548386294,0.37779475028402737,34.31088483888259,40.71218198711114,14.064808040941344,1.9252814606741575,2.527724719101124,B0005,149,5270,05270.csv,24,1.7936240148573608,48
356,3329.266,3.5623454342368555,2.672012007453096,4.199933846791869,0.22227391812377692,0.8888062070569607,1.9275345758657751,2.0165540953857675,0.4046355296077638,33.43585640373788,39.88526123315293,14.184884703986569,1.9140382022471911,2.5045955056179774,B0005,153,5274,05274.csv,24,1.7831890223273277,49
353,3301.579,3.558336657621618,2.674271233724938,4.199365021329158,0.2214769534605137,0.866502895037073,1.9267295232904682,2.022483480851903,0.40616422458824464,32.66698125020078,39.18287352945846,14.3466852082244,1.91328895184136,2.5031246458923513,B0005,157,5278,05278.csv,24,1.7673642076278957,50
351,3283.563,3.554013138622869,2.6309416727017187,4.19902365945384,0.22473746346279738,0.8652624440890322,1.926172441865584,2.0168041459037114,0.40742427517811625,32.28423408691397,38.951564804030774,14.589947971667726,1.9127868945868944,2.497017094017094,B0005,161,5282,05282.csv,24,1.7570177850353066,51
350,3275.125,3.552376095886298,2.6629725743154204,4.199432142144215,0.22236358329078576,0.8379263928512617,1.9202943078313004,2.0172800396238526,0.42078135455068144,32.00739178780946,38.607510759873634,14.588353315265046,1.9067880000000001,2.4874085714285714,B0005,165,5286,05286.csv,24,1.7468706179837907,52
349,3265.656,3.549618661283733,2.612942119873717,4.199640922827531,0.22654739258708578,0.8467856417291801,1.9201149196706926,2.0159193745006387,0.4212115321958238,32.06387071886056,38.920359903369054,14.900691238010815,1.9065845272206305,2.4783954154727796,B0005,169,5290,05290.csv,24,1.7417172507457144,53
349,3266.093,3.54938103086703,2.6157198442661476,4.199305653118061,0.22676974984008744,0.8341535714417332,1.9144411095695255,2.0206059195730015,0.43348048129389816,32.43754560319043,39.23273115358871,14.896646278891978,1.9008893982808022,2.4728252148997134,B0005,173,5294,05294.csv,24,1.7364225056478186,54
348,3257.594,3.547211868041895,2.6287695472774453,4.198949734540481,0.22592973190368856,0.813176874688557,1.908381358995133,2.017554048083073,0.4460659525542236,32.16809876635083,38.9649270684008,14.84064665176998,1.8948356321839082,2.4686465517241376,B0005,177,5298,05298.csv,24,1.7263217239235826,55
347,3248.593,3.5467052098640246,2.6655106679421823,4.19834220599025,0.2229309202417669,0.7898990199359042,1.9022223526493423,2.016416703030436,0.45818444187146684,32.05752645824972,38.83927283461771,14.867707224154767,1.8887763688760806,2.4558587896253603,B0005,181,5302,05302.csv,24,1.7158065389330133,56
346,3238.766,3.544629653883431,2.650495153350403,4.198995776266302,0.22473587665672512,0.7891636790900445,1.9020695337081277,2.0170229987437884,0.45891308926795626,31.975920928072714,38.82796377704433,14.988636771073935,1.8884606936416186,2.4537601156069364,B0005,185,5306,05306.csv,24,1.710533351135192,57
346,3240.14,3.5436291614253204,2.643236235233877,4.19916986492694,0.2254887260073259,0.7819018597522991,1.8965332154034205,2.016783933430818,0.47019186364523347,32.21689335291319,39.14007944734004,15.183155569322007,1.8827364161849713,2.4475115606936417,B0005,189,5310,05310.csv,24,1.706014499648521,58
345,3230.109,3.5444946147995258,2.656450207001938,4.199246833083063,0.22535563972499398,0.7774132442376476,1.8959927229678666,2.0199829306240713,0.470704689176496,32.55632993697177,39.349611598028886,14.884493588522961,1.8824028985507248,2.4475623188405797,B0005,193,5314,05314.csv,24,1.7003110272642588,59
345,3229.7810000000027,3.5409201846556857,2.626177688152069,4.1992551886401595,0.22792324279312132,0.7721127827700651,1.8900332987976025,2.016448312230377,0.48162375811158153,32.40048085325998,39.29444535878087,15.026593610097127,1.8765976811594203,2.440286956521739,B0005,197,5318,05318.csv,24,1.6945798601797897,60
343,3212.469,3.541195668799061,2.6582230344240045,4.199610827671791,0.22571944550735676,0.7614321096191903,1.8893934935378442,2.026465491633473,0.4829576561026725,32.29371860868794,39.10487658009542,14.95847618520062,1.8758862973760935,2.4377755102040815,B0005,201,5322,05322.csv,24,1.6849029086609286,61
343,3213.219,3.540671044783382,2.695100237338448,4.1994453812630566,0.22232770586728484,0.7338049086772944,1.877705395568618,2.017330650607364,0.5036968499774821,32.136071448067796,39.0462609369598,15.110608773944978,1.8642157434402333,2.4169620991253646,B0005,205,5326,05326.csv,24,1.6744741591159715,62
342,3203.578,3.5376048790268775,2.639091813583503,4.198991968341307,0.22780350151637851,0.7540060328886224,1.8831949982887424,2.02257876070347,0.4943331421972539,32.38268549723498,39.398032192832,15.315496776048128,1.86970350877193,2.425584795321637,B0005,209,5330,05330.csv,24,1.6745692479879102,63
341,3195.125,3.538422485261741,2.6857210282450983,4.197785116892181,0.22478623561389088,0.730318025593975,1.8764452364443795,2.0158674131052456,0.5052459745361098,32.30899951427637,39.10678394120843,14.67796740539514,1.8634428152492668,2.4160117302052786,B0005,213,5334,05334.csv,24,1.663716375981405,64
341,3195.312999999994,3.53928626988912,2.69017866510873,4.201331130571617,0.22405053018605098,0.7296011292170426,1.870973160299051,2.016878594815316,0.5151556922537976,32.56636929496717,39.44448954135193,15.115677856881028,1.8575706744868035,2.4128035190615837,B0005,215,5336,05336.csv,24,1.659013868748246,65
340,3186.297,3.533690170241391,2.639895313359579,4.199339974904826,0.22875214978625036,0.7332696391653415,1.8705690143479228,2.019019155129933,0.5157546970961461,32.46542951751835,39.509602016775695,15.375632472490533,1.8571552941176472,2.401258823529412,B0005,219,5340,05340.csv,24,1.6538540573335014,66
339,3176.438,3.534367734544495,2.68991452927918,4.198916244859707,0.2243424185395798,0.7136270901107964,1.8640262698477292,2.0179820220655023,0.5263135506152928,32.347056454418095,39.33486536224533,15.354571289445666,1.8508483775811209,2.390194690265487,B0005,223,5344,05344.csv,24,1.642653782130131,67
338,3167.593,3.5312941932103548,2.65935818848874,4.198537488587242,0.22742872815982923,0.7185153174687984,1.8637043892758263,2.0158401305926343,0.527087829798622,32.37153894064616,39.43723270017243,15.462157921153604,1.850440828402367,2.38642899408284,B0005,227,5348,05348.csv,24,1.6378578430223698,68
338,3167.719,3.5309134771684274,2.6657030585650423,4.198943932259475,0.22708128337573127,0.7113712031413022,1.857873177974908,2.0192083553177325,0.5368188730291541,32.45549347979197,39.51375235624076,15.475354015335508,1.844530177514793,2.3790325443786986,B0005,231,5352,05352.csv,24,1.6327350407099108,69
337,3159.077999999994,3.5287226893409893,2.642986759012803,4.199579806494986,0.2296112762432864,0.7149966661860256,1.8572543412119842,2.017754065523427,0.5374001902211297,32.50017194695606,39.60170302810528,15.519413924501098,1.8440694362017804,2.3752314540059345,B0005,235,5356,05356.csv,24,1.6277528915533617,70
336,3148.829,3.52625493581969,2.6311169118893036,4.198782234828033,0.23107659118833668,0.7147778226696104,1.8568772359904624,2.016206764491147,0.5383160191069417,32.50100298369444,39.687463597582074,15.643852566505299,1.8436053571428577,2.3729464285714283,B0005,239,5360,05360.csv,24,1.622125485521159,71
336,3149.094,3.528684324337005,2.696157404617167,4.19910517813207,0.22510578697122174,0.6906420404507494,1.8449420023406091,2.018425729441905,0.5567437022145733,32.4728927422438,39.53535075538898,15.527397208594664,1.8316964285714288,2.3579464285714287,B0005,243,5364,05364.csv,24,1.6113256603765849,72
335,3140.547,3.525556939424901,2.6667596238241567,4.198510853141954,0.22813971311184963,0.6947235675241727,1.8444613866204569,2.0200094988659028,0.5575503803894236,32.50480154634882,39.6502371632164,15.656774387253893,1.8312077611940298,2.3558567164179105,B0005,247,5368,05368.csv,24,1.6065631397488385,73
334,3131.625,3.5226805646793737,2.6403185448373043,4.198732430468704,0.23085168589202887,0.6986036735870851,1.8439309256979097,2.0160906793454063,0.558258177729594,32.51218336210202,39.69929058154853,15.71268094266507,1.8306784431137724,2.355110778443114,B0005,251,5372,05372.csv,24,1.6015142233917594,74
333,3121.907,3.524673458789008,2.69892986372897,4.198799630396931,0.2258855704707809,0.6811288639827104,1.8371650795865604,2.017218805788003,0.5679295356339376,32.45692821941515,39.56076309770468,15.63254789867472,1.8241735735735738,2.3478648648648646,B0005,255,5376,05376.csv,24,1.590369231400328,75
333,3122.125,3.5213155754526824,2.6682466504352993,4.198753541225669,0.22872630381164658,0.6813049325450593,1.8316434831262063,2.017576881832417,0.5767088275569217,32.447059186431154,39.63708096307912,15.758326936067931,1.8181603603603604,2.3376366366366366,B0005,259,5380,05380.csv,24,1.5857889968242211,76
333,3121.672,3.51803386486462,2.6479207279724903,4.200309982421394,0.23152662212104425,0.6842967152092561,1.8311750591767433,2.0163186530776205,0.5767399739087574,32.32889654966259,39.43977047692484,15.528747201881483,1.8181885885885887,2.3432042042042043,B0005,263,5384,05384.csv,24,1.5849430707374117,77
333,3120.86,3.5236841955396794,2.6741633856529066,4.201124089732316,0.22952284805552423,0.7041403877330907,1.8433261115953903,2.016322017667326,0.5590382516984779,32.84488475360107,39.83902225625451,15.36607261658374,1.830189189189189,2.362888888888889,B0005,265,5386,05386.csv,24,1.5955263892495937,78
331,3103.828,3.519146638240667,2.6892528956736257,4.198150316653697,0.2275436874881962,0.6779294528805315,1.8298408761937657,2.0160583834613157,0.5781334853154986,32.31731555011648,39.41794949618613,15.594635904665225,1.817032628398792,2.3335438066465257,B0005,269,5390,05390.csv,24,1.5747301747801037,79
330,3095.094,3.516233648608237,2.688809122993162,4.198524048997099,0.22767764621364042,0.6692983650888915,1.823708460193854,2.0176016183677974,0.5877660020442546,32.06376130177751,39.262781682151214,15.85681060594895,1.810447272727273,2.3186606060606056,B0005,273,5394,05394.csv,24,1.5649019950937946,80
330,3095.781,3.514773138461639,2.6743555987897745,4.198840869468569,0.22881905875103578,0.6681149246890961,1.8177240286719039,2.018404141903304,0.5961114455245332,32.21997626855924,39.47237839941986,15.965795188082247,1.804478787878788,2.3113333333333332,B0005,277,5398,05398.csv,24,1.5597659473370362,81
330,3094.328,3.5132992979150073,2.6430294964336345,4.198119631667182,0.23177314415834077,0.6768286833041208,1.8179607964048694,2.016777852675889,0.5961445220961885,32.7120225448885,40.03754146951368,16.05129949029376,1.804507272727273,2.3101333333333334,B0005,281,5402,05402.csv,24,1.5594815668184234,82
329,3086.531,3.514484830704665,2.6584858447131823,4.198320288264955,0.2309588680696391,0.6747843873880144,1.8172828219040265,2.019500858990014,0.5970349702033854,32.945022147355694,40.142730162011574,15.810713669279608,1.8038966565349546,2.3122826747720366,B0005,285,5406,05406.csv,24,1.55468935359061,83
329,3085.625,3.5109677353595243,2.629782173759164,4.1980467610750285,0.23330751651469495,0.6725225853818038,1.8110596769358045,2.025028692484549,0.6051581383309774,32.857549597381336,40.1165626728546,15.90488471625617,1.797808510638298,2.3022006079027353,B0005,289,5410,05410.csv,24,1.5488741079890418,84
327,3067.203,3.5109358749578012,2.6622967647315545,4.199047008209673,0.23108659705635712,0.6642132210769676,1.809523960162879,2.017188769565156,0.6069013859029623,32.629663328789654,39.87503330866132,15.874605247583197,1.7965100917431192,2.3006697247706422,B0005,293,5414,05414.csv,24,1.538236598942558,85
326,3058.157,3.509393098217416,2.682380966742509,4.197669918520713,0.22920883095192382,0.6517669980678664,1.8026791040807892,2.0203529496154493,0.6156468293908701,32.379859014262976,39.61961987024145,15.951523771765082,1.7897656441717793,2.2894785276073617,B0005,297,5418,05418.csv,24,1.527914258251028,86
326,3058.812,3.5066782411556563,2.6401894768922713,4.197600624105256,0.23280023859539692,0.661334619878398,1.8032065293561197,2.016749317444538,0.615721903133411,32.68215852457039,40.067324667444815,16.213424307696954,1.7898723926380373,2.2886687116564417,B0005,301,5422,05422.csv,24,1.5285252629756445,87
326,3058.578,3.5109885623008092,2.693769409137257,4.197985718630326,0.22833295520299843,0.6511790130712094,1.7966214118109363,2.016964364118414,0.6234851437507705,32.99387423636739,40.24716716520102,16.003398167819935,1.7837294478527612,2.2833895705521474,B0005,305,5426,05426.csv,24,1.522647325284378,88
325,3049.328,3.510305462695178,2.695787450704935,4.198164128530042,0.22846049187380554,0.6501354087966567,1.7960332728517658,2.0177154474110517,0.6242659960184778,33.045397072111655,40.30253125568348,15.997992661194733,1.7830596923076925,2.281246153846154,B0005,309,5430,05430.csv,24,1.5174859938489869,89
339,3177.219,3.5222215314850214,2.6920548172137724,4.222920057935785,0.23489696038406033,0.697869834835998,1.822944713643187,2.017087516284557,0.588929965444185,32.856295641052824,40.09418103142496,15.977345940157353,1.8096383480825962,2.3254896755162244,B0005,312,5433,05433.csv,24,1.605818899130659,90
329,3082.937,3.5163492154331264,2.629071246219689,4.200423045909808,0.23460822575957185,0.7063782083389651,1.8294710216423313,2.0177115857667665,0.5799206922442277,33.33950238056361,40.52238496316615,15.795681431404457,1.8160474164133742,2.3357933130699085,B0005,315,5436,05436.csv,24,1.5638491446744425,91
328,3074.266,3.5134397623234963,2.631343871050918,4.198372063670128,0.23373674328687402,0.6883302271863685,1.8163541106104555,2.0160877086861952,0.5976282910241006,33.35156485472646,40.56886357314186,15.83347443465211,1.8032719512195123,2.309405487804878,B0005,319,5440,05440.csv,24,1.5480915247767786,92
327,3066.0,3.515137522009075,2.6983970036642315,4.198353213898968,0.2275911231966178,0.6624284543224661,1.8034084947236912,2.0174325692631547,0.6147651065356566,33.147486361012966,40.27804845768325,15.776074449856253,1.7904269113149847,2.293556574923547,B0005,323,5444,05444.csv,24,1.5323755631868592,93
326,3056.437,3.50830390643132,2.6338485871981514,4.197873789078739,0.23352522351086796,0.6685229821265435,1.8027403040636887,2.017976023705107,0.6156394846208406,33.007275861749356,40.2921849196155,16.026041378501382,1.7898012269938652,2.286064417177914,B0005,327,5448,05448.csv,24,1.5269528268489705,94
325,3048.219,3.509190808443004,2.671566207861818,4.197955644238241,0.23018953113289312,0.6560986104202513,1.7959087273263283,2.016684455267326,0.6242630120504566,32.91990812745461,40.184384347174266,16.035573712016465,1.7830572307692307,2.276516923076923,B0005,331,5452,05452.csv,24,1.5169573017136326,95
324,3039.218,3.5068097579555353,2.6540810507928123,4.197918434710392,0.2320619964935803,0.6578172901995756,1.795435245909757,2.0185074328810417,0.6252844674365714,32.99903328622305,40.320066232195046,16.11145758817611,1.7823969135802475,2.2788734567901234,B0005,335,5456,05456.csv,24,1.511897596014269,96
324,3039.047,3.50609090727422,2.656849703962618,4.197739340034368,0.23177324893998674,0.6524311050742004,1.7893867442508242,2.0206154364574687,0.633010172459049,33.03772281691292,40.336505612651585,16.108291919629117,1.776225925925926,2.269527777777778,B0005,339,5460,05460.csv,24,1.5065638960681105,97
323,3030.375,3.5037157727265953,2.6363048614501152,4.19785490446139,0.23381247270066655,0.6547845463068716,1.7884515415769178,2.0174212119307557,0.6338733874724279,33.07740307192613,40.43267631588412,16.173340981901728,1.775512074303406,2.2710340557275543,B0005,343,5464,05464.csv,24,1.5015453526671363,98
322,3021.0,3.5067479961367156,2.69951692300468,4.197306756122815,0.22817625044492176,0.6392713779236949,1.7816042586946859,2.0224772834102507,0.6424340150968986,33.05467981523988,40.314538591575015,16.08555278481613,1.7686285714285717,2.2619689440993787,B0005,347,5468,05468.csv,24,1.4908444050400238,99
322,3021.75,3.5058813026542324,2.698216006032282,4.197528212001444,0.22833936238255859,0.6355306594350787,1.7753188621341638,2.0179249554704706,0.6496163987691415,33.11570360624461,40.386661855917744,16.112565173909875,1.7624155279503109,2.252496894409938,B0005,351,5472,05472.csv,24,1.485868384561201,100
321,3012.265,3.504168333530808,2.6911707598773864,4.19743662221161,0.22923488661002492,0.6357019972371476,1.774316365086602,2.018486701026112,0.650820274975926,33.12942148982364,40.43384612547835,16.170034126178834,1.7616554517133955,2.250626168224299,B0005,355,5476,05476.csv,24,1.480413677976106,101
320,3002.641,3.5030568931470634,2.690162319231471,4.197717228550219,0.22962412070328475,0.6349740560753863,1.7739323101229758,2.017202918759472,0.6517546907968573,33.130681310493344,40.44479269068758,16.191035130833733,1.760918125,2.24684375,B0005,359,5480,05480.csv,24,1.4752095869031632,102
321,3012.0,3.4982324882487936,2.6355034454892072,4.192454851360723,0.23355982041117498,0.647618039296928,1.7809908306486097,2.017032616337778,0.6432257233392734,33.20069210329718,40.58499656066617,16.240738727658297,1.7679538940809971,2.2595981308411215,B0005,363,5484,05484.csv,24,1.4859035988304024,103
322,3020.11,3.5065859365661325,2.6594753656507684,4.202845001527377,0.233141666355909,0.6670106840098966,1.7879638259714314,2.020648432189961,0.6347436730403643,33.78697527817091,40.99869158762305,15.940464447459469,1.77486397515528,2.279636645962733,B0005,366,5487,05487.csv,24,1.4960918298136696,104
320,3002.172000000006,3.501457140697961,2.644554999824577,4.197952808231904,0.23389076081973664,0.6533245496302373,1.780299388544082,2.018056806197647,0.6442467919526821,33.673365085761986,40.997807625227495,16.147133291223824,1.7672093750000002,2.2570687499999997,B0005,370,5491,05491.csv,24,1.4808005946928984,105
319,2992.703,3.501658387162809,2.6719601666204564,4.198017952345714,0.2314567239719316,0.6416581373089603,1.7731170790561723,2.017916668624779,0.6524940973483503,33.53581811831714,40.84213757482493,16.153684531361645,1.7602087774294677,2.244683385579937,B0005,374,5495,05495.csv,24,1.4697543268466824,106
316,2964.468,3.4966186408455298,2.6598211033173382,4.192162800008929,0.23159789116338525,0.6347476390934408,1.7707046619097417,2.027591717224413,0.655250568309213,33.32269982188509,40.69012464267011,16.245888108856636,1.7579373417721518,2.2366613924050633,B0005,378,5499,05499.csv,24,1.4539012274845928,107
318,2983.375,3.4991645719433246,2.688360455508818,4.196993378341778,0.22983938603487397,0.6265992360146275,1.7601011563823776,2.017344770444764,0.6680517358563886,33.346230327490304,40.69938049882204,16.316565223677046,1.7469314465408807,2.223235849056604,B0005,382,5503,05503.csv,24,1.454146206723569,108
317,2975.297,3.496080777360074,2.6376728619288525,4.197603515102162,0.23463832033648274,0.6399059516696846,1.7656363959382297,2.017072416845675,0.6618426180378949,33.64948900485925,41.06026204078849,16.344915054989198,1.7524485804416405,2.232750788643533,B0005,386,5507,05507.csv,24,1.455023751906683,109
317,2974.9850000000006,3.4959014526387993,2.645120521151077,4.196406678544622,0.23380271282811738,0.6342921064709843,1.758865606625853,2.0179388823247932,0.6688280176098167,33.79269513542102,41.19696040482682,16.345529219404302,1.7461230283911675,2.222328075709779,B0005,390,5511,05511.csv,24,1.449042163761236,110
316,2966.25,3.497586979902671,2.698012437629632,4.197098662004674,0.22950556866575983,0.6202681472588618,1.7517161303689361,2.029098489464331,0.6770407760388341,33.52446663707275,40.84446688602949,16.251346629728502,1.738956962025317,2.211481012658228,B0005,394,5515,05515.csv,24,1.4386709371480566,111
315,2956.359,3.4956989619989507,2.6928942772989077,4.196909312093871,0.22997787523358276,0.6196960583826847,1.751329545286535,2.025048878675005,0.677860169431853,33.39042251934235,40.764203830749366,16.379186216446033,1.7381968253968259,2.207726984126984,B0005,398,5519,05519.csv,24,1.433445432156979,112
315,2956.344,3.492875380810072,2.6483923655058113,4.197105220217278,0.23378302547155916,0.6274203346032108,1.7512146419396462,2.0170494375017745,0.6778637436789006,33.67370212742761,41.11212504270441,16.466972088182118,1.7382063492063495,2.209780952380952,B0005,402,5523,05523.csv,24,1.4333958900838095,113
315,2956.406,3.49551076423368,2.6832134764261997,4.196244829545076,0.23062957343481508,0.6199396996379707,1.7446714395475946,2.017587381204539,0.6848904297582487,33.91080564765892,41.27256611507568,16.3396929755883,1.7318571428571432,2.203831746031746,B0005,406,5527,05527.csv,24,1.42806487344776,114
314,2947.266,3.4942333590450834,2.684960445221862,4.1968026018066595,0.23088390043863471,0.6187994016304348,1.7436703980732875,2.0245398824990146,0.6856979354646391,33.7850680599871,41.15574924454392,16.350756107457627,1.7309961783439491,2.20003821656051,B0005,410,5531,05531.csv,24,1.4229203181741186,115
313,2937.984,3.491197414255986,2.669922120529456,4.196227405416926,0.23229653661713232,0.6179744894751926,1.742586639640644,2.01689808000431,0.6865929751072052,33.61126807392732,41.03237216951879,16.45379439254465,1.7301079872204475,2.1924600638977636,B0005,414,5535,05535.csv,24,1.417429032731308,116
312,2929.125,3.4889094081576237,2.664105530655056,4.196558172556389,0.23292648231334642,0.617031691641539,1.7420413740670528,2.0197651300783948,0.687505691566351,33.45598581472246,40.937269906716935,16.579459605000633,1.7292948717948724,2.1887499999999998,B0005,418,5539,05539.csv,24,1.412409228794446,117
312,2928.454,3.487376295811431,2.634098605983684,4.196870541112335,0.23539887207666607,0.6235614424019968,1.742181032221019,2.0182280835485455,0.687538016943258,33.723267448788484,41.240704611971786,16.62395360828572,1.7293070512820516,2.1849006410256413,B0005,422,5543,05543.csv,24,1.412578792940193,118
312,2929.375,3.491994243745711,2.68378702970616,4.196795527524874,0.23108854744939497,0.6159420020551165,1.7358994681512463,2.0178512019397976,0.6944616604006627,34.050076369857344,41.43649987692296,16.407221824843003,1.7229128205128206,2.1879262820512824,B0005,426,5547,05547.csv,24,1.4075983731469897,119
314,2946.031,3.491585878898649,2.660031949282934,4.189287343772767,0.23180346075829492,0.6333956184408795,1.7568416780989415,2.017223089332264,0.6716141949745494,33.889346908026745,41.16703904201915,16.007544851372753,1.7437579617834393,2.228859872611465,B0005,430,5551,05551.csv,24,1.4333920485221476,120
315,2955.438,3.495576227046425,2.650011641082063,4.201144545237731,0.23434594414669582,0.649259135954039,1.7573416780114148,2.0257290511470427,0.6705340304629849,34.067648550088656,41.36216559728765,16.15001469518194,1.7445434920634921,2.2300666666666666,B0005,432,5553,05553.csv,24,1.4382550176792908,121
313,2937.625,3.4938988589692483,2.6936969083341418,4.196925753814179,0.22991162204202656,0.6233106337739467,1.7428335857439643,2.01734921830549,0.686699579770391,33.75168100943646,41.02198772703674,16.169978705117995,1.7301233226837063,2.205073482428115,B0005,436,5557,05557.csv,24,1.4173547174485526,122
312,2929.078,3.49159162968384,2.697073130067154,4.196901090271507,0.229697214533848,0.6146512802909343,1.7353504197544476,2.016959683770622,0.6944284081835843,33.46482299584788,40.78818812957494,16.312234344673218,1.722869871794872,2.188285256410256,B0005,440,5561,05561.csv,24,1.406981663677643,123
311,2918.375,3.4885729299834787,2.6806995515145213,4.196688955833435,0.2312516253047148,0.61458185240717,1.734492159826255,2.0173176445033945,0.6953424822644083,33.40210697922146,40.81506138506309,16.469841981032307,1.721991639871383,2.1841414790996785,B0005,444,5565,05565.csv,24,1.4012037783587623,124
311,2919.812,3.4869021151089825,2.6695398084864568,4.196339302740304,0.23209353799352606,0.6117950498587672,1.7281729028527344,2.0174893103299003,0.7022316077780136,33.410688917712235,40.858374219876424,16.53174367696452,1.7155742765273314,2.175704180064309,B0005,448,5569,05569.csv,24,1.3967008232726328,125
309,2900.422,3.4855485210036417,2.671695307817951,4.196181412764837,0.23241327259559016,0.6131843492407887,1.7327380581794602,2.0162082324346313,0.6972377722265789,33.38984948261314,40.839876773287166,16.55959512338682,1.720211003236246,2.181197411003236,B0005,452,5573,05573.csv,24,1.391284788852726,126
309,2901.375,3.4838912547260388,2.661289185949965,4.195770804194879,0.23297198966112073,0.6101947232047142,1.7261256572869232,2.0178551648279797,0.7040151021068305,33.3700433438796,40.85376069244676,16.614737295186835,1.7137210355987056,2.1703430420711975,B0005,456,5577,05577.csv,24,1.3862287677978349,127
309,2901.187,3.483198941484065,2.667817533540102,4.195456241846729,0.23238568201232243,0.6043654033642092,1.7195921297098775,2.01649929452358,0.710594941844678,33.27215987470977,40.74795214258888,16.624455012830428,1.707247249190939,2.162854368932039,B0005,460,5581,05581.csv,24,1.3804366761974138,128
308,2891.64,3.4836274447098883,2.684008069130594,4.19654355365607,0.2313734885832896,0.6024829696846674,1.7186729733031645,2.0162911974216766,0.7115856854453628,33.222444215660225,40.68794001196382,16.634933596517826,1.7063266233766237,2.1605909090909092,B0005,464,5585,05585.csv,24,1.3752364150256224,129
307,2882.906,3.480172442538601,2.6585256208771644,4.194357133255019,0.23326911304838635,0.6032491734697443,1.7177612585976265,2.0164165307282076,0.7126205209603629,33.26207748383125,40.7810749453613,16.718211742594967,1.7053752442996744,2.1558241042345276,B0005,468,5589,05589.csv,24,1.3705128024895008,130
307,2883.265,3.478452148610975,2.6372250579822927,4.195863681881766,0.2352950945893389,0.6070516715951135,1.7177329322613766,2.0166833595676397,0.7124313037276296,33.312029905516525,40.88159339768709,16.795206377160195,1.7053543973941372,2.1558631921824105,B0005,472,5593,05593.csv,24,1.37050855662704,131
307,2882.969,3.4785782556105507,2.6514257735606432,4.1955845546644195,0.2340977087570062,0.6013697623637988,1.7110353118434487,2.0156447128046424,0.7190538318519245,33.25287943255863,40.81191473576834,16.802633263573593,1.6988234527687298,2.1491205211726383,B0005,476,5597,05597.csv,24,1.3647355108681518,132
308,2891.656,3.4825195584604582,2.676384659108382,4.188483624251573,0.23034124024835753,0.6032330911343138,1.7185210755483786,2.015672372070857,0.7116002030602223,33.745054045019884,41.11793533148924,16.398389801765447,1.7063551948051954,2.1677142857142857,B0005,480,5601,05601.csv,24,1.375392016895762,133
309,2901.25,3.4886823636752826,2.6949138502817815,4.200346502821317,0.2308905628595243,0.6199157838842582,1.726125961990839,2.01575998810726,0.70406823889181,33.88841975386692,41.248795355864885,16.405715416050413,1.7137249190938513,2.1825533980582525,B0005,482,5603,05603.csv,24,1.3861115151535393,134
308,2891.703,3.4858502383832755,2.6973343716306273,4.1981749992980655,0.23006365836911544,0.6057331831656163,1.7120885729908761,2.016014837696764,0.7180955673190298,33.7353756996425,41.16242984455477,16.581425997164004,1.6998305194805197,2.155737012987013,B0005,484,5605,05605.csv,24,1.369850003583894,135
307,2883.016,3.478794177297151,2.642540259937964,4.195715092938243,0.234539964953235,0.6063835275759546,1.71106364626804,2.0165238233233063,0.7190570379830655,33.59131052719714,41.16437554618679,16.824088857786005,1.698824104234528,2.148319218241043,B0005,488,5609,05609.csv,24,1.3647827949260758,136
306,2873.453,3.4812826020756744,2.699226257883075,4.195755769877104,0.23000230068762623,0.5934674468406191,1.7035375089466078,2.0182163733141314,0.7264082658567215,33.32366688599416,40.864216180205034,16.834078143384914,1.6913673202614383,2.1372908496732026,B0005,492,5613,05613.csv,24,1.3543220466259964,137
306,2874.031,3.480352041587074,2.676480329780849,4.195911764444989,0.23172972042677714,0.5988905507983389,1.7036071702962703,2.016150778973011,0.7262019250374426,33.691961507697364,41.25434553511566,16.852627247164698,1.691388235294118,2.1406960784313727,B0005,496,5617,05617.csv,24,1.3546417018378962,138
306,2874.234,3.4781127815565127,2.642142168479886,4.195824004004723,0.23459878147822366,0.603511795595487,1.7035685717882711,2.0176181286216193,0.726374550595392,33.887639684793655,41.45023191903855,16.802419719130263,1.6913130718954248,2.1409869281045752,B0005,500,5621,05621.csv,24,1.354703921319241,139
305,2864.984,3.4765867130506125,2.644725254926797,4.196258226051591,0.2347241579902606,0.6007581066213077,1.7024649079473726,2.017297732143782,0.7274936186035834,33.67308060941856,41.27708509224051,16.86992626932048,1.6902859016393441,2.1371901639344264,B0005,504,5625,05625.csv,24,1.349314997503458,140
304,2855.093,3.4733769291841643,2.632270655366611,4.196612664794988,0.23613516344527885,0.5997892036329304,1.7015205789200152,2.017223266913469,0.7284124959732013,33.411988203265814,41.06460515498328,16.992861173350615,1.6892256578947367,2.1326644736842106,B0005,508,5629,05629.csv,24,1.3441891937970554,141
304,2855.625,3.4726366397371136,2.6391006118876117,4.195850781215982,0.23522618557771557,0.5940151059088774,1.6950971191972488,2.0197342717689364,0.7345611096739674,33.29926524979532,40.99284868101728,17.119459396598053,1.682721710526316,2.1191578947368424,B0005,512,5633,05633.csv,24,1.3389913790695755,142
304,2855.594,3.473439372740961,2.637841830893275,4.1960023929619235,0.23518545064249638,0.5966575791652304,1.6951381657999567,2.016896104476736,0.7347721783758081,33.59980731390034,41.29040553417739,17.11552679572819,1.6827921052631583,2.1207006578947367,B0005,516,5637,05637.csv,24,1.3389145230206971,143
303,2847.437,3.4754777099091454,2.668286095904868,4.196207586734141,0.2330705684131052,0.5926285476976831,1.6938434166682605,2.0199925086996786,0.735613407109479,33.61961195858585,41.22740227746052,16.94107875320008,1.6816818481848186,2.119993399339934,B0005,520,5641,05641.csv,24,1.3340066759761655,144
303,2847.36,3.4722884821666766,2.6490198126838553,4.195534582569042,0.23449144193469523,0.589673621354466,1.6870685008325677,2.016745074407458,0.7418705913426481,33.3945201718652,41.04619550953222,17.033092779215078,1.6750389438943896,2.112346534653465,B0005,524,5645,05645.csv,24,1.3286444309174914,145
302,2837.328,3.471373665098864,2.664058512378051,4.1957439573980455,0.23373399463291314,0.5852361078688118,1.686176897624517,2.0163628111205263,0.742747592613886,33.16734508187535,40.85874389007758,17.143683343394873,1.6739410596026492,2.1077582781456954,B0005,528,5649,05649.csv,24,1.323170899227622,146
302,2837.281,3.4726160162875095,2.6883611693898826,4.19586805747139,0.23171395163508182,0.5796051499574304,1.679631387412014,2.0162121238671036,0.7486911075587083,33.10962161613893,40.79196924883506,17.21494663380883,1.6674006622516557,2.096390728476821,B0005,532,5653,05653.csv,24,1.3181691588445197,147
302,2838.515,3.4738146874457896,2.6869753836302124,4.195347750909715,0.23145531755475657,0.581868265320352,1.6799130549815409,2.0168197393548124,0.7488533717853918,33.46501751186519,41.14127834456325,17.181400036546375,1.6674417218543047,2.0981291390728476,B0005,536,5657,05657.csv,24,1.3184664436640334,148
301,2828.328,3.4701426486639693,2.6507536817766586,4.196065828878837,0.23472522386577244,0.5889967883460976,1.6852915714728478,2.0187637742643867,0.7438768164764807,33.4426191014044,41.14429319149828,17.176490366648455,1.6729408637873755,2.104328903654485,B0005,540,5661,05661.csv,24,1.318293040102702,149
302,2838.265,3.467523652225441,2.6646322789106516,4.184534803011309,0.23031267169577163,0.5822221223334672,1.6864392611782657,2.016191969154752,0.7428319626634493,33.037928170775885,40.66184230912503,17.067488373971276,1.6740403973509934,2.106877483443709,B0005,544,5665,05665.csv,24,1.323872422244268,150
305,2864.547,3.4767525840839255,2.6400211837268666,4.201240476440081,0.2357905002938203,0.6233127153755573,1.7159024738365054,2.021651287065962,0.7147439225571014,33.4949493613756,41.04669454497069,16.80901297546482,1.7034465573770496,2.152160655737705,B0005,547,5668,05668.csv,24,1.3601216766554785,151
303,2846.39,3.4758956827369127,2.674198661305034,4.195703567262997,0.23179732230772576,0.6017289223978293,1.7008216421492013,2.017592416950431,0.7293490278732818,33.491363029025784,41.0462053156659,16.878831157267893,1.6882508250825083,2.1242673267326735,B0005,551,5672,05672.csv,24,1.3395306867947354,152
302,2837.969,3.475812179626641,2.696427051131168,4.195744519551191,0.23021012193362905,0.591469779333011,1.692959623824647,2.0171105982760715,0.7367700122619931,33.329808599922345,40.8683026432256,16.880907780114505,1.6805913907284769,2.1110662251655627,B0005,555,5676,05676.csv,24,1.3290286565120697,153
302,2838.156,3.4746554404904435,2.6928340297696836,4.196363050482315,0.23072335808814126,0.5875933783856171,1.6862374025220268,2.0165753451036377,0.7427756192144795,33.27302769298771,40.85283588259973,16.976331560766262,1.6739662251655631,2.099188741721854,B0005,559,5680,05680.csv,24,1.3236741274998955,154
301,2829.843,3.472301781313945,2.681747855329962,4.1957929878569455,0.23174255819209505,0.5864052811502449,1.685131143949628,2.0157688095228656,0.7437386119488855,33.229879126701434,40.85270645265791,17.052224205928912,1.6728817275747505,2.093039867109635,B0005,563,5684,05684.csv,24,1.318633896753293,155
301,2829.625,3.4729305773503527,2.696791414385091,4.195797286482793,0.23047543951511298,0.580863386174221,1.678558960713055,2.016274841649268,0.7497527985378388,33.20860833999321,40.8263251809212,17.073884711003092,1.6662524916943522,2.085581395348837,B0005,567,5688,05688.csv,24,1.3134751321324272,156
300,2819.437,3.4696192030612285,2.664695973142795,4.196349384378125,0.23353601601650412,0.5873261588983416,1.6840474088907802,2.016821101865832,0.7449043048958416,33.236115055926255,40.90308836809665,17.13240503208761,1.671814,2.0900600000000003,B0005,571,5692,05692.csv,24,1.3132020634442203,157
300,2819.579,3.470018470757559,2.679191623358613,4.195609431921248,0.23228852507704875,0.581278083960366,1.677449503040883,2.0165933442123594,0.7507201142394083,33.18660088296571,40.84337405460518,17.144633756028966,1.665160666666667,2.08167,B0005,575,5696,05696.csv,24,1.3077959946944353,158
299,2810.672,3.470762691935286,2.699983457940659,4.195339917236225,0.23080195134591147,0.5775154600147654,1.6764769465467926,2.018075144841628,0.7517330528835424,33.174058099115534,40.81792110626284,17.136595173963784,1.664084949832776,2.0771438127090303,B0005,579,5700,05700.csv,24,1.3030329186405918,159
299,2811.485,3.468111467035994,2.666300786624286,4.1954020570061195,0.23331018641197837,0.5823148465322241,1.6763557084011527,2.018091528339797,0.7519156881213356,33.253984518546055,40.946993847659506,17.193506729456985,1.6640849498327759,2.0771337792642144,B0005,583,5704,05704.csv,24,1.3033573559038203,160
298,2802.422,3.4648625780221494,2.6308501373847837,4.195685302232799,0.23628874196780142,0.5886457527209732,1.681903812546276,2.0177167019715503,0.7468204737683256,33.3198093248819,41.07493805830632,17.283869942518617,1.669631543624161,2.0838758389261742,B0005,587,5708,05708.csv,24,1.3034100438655642,161
298,2801.625,3.467864133752208,2.673348140468748,4.195561297751176,0.23302321568608478,0.5806518859596461,1.6751538331374711,2.0160479224870884,0.7527506827263925,33.33765795318198,41.02476444658572,17.187167414624017,1.6628946308724832,2.0770704697986577,B0005,591,5712,05712.csv,24,1.2978870806495706,162
298,2802.031,3.464021404592563,2.632763831012711,4.196066962029683,0.23624354348512958,0.5851632077532081,1.6753870332687708,2.017067096348242,0.7525779859252639,33.29076744042025,41.06214198725253,17.31087096313411,1.6628986577181208,2.073318791946309,B0005,595,5716,05716.csv,24,1.2980735056918902,163
297,2793.39,3.4664623858156745,2.6687371180046218,4.196640912532072,0.23372068251081674,0.5810804106453178,1.6745175551626736,2.018208092691312,0.7536990836142821,33.27568841807217,40.98366325567302,17.24223911400345,1.6617986531986533,2.07316835016835,B0005,599,5720,05720.csv,24,1.293463613844243,164
297,2793.39,3.46850906693551,2.696396337945361,4.1956235749123225,0.23140291455171785,0.5744325420586254,1.6675147261111667,2.018933300007017,0.7597499398316081,33.32067807371405,40.98234242711097,17.17836390863123,1.6550861952861953,2.064188552188552,B0005,603,5724,05724.csv,24,1.288003392619118,165
297,2792.485,3.466806213058136,2.679483486292519,4.195862008850563,0.23283528586038776,0.5766769039441599,1.6675463612314736,2.023790681896976,0.7599494093003731,33.37314972896719,41.06375085817118,17.214629087918496,1.65510303030303,2.0627171717171717,B0005,607,5728,05728.csv,24,1.2874525221379407,166
298,2802.016,3.471070722008039,2.6787137407179737,4.18482689434833,0.23018035235448409,0.5894619209045402,1.6889369086237116,2.017308526034403,0.7406357353840045,33.71351889594897,41.047029587744966,16.112924765882955,1.6764295302013426,2.107459731543624,B0005,611,5732,05732.csv,24,1.3090153642307354,167
300,2820.39,3.475472204020004,2.655378369801326,4.201968615940368,0.2359864959610258,0.6120312271787025,1.6980469256755544,2.017696449416675,0.7326261071163669,33.86531768239223,41.051007697556734,15.957710564427973,1.6852640000000003,2.12023,B0005,613,5734,05734.csv,24,1.3250793286429356,168
197,3690.234,3.556946061827572,2.4757677568281857,4.179823027658306,0.22659516743494118,1.704031850505261,1.9905377543149845,2.015537581193984,0.20201141652623167,32.142777859921516,39.16298653238707,14.885419022055185,1.9788233502538073,2.650081218274112,B0006,1,4506,04506.csv,24,2.035337591005598,1
196,3672.344,3.56147580138708,2.35152551190002,4.177288238505559,0.232007656013251,1.8257627266055394,1.9902775421457088,2.0149020169266376,0.20242633247183914,32.29307515705474,39.2462026826329,14.597592064472941,1.9786683673469385,2.655775510204082,B0006,3,4508,04508.csv,24,2.0251402460314116,2
195,3651.641,3.5667524696413215,2.4404797151065436,4.1781213228922995,0.22412437745286967,1.7373157554917453,1.9899467848963859,2.014434345552428,0.2029938816642971,32.24414709253608,38.999202460252846,14.29514474122907,1.9785333333333333,2.6617999999999995,B0006,5,4510,04510.csv,24,2.013326371345464,3
194,3631.563,3.5687953371516272,2.4791558539003917,4.1785623580417175,0.22155083245773097,1.699214638184257,1.9896029706719567,2.0142051662535234,0.2035012085579055,32.14711742429942,38.843627771866515,14.193124671410434,1.9784103092783505,2.6641443298969074,B0006,7,4512,04512.csv,24,2.0132846655407413,4
194,3629.172,3.563970503289941,2.280187848173442,4.17824995156942,0.2356432072684506,1.8978278042338173,1.9895483606575701,2.013995769332238,0.2033186000179061,32.06687277315468,38.97798888258284,14.343782682671154,1.9784381443298968,2.659417525773196,B0006,9,4514,04514.csv,24,2.000528337624771,5
195,3652.281,3.5735512387791406,2.4392842568466446,4.193216523251186,0.2260594614480044,1.7539322664045414,1.9901040351037365,2.0151519685741275,0.2028160928599146,32.03447836207717,38.83989920742278,14.496499603062826,1.9786574358974363,2.6672923076923074,B0006,11,4516,04516.csv,24,2.0138990759931645,6
195,3650.828,3.5711391343785897,2.2812068449406446,4.193732603145628,0.23657745407695102,1.9124724442485794,1.9900886222380374,2.0145081864690626,0.20267701151353956,32.11157496697372,39.04610837498471,14.61516198554003,1.9786112820512822,2.6654256410256414,B0006,13,4518,04518.csv,24,2.013101105626967,7
191,3572.453,3.5681507462163036,2.366410527029613,4.176826628115461,0.22749933563365637,1.8104161010858482,1.9891170520197212,2.0146816699579064,0.20501892649466744,32.112576242471775,38.87507521022778,14.224639738796085,1.9781267015706805,2.662795811518324,B0006,15,4520,04520.csv,24,1.96878982627284,8
190,3550.594,3.5692834155812436,2.436020049578708,4.176369138969733,0.22314682772269265,1.7401484744421336,1.9892116643905464,2.015071955488147,0.20523988331929136,32.03566207329278,38.7260539826455,14.161077074102831,1.9779873684210525,2.6642578947368416,B0006,17,4522,04522.csv,24,1.9681661764334244,9
190,3551.25,3.563388513484579,2.1864377487643725,4.176897989902666,0.24088737299974913,1.9904602411382935,1.9891927045376199,2.0155176072270926,0.20541263510948593,31.99527968872302,38.98629728904917,14.460863042368572,1.9779642105263158,2.6590000000000003,B0006,19,4524,04524.csv,24,1.9572307917560536,10
189,3530.25,3.566658719765511,2.3406023605912454,4.177579509962451,0.2293605001947798,1.8369771493712053,1.9891317699701738,2.014079047237871,0.20600307527378955,31.874127571841353,38.65978861919643,14.24774098008703,1.9779439153439156,2.6606031746031746,B0006,21,4526,04526.csv,24,1.9455991514129352,11
187,3491.016,3.5687035970122842,2.4263021374140443,4.177996110793395,0.22510485124251942,1.7515685408810606,1.9887805507702212,2.0134697854511865,0.2071389883620146,32.120959708576166,38.84979195732924,14.183724388640751,1.977655614973262,2.662352941176471,B0006,24,4529,04529.csv,24,1.9347505044841131,12
186,3470.281,3.569207084156356,2.4753697700007034,4.176316409477926,0.2222086735795376,1.700754723185756,1.9887320866401275,2.0148749194363664,0.20785379099075307,32.11021168908644,38.75128344015104,13.91798085591655,1.9775182795698925,2.6636182795698926,B0006,26,4531,04531.csv,24,1.9232799539368028,13
186,3470.0,3.5659271296109383,2.342364523655007,4.1779924550101715,0.23053100445580985,1.8354196716904556,1.9887200290368634,2.0144081790374893,0.20776622966478636,31.989061278918154,38.76853764058789,14.137887545501862,1.9775139784946238,2.6609301075268816,B0006,28,4533,04533.csv,24,1.911889930948487,14
185,3450.297,3.5612417270649486,2.188400081882664,4.177439981618572,0.24101103358719664,1.9886624437959526,1.9887874042287874,2.014472686005532,0.20826268455814256,31.878814448635442,38.84686112344348,14.38494548416326,1.9773881081081082,2.656816216216216,B0006,30,4535,04535.csv,24,1.9010667141979305,15
184,3429.407,3.557881987836072,2.1206980945954057,4.17561570814845,0.2451908965651469,2.05479117997795,1.9885910895930397,2.0146756268214814,0.20860366122429952,31.767450711024402,38.8658897816528,14.597168668511582,1.977279347826087,2.653130434782609,B0006,32,4537,04537.csv,24,1.8891989948061456,16
183,3409.484,3.56282437243777,2.369981457799298,4.177602520456299,0.22962078821623072,1.807384866913197,1.9884996811951434,2.015931347705288,0.20953477019261268,31.78991634963658,38.647578733807656,14.292860582139127,1.9771781420765027,2.657338797814208,B0006,34,4539,04539.csv,24,1.878278372248849,17
182,3390.422,3.559195328016863,2.247991649924625,4.176354539745044,0.23690564233983327,1.928362889820419,1.9883511225658228,2.01432419683381,0.20994384101713823,31.82883467218067,38.79218188173866,14.407922850132987,1.9770472527472525,2.6534615384615385,B0006,36,4541,04541.csv,24,1.8675697161520208,18
182,3390.281,3.5580906165580983,2.4115317107898875,4.177450270459645,0.23312956407389024,1.2926801078919667,1.9774549866256104,2.015920256743369,0.2562192660865781,31.890449470827843,38.77022223929529,14.304349588863694,1.9660538461538462,2.6421263736263736,B0006,38,4543,04543.csv,24,1.8675892574453767,19
192,3591.734,3.565899462157853,2.2033558468593775,4.174584178175673,0.23728308706091558,1.9712283313162953,1.9892449305971969,2.0202081897757225,0.20441907733581763,31.51177053595285,37.54320599748628,13.031594284562697,1.97821875,2.6565104166666664,B0006,41,4546,04546.csv,24,1.979626548250818,20
190,3552.297,3.570814209348872,2.35887751155593,4.175224020262452,0.22637823643619276,1.816346508706522,1.9890474874073771,2.0141161810049812,0.20564686643947203,31.874488497680712,37.90362577530197,12.993038242364971,1.9779547368421049,2.662689473684211,B0006,45,4550,04550.csv,24,1.9575499080884025,21
189,3531.578,3.5666817833633124,2.218672914041916,4.177217300859919,0.23523255201916138,1.9585443868180028,1.988682950523383,2.014039356997488,0.20602952695104126,31.53911453638972,37.6701605139887,13.10009245997168,1.9778169312169307,2.660365079365079,B0006,49,4554,04554.csv,24,1.9458150170787551,22
187,3492.907,3.5668392745025836,2.339723057947995,4.176681511062203,0.22818303668033876,1.8367914562540566,1.9885503931265138,2.014851230713757,0.20727753522704145,31.220866832188786,37.34166959188387,13.11609568647653,1.977594652406417,2.659668449197861,B0006,53,4558,04558.csv,24,1.9242461121680097,23
188,3511.594,3.5710519693928755,2.3997508208942735,4.190384318239257,0.22808095359353747,1.7902563950369634,1.9885639445355097,2.013606338093071,0.20649979709319166,31.119005145018026,37.28979017254232,13.250644183995949,1.9776755319148933,2.663840425531915,B0006,57,4562,04562.csv,24,1.945981133142164,24
184,3431.937000000006,3.5666308474029793,2.491410879472442,4.176973413125379,0.2212894327353361,1.6855625336529365,1.9880563928902786,2.014324216253238,0.20878760829678894,31.033244078156734,37.16794481484507,13.152201221838041,1.9772206521739129,2.6591521739130433,B0006,61,4566,04566.csv,24,1.901407930553079,25
184,3431.125,3.5527392240854914,2.1387303309558976,4.1734521552365464,0.24828702085454257,1.4065251661443852,1.9772969675547487,2.0138293357975146,0.2550510279652047,31.001249222460967,37.51577848501052,13.611965056859976,1.9663858695652174,2.636086956521739,B0006,65,4570,04570.csv,24,1.878674213680085,26
183,3412.406,3.5560959755046615,2.346064498302046,4.1764585468168685,0.2356923295078428,1.340485731901612,1.9771693646864965,2.022139165928567,0.2558583155228212,30.921434744041356,37.24165964092258,13.424772542613457,1.966187978142076,2.63872131147541,B0006,69,4574,04574.csv,24,1.868306132826422,27
183,3410.688,3.5504500858303394,2.327337743316428,4.17626102066065,0.24126686809511927,1.2478663855095409,1.9660409689641987,2.019521715890847,0.29451964671006425,30.929360248207214,37.27233216178077,13.509747898487863,1.9552841530054645,2.620950819672131,B0006,73,4578,04578.csv,24,1.8560244070083,28
183,3410.718,3.546007083640312,2.4863117233366316,4.172855540858831,0.23609522141797623,1.0957396322742219,1.9446151093535715,2.0145859231710013,0.3586892049903087,31.00810965793079,37.207134503019795,13.429206860850705,1.9334426229508193,2.5915628415300547,B0006,77,4582,04582.csv,24,1.8451997961855775,29
182,3392.719,3.554257954720065,2.2921663510920895,4.1881878017349035,0.24338241655362294,1.3686272148890724,1.9769353023702758,2.01454229289152,0.2565992948918274,30.96779499306422,37.49607769896255,13.730409903246443,1.966032967032967,2.635472527472527,B0006,81,4586,04586.csv,24,1.857228890885317,30
371,3470.672,3.555857469677978,2.434300686181212,4.189991619197343,0.22108351984586955,1.755500338108671,1.9997552547832569,2.015096988943597,0.1472028740367492,31.10097217303459,37.250073961181094,13.50456248639425,1.9882900269541781,2.6473207547169815,B0006,85,4590,04590.csv,24,1.9247760889090637,31
365,3414.109,3.5537306734803207,2.472619908000758,4.186982490201218,0.22399671363615298,1.2681721222582287,1.988435645814164,2.0246589334484746,0.20930169353012182,31.307368922041046,37.39699052067588,13.201269939577234,1.9771358904109588,2.633427397260274,B0006,89,4594,04594.csv,24,1.8822317526092551,32
363,3395.219,3.5452650003621513,2.403422072720937,4.1864831065416155,0.23247375361023512,1.212477629402216,1.9771310999966942,2.014540253971324,0.2563264313075085,31.131339987164562,37.2852066420257,13.311728840723038,1.965976859504132,2.615388429752066,B0006,93,4598,04598.csv,24,1.855276687885587,33
362,3386.0,3.538408778928339,2.4006679782182205,4.187721936001791,0.23657365587292947,1.1542434253172345,1.9657121749650674,2.0140910758505797,0.2955907514320496,30.828713779105055,37.080390421974414,13.560232638780427,1.9548204419889503,2.5974806629834255,B0006,97,4602,04602.csv,24,1.8392508917181876,34
360,3368.187,3.5297688311332673,2.3194299432177345,4.184171356892756,0.24424941923057167,1.122255798312299,1.954259908493909,2.0132183154407977,0.3305619258645819,30.761533072057244,36.98024266357476,13.450809772044668,1.9434838888888888,2.5765,B0006,101,4606,04606.csv,24,1.8185396073994429,35
360,3368.266,3.5300676840423306,2.3401731734980076,4.186779863144672,0.2446474752957389,1.1002824239218727,1.9490645317083881,2.0142775706959855,0.3461494162209532,31.30305692941581,37.59874124546701,13.651073529018998,1.9379655555555555,2.567927777777778,B0006,105,4610,04610.csv,24,1.8134770059567056,36
359,3358.719,3.5248882875629555,2.3829603510808774,4.186482965601712,0.24409981280453605,1.048617498406307,1.9373603063774296,2.014866249205715,0.3755932912194258,31.06432144678013,37.33680914521836,13.612138253593553,1.926603899721448,2.5514401114206127,B0006,109,4614,04614.csv,24,1.7971018450305436,37
357,3339.5,3.5190926887152725,2.351855540704836,4.184741677172267,0.24701083360786585,1.0344225352145004,1.931265607613736,2.014036681172477,0.39034767436231294,30.96654665282149,37.39499820465976,13.885324098954971,1.9205871148459384,2.539901960784314,B0006,113,4618,04618.csv,24,1.7810046294120476,38
356,3331.265,3.5151810230271,2.3535104841115886,4.186114015167315,0.248180501704699,1.0121555907642001,1.9254165161128032,2.013562007420154,0.4038178855553746,30.826455697992966,37.35233964342659,14.092751641900907,1.9147432584269664,2.527817415730337,B0006,117,4622,04622.csv,24,1.7710130422682329,39
355,3321.188,3.514029112834162,2.3948058223938364,4.186378094589789,0.24655146399647057,0.9888046125567609,1.9198513516096092,2.0146073733834746,0.4172601474671679,31.080769482413952,37.58677381866742,14.174871745007579,1.9089329577464789,2.5166197183098595,B0006,121,4626,04626.csv,24,1.7604712448170945,40
355,3321.844,3.514139684003936,2.44188584443803,4.185742966026202,0.24414674018020666,0.9580845426848787,1.9087413975281489,2.0156412315711094,0.4411657886887326,31.694287817425337,38.20704456989347,14.213169326281552,1.8977346478873238,2.5037830985915495,B0006,125,4630,04630.csv,24,1.7502913788006589,41
354,3311.828,3.509578354212467,2.391848815367812,4.1849954235358595,0.24857815752130533,0.9541373413854268,1.90276801874341,2.014135597110891,0.45298685184075455,31.875581783696685,38.340431886092745,14.114992758613454,1.8917581920903956,2.492796610169491,B0006,129,4634,04634.csv,24,1.7394925037732578,42
179,3327.391,3.5110708693292705,2.3166154227865463,4.175622772952551,0.25799828167538874,0.9758567163986482,1.9093310200805393,2.013918427729744,0.44011883860882745,31.543288143901563,38.521539672721865,14.589938865057412,1.8985675977653633,2.512284916201117,B0006,133,4638,04638.csv,24,1.7546766553637203,43
354,3312.078,3.5159179315855056,2.4110989960643794,4.191704957733779,0.2463333931364589,1.0017489922646075,1.9306457089007387,2.0164764928559697,0.39194872530536284,31.420983409991024,38.03707160241571,14.235215116695883,1.9199203389830508,2.5359519774011297,B0006,135,4640,04640.csv,24,1.7659390941842177,44
352,3293.172,3.505853407270779,2.4510125175432287,4.185468369564667,0.24465944888405128,0.9354564270642682,1.9071188100787417,2.014424639912736,0.4428347677204695,31.15837149963786,37.93428568772059,14.609240920943552,1.8967727272727273,2.4963892045454545,B0006,139,4644,04644.csv,24,1.7337887419624838,45
350,3275.328,3.5010379345914444,2.471216186082459,4.184201889006967,0.24386408714192448,0.9077430319379975,1.895357624914609,2.0136840343383655,0.46674450600859174,31.15661421699882,37.88470784051604,14.657192331301005,1.8847577142857144,2.4762742857142857,B0006,143,4648,04648.csv,24,1.713325912040734,46
349,3265.016,3.4974076626364967,2.470968641396993,4.185838836583766,0.24494709784455088,0.8962844565317765,1.889289515930022,2.015243276008703,0.47839566157516383,31.206611383963256,38.065368726791895,14.85569765858708,1.87872893982808,2.463630372492837,B0006,147,4652,04652.csv,24,1.7024077813673466,47
356,3328.937,3.5388872766749144,2.4288023941361625,4.1729165619005535,0.23131188059689842,1.2379648820717284,1.9819436190557278,2.014822027548639,0.23678431221333915,33.61169282822636,39.788440481350335,13.185494771268278,1.9711168539325847,2.6103202247191013,B0006,149,4654,04654.csv,24,1.82371946178183,48
356,3329.266,3.5327430295356828,2.3551430866643166,4.186982012423103,0.24214221411645204,1.1735239184762212,1.9653354524512165,2.014147642384201,0.29804523507464725,32.85630077141311,39.212903178007906,13.601536439717815,1.9542286516853937,2.586707865168539,B0006,153,4658,04658.csv,24,1.8081284050314708,49
353,3301.579,3.521214759733266,2.365933525789291,4.186537777937825,0.24555349683837135,1.0883457682076143,1.947074974419259,2.013545732341586,0.3494490754391079,32.210981559158874,38.66937823121345,13.880867009405492,1.936715014164306,2.5573767705382435,B0006,157,4662,04662.csv,24,1.7757610945034283,50
351,3283.563,3.5093111439506677,2.3481961394586457,4.182282350256796,0.24899377647718807,1.014895609165404,1.924171876472179,2.0143501433980724,0.4067688890492981,31.965090081650274,38.5170065164806,14.21796755989579,1.913577207977208,2.519803418803419,B0006,161,4666,04666.csv,24,1.7447409841836798,51
350,3275.125,3.50716091973708,2.46945948630322,4.185961817428056,0.24280577853247837,0.9570624844577829,1.9124874175496662,2.013955993405398,0.43239344250512807,31.744801840189538,38.29250529949152,14.302387770944236,1.9018851428571426,2.502922857142857,B0006,165,4670,04670.csv,24,1.729207034132373,52
349,3265.656,3.500928918686389,2.4666715880697576,4.1836566973224585,0.24340995343165636,0.9240032692684803,1.895029520195036,2.0143598768040447,0.46738895101762173,31.876564068962466,38.52091685291118,14.525501881029658,1.8844647564469912,2.4735787965616045,B0006,169,4674,04674.csv,24,1.7081086552553244,53
349,3266.093,3.4973019898820894,2.4482931262785135,4.184390004467988,0.24572836684936353,0.9069123296775476,1.8837083786913245,2.0146981664689427,0.4888913093946918,32.24289319481841,38.95436345473558,14.656603988902908,1.8730355300859598,2.455965616045845,B0006,173,4678,04678.csv,24,1.6975954237461768,54
348,3257.594,3.4929038301187156,2.4745215382882586,4.184732708741646,0.2442305229339009,0.8751562064162988,1.8716858064147306,2.0150505202774576,0.5096556977569098,32.07305565938816,38.731363854696035,14.625892781988124,1.8611735632183908,2.437537356321839,B0006,177,4682,04682.csv,24,1.6820634524029463,55
347,3248.593,3.488659224822318,2.469127855241356,4.185835940524748,0.245251117403109,0.8628901442294015,1.865490610984191,2.016431910751689,0.5198909528422769,32.030140929891196,38.74827601131975,14.772075688005593,1.855014985590778,2.426706051873199,B0006,181,4686,04686.csv,24,1.6714768322295086,56
346,3238.766,3.4822930804774015,2.4177173347922416,4.185703389994729,0.2493099528019542,0.8585486937735163,1.8592998515524075,2.013961242413253,0.5300532307868653,31.984935871368258,38.84227056628921,15.018070889755826,1.8488052023121386,2.411560693641619,B0006,185,4690,04690.csv,24,1.6607591387047655,57
346,3240.14,3.477575664197982,2.3775131079338427,4.184887437252902,0.25185590971221183,0.8480629458785818,1.8481564914191075,2.0142789765419593,0.5484139851314983,32.23677365476226,39.221381996208315,15.278578417941105,1.8373369942196536,2.391008670520231,B0006,189,4694,04694.csv,24,1.651121015038069,58
345,3230.109,3.4787436506489255,2.443723814618984,4.1845671326128535,0.2477976166589775,0.8282874204170172,1.8415790819015416,2.0170700253976435,0.5580136833627395,32.56097148037261,39.466510899162515,15.00886469802883,1.8310591304347827,2.3845739130434787,B0006,193,4698,04698.csv,24,1.640134925619093,59
345,3229.7810000000027,3.4740152461288862,2.4324278256917147,4.184590722398005,0.24817470095282093,0.812988215536349,1.8297907910631264,2.0153270924031044,0.575235056243686,32.48984985901219,39.352653481724175,15.099728402406306,1.8194347826086954,2.3673565217391306,B0006,197,4702,04702.csv,24,1.629199941616544,60
343,3212.469,3.4718387718772696,2.494085641889116,4.181227276564003,0.24261413170873078,0.7850514409118712,1.817104268059883,2.0264444143525524,0.5930027640181769,32.42612199208859,39.31890647034385,15.204418094891427,1.80672361516035,2.3472215743440232,B0006,201,4706,04706.csv,24,1.6088496302961666,61
343,3213.219,3.463180130644551,2.382347172890769,4.182601669503782,0.25078402581186393,0.7885639745920785,1.8111916679086204,2.014269976996697,0.6010105168060945,32.29984271249387,39.47196886600465,15.54304203394917,1.8008793002915455,2.3328338192419826,B0006,205,4710,04710.csv,24,1.6035244898969248,62
342,3203.578,3.463469391967206,2.406668297987779,4.183991041340736,0.24915606885731173,0.7860044704670868,1.811311276437818,2.0248983473305704,0.6017500789250887,32.610757585145336,39.74009698783903,15.677240389468682,1.8004222222222224,2.330254385964912,B0006,209,4714,04714.csv,24,1.5989712144027983,63
341,3195.125,3.46021805164007,2.4204142690378765,4.182425008087469,0.2490867334276908,0.7660019753552807,1.803806490743987,2.0134062122749032,0.6101520531890412,32.25699351958767,39.03600072360686,14.598357373351533,1.7938815249266864,2.320041055718475,B0006,213,4718,04718.csv,24,1.5876273123575604,64
341,3195.312999999994,3.462574876665621,2.4507845245525193,4.190985194174346,0.2469757994224416,0.7734356654909873,1.7982499291189593,2.014898941623113,0.6179768229727949,32.47193402838835,39.16106395962828,14.859216348154689,1.788001759530792,2.3176920821114373,B0006,215,4720,04720.csv,24,1.5829719744686166,65
340,3186.297,3.4537077937586056,2.3930328819230717,4.181860480163402,0.248853049950836,0.7541210601123716,1.78580087304261,2.014097659688176,0.6334341515285368,32.40219271195367,39.20051799483514,15.08432845500618,1.7756188235294115,2.2912088235294115,B0006,219,4724,04724.csv,24,1.567137636713563,66
339,3176.438,3.4514035349888337,2.3938995980718403,4.183449364094532,0.2492158646717017,0.7486051281516413,1.7850805225230335,2.01648199199959,0.6343837459996637,32.30987415652578,39.15878418316098,15.200877327769199,1.7749634218289088,2.285702064896755,B0006,223,4728,04728.csv,24,1.5613446139713882,67
338,3167.593,3.450781146333252,2.4373294683003053,4.182943907496545,0.24567669681511722,0.7342472284031865,1.7785916660457872,2.014359351341952,0.6423674423126489,32.35440526839345,39.18225956809825,15.220403472575224,1.7684142011834325,2.27503550295858,B0006,227,4732,04732.csv,24,1.551171189279042,68
338,3167.719,3.446105572450592,2.3705330061374523,4.182592999177517,0.24962188792505385,0.7354488868716089,1.7728172928176642,2.016181081460114,0.6495580854343683,32.4731363791227,39.38159156766375,15.349656752144409,1.7625065088757397,2.2648757396449706,B0006,231,4736,04736.csv,24,1.5406741606295171,69
337,3159.077999999994,3.4418152533277135,2.351294851260762,4.1775564354981025,0.2491351218055252,0.7223021594259724,1.760208614752248,2.0224281819207026,0.6641426527717404,32.52334649341759,39.44712875501599,15.392332017254361,1.74993234421365,2.2442967359050443,B0006,235,4740,04740.csv,24,1.5253138744624433,70
336,3148.829,3.445008015985666,2.436845595522602,4.183199732433941,0.24515645977476563,0.7149289195988064,1.7653145274643667,2.015670909853089,0.658164777477661,32.518264823491045,39.40950590627068,15.404652077416934,1.7551404761904763,2.251517857142857,B0006,239,4744,04744.csv,24,1.5301570318067428,71
336,3149.094,3.441164687975023,2.39030487147494,4.183585552184287,0.24787050297865926,0.7121247074789325,1.75938690367356,2.0154336980599203,0.6651496523287126,32.5437072434024,39.48443326993031,15.4962098333373,1.7491755952380952,2.2415565476190475,B0006,243,4748,04748.csv,24,1.524656683447409,72
335,3140.547,3.443620591429828,2.4892160721496315,4.183170360974043,0.24096251553880949,0.6948312722820664,1.7526794612983279,2.014176241235146,0.6726676811790743,32.56222309600736,39.4416762582387,15.466950571437593,1.7424805970149253,2.232925373134328,B0006,247,4752,04752.csv,24,1.5145492986655429,73
334,3131.625,3.439943269617906,2.450611393803655,4.183501501534186,0.24353482853815808,0.6951328162326442,1.7517143152603387,2.0151247064734266,0.673646592624111,32.58978020040808,39.53866201326228,15.566475047669378,1.7416934131736526,2.2287305389221554,B0006,251,4756,04756.csv,24,1.509391504602082,74
333,3121.907,3.43602719305159,2.4111946043456745,4.183243008796117,0.2459685169781647,0.6952093294187689,1.7510543427437684,2.0150071612077523,0.6743880868507957,32.57089563557426,39.5867547936938,15.69003354340093,1.740908708708709,2.2244174174174174,B0006,255,4760,04760.csv,24,1.5039974333050703,75
333,3122.125,3.436309312279291,2.4609139768640715,4.182038001412004,0.2419346998100852,0.6800252668572364,1.738897832675072,2.0158858292130217,0.6875098760181514,32.537854347094196,39.499752884420865,15.650881405406679,1.7288882882882886,2.206984984984985,B0006,259,4764,04764.csv,24,1.4935201918040188,76
333,3121.672,3.430470227771154,2.378420264362521,4.182440318401142,0.24765745345800494,0.6756699703646034,1.7386366169147272,2.0170367841185635,0.6874126065884917,32.65645090520509,39.9686395722832,16.094991025181542,1.7289219219219218,2.201558558558559,B0006,263,4768,04768.csv,24,1.4876323024497422,77
333,3120.86,3.4417311090871063,2.3844697219937414,4.189962701965466,0.25106300976323476,0.728691446306577,1.787082486872537,2.015207980747731,0.632045172578117,33.180785234653264,40.42668250871336,15.972180209625034,1.7769105105105107,2.281807807807808,B0006,265,4770,04770.csv,24,1.5302876214401704,78
331,3103.828,3.4355429213552537,2.448639661640692,4.181214475643097,0.24421421592227432,0.6852347284766269,1.7612939709674549,2.013340550431054,0.6625185365340356,32.71220835503141,40.02451449021777,16.21033406097477,1.751318429003021,2.239350453172205,B0006,269,4774,04774.csv,24,1.5040760088360112,79
330,3095.094,3.4272336842373576,2.362869757217078,4.182157933832856,0.24910541250368617,0.6857845708456596,1.7545734584319284,2.0143052426244057,0.6702555519871066,32.54394388900791,40.02167483360719,16.628261073092652,1.7445387878787877,2.222924242424243,B0006,273,4778,04778.csv,24,1.4887593608730894,80
330,3095.781,3.4307536518687556,2.479712742728869,4.1802491747767325,0.24018287942829186,0.6632955066440336,1.7364714851989516,2.01522796444188,0.6902995946833612,32.6655410721976,40.078211781584145,16.583282114899887,1.7264660606060604,2.1982545454545455,B0006,277,4782,04782.csv,24,1.4782779285546637,81
330,3094.328,3.430880434209888,2.4609902569842412,4.182775550999248,0.2416248362988706,0.6683546943391705,1.7371701742903363,2.0164424024266667,0.6901938590679468,33.160922870564626,40.565789328351094,16.617024401562347,1.726570303030303,2.195630303030303,B0006,281,4786,04786.csv,24,1.478459982215684,82
329,3086.531,3.431984614031654,2.4794507375590507,4.182970513713943,0.24075805090643404,0.6650535871266481,1.735834373498019,2.0141732645976056,0.6909643228530621,33.414445545408455,40.75221353269305,16.446577460462706,1.725651671732523,2.1975896656534957,B0006,285,4790,04790.csv,24,1.473214844899973,83
329,3085.625,3.426913589626702,2.421513989921717,4.182588389688278,0.2439040942095867,0.663486713843128,1.7297519223496336,2.0145333122938633,0.697508246759448,33.3541679486525,40.71162611325717,16.545203590963258,1.7195550151975685,2.1855258358662613,B0006,289,4794,04794.csv,24,1.4675164935067897,84
327,3067.203,3.4220422356705154,2.3927989623544175,4.180388252515709,0.24542766996075066,0.658789902693234,1.7279074368071294,2.0150807231044525,0.6991910065982325,33.13634596100404,40.58721297402195,16.606417419287357,1.7177755351681956,2.179492354740061,B0006,293,4798,04798.csv,24,1.4516292657521337,85
326,3058.157,3.4202687142856667,2.410475236770924,4.182476201666448,0.24489831129108397,0.6510779317189601,1.726921154488644,2.0151017082510445,0.700074108720713,32.92241762841388,40.37035790264624,16.72838423295916,1.7169269938650307,2.1746257668711655,B0006,297,4802,04802.csv,24,1.4519237720967175,86
326,3058.812,3.4248208106770663,2.4915333699239977,4.182567814531136,0.23908593550426918,0.6418008588347521,1.7212033400588393,2.015773418279684,0.7063457700888194,33.20338483123576,40.667923693760464,16.838482471724088,1.7109233128834358,2.166021472392638,B0006,301,4806,04806.csv,24,1.4471484694777743,87
326,3058.578,3.4234990883192666,2.444861994529003,4.182606347806988,0.24193145802730376,0.646952229033027,1.7211548500579925,2.0165661835906454,0.7062879072254995,33.533950654066935,40.990356883952465,16.780510407012216,1.7108981595092028,2.1674509202453986,B0006,305,4810,04810.csv,24,1.4468538105659885,88
325,3049.328,3.4247420964314874,2.4840755398082255,4.183047552179642,0.2397736631429042,0.6403018032583412,1.7200574224369996,2.018144057635402,0.7073947804841111,33.5767934055627,40.99774402817451,16.72452057593344,1.7099932307692312,2.1667199999999998,B0006,309,4814,04814.csv,24,1.4416741930284678,89
339,3177.219,3.450702139255875,2.479017302613424,4.222516216835943,0.250237473470747,0.719406480183542,1.8210499414870156,2.0143333289759338,0.5878723902180896,33.224088400657315,40.77265883698999,16.71448199243139,1.810393510324484,2.3214896755162244,B0006,312,4817,04817.csv,24,1.5935866593100128,90
329,3082.937,3.4480475429907522,2.4820670710190385,4.1909374470770855,0.24326180367661512,0.7316659214570351,1.821446935406101,2.016338466932382,0.5876960128492275,33.37083344726966,40.522204934304625,15.845480554161625,1.8107063829787238,2.3284832826747723,B0006,315,4820,04820.csv,24,1.5463902376915637,91
328,3074.266,3.4399481891896455,2.452449045714353,4.183028520369727,0.24279973577758918,0.6942215534303471,1.7899526443788862,2.0145951136219593,0.6287722600386945,33.43366634309322,40.57746834859555,15.863718711882171,1.7796335365853662,2.2768018292682926,B0006,319,4824,04824.csv,24,1.51470559175661,92
327,3066.0,3.434112914501242,2.4198491932573414,4.1838942747302825,0.24486483039745452,0.6832317039066917,1.7769381660412278,2.0144018884289827,0.6443756633067925,33.28676739403043,40.516963879873735,16.049753133804927,1.7667003058103976,2.2536850152905195,B0006,323,4828,04828.csv,24,1.4989786083335404,93
326,3056.437,3.4325600940363916,2.4706823501191706,4.1839835007856605,0.24147371570402523,0.6647490542627144,1.7640108930619747,2.015270624937178,0.6596774682746238,33.14347737377552,40.34325381638243,16.118602322993393,1.7537288343558282,2.231447852760736,B0006,327,4832,04832.csv,24,1.4831110745410492,94
325,3048.219,3.4270614887575657,2.413759774558071,4.183640209073579,0.24463054330051393,0.6619736390971283,1.7571864995414006,2.015800833534411,0.6676978597082809,33.11021541795579,40.39341126895154,16.279827838742296,1.7468947692307693,2.217843076923077,B0006,331,4836,04836.csv,24,1.4729664825468278,95
324,3039.218,3.427340316812041,2.4562499847243027,4.183387047926521,0.2418542359705371,0.6515674826295696,1.7502861853648675,2.0153848289913054,0.675333178611846,33.18991802149879,40.46341487442664,16.311064025945893,1.7399543209876545,2.2096851851851853,B0006,335,4840,04840.csv,24,1.4627604396099307,96
324,3039.047,3.423482197888437,2.401794655879554,4.18356344388626,0.24502086656543,0.6506034361497379,1.743973921153546,2.017707476586292,0.6822341753195525,33.26265398635676,40.5818264138806,16.3892192476009,1.7337580246913578,2.1972623456790124,B0006,339,4844,04844.csv,24,1.4518364681062514,97
323,3030.375,3.4220957701069374,2.4087687236133313,4.18171248971767,0.24405932801680916,0.6426324764498599,1.7368671582969701,2.0198780169470747,0.6897837526705198,33.299978841087025,40.61670777074496,16.378097915148505,1.726738080495356,2.186699690402477,B0006,343,4848,04848.csv,24,1.4468670644030392,98
322,3021.0,3.421883545422636,2.4308118485818704,4.1832473219705815,0.24286977341458138,0.6376501123003471,1.7360229366477682,2.0197856871193367,0.6907275433832998,33.31663547841367,40.63164766168104,16.440619598988455,1.7259136645962732,2.183130434782609,B0006,347,4852,04852.csv,24,1.441380399427779,99
322,3021.75,3.4195777411151886,2.398886415333129,4.183049768329545,0.2446665273221724,0.6343911613841171,1.7297210104409786,2.015287001210607,0.6973512566768086,33.39150630507064,40.74323383889164,16.516759033542005,1.7197062111801242,2.174552795031056,B0006,351,4856,04856.csv,24,1.431210744960774,100
321,3012.265,3.4175281789596474,2.3814379490849835,4.1830924980863315,0.245722297401989,0.6326672937924096,1.7288007546336817,2.013949066691416,0.6981361664490334,33.41522427488497,40.81715493531611,16.595365705712602,1.7188218068535825,2.1702990654205605,B0006,355,4860,04860.csv,24,1.4260247179525716,101
320,3002.641,3.4197860540725715,2.459885297095542,4.181536580807847,0.24072830824572447,0.6192996689894983,1.7216957440273102,2.015065571425412,0.7057008972546366,33.39690850726103,40.72877617289365,16.510691184969144,1.71168875,2.161678125,B0006,359,4864,04864.csv,24,1.420487649966195,102
321,3012.0,3.4171369298988705,2.4007285025453995,4.172034399629829,0.24106766724218562,0.6132645050644054,1.7228352005659142,2.0151971595728613,0.7047731230966315,33.73731993653,41.45494452672042,17.187949859749434,1.7127171339563867,2.1575700934579443,B0006,363,4868,04868.csv,24,1.4207006230355006,103
322,3020.11,3.4305347141293625,2.472830716079143,4.188427549455566,0.23991735978462067,0.6470440531248407,1.748786563991936,2.0180838913239434,0.6776895899344237,34.08965316576344,41.39678877103747,16.38626546360876,1.7383515527950313,2.2144906832298137,B0006,366,4871,04871.csv,24,1.452255804330839,104
320,3002.172000000006,3.4250844180972875,2.467318928642863,4.181499335679726,0.2395763290712751,0.6240155082902348,1.7345182497801421,2.015157068463395,0.6925158045467315,33.9987286593769,41.36669473718026,16.546854236659332,1.72423,2.182525,B0006,370,4875,04875.csv,24,1.431557632772571,105
319,2992.703,3.4171339862792935,2.3692462667540997,4.179546243153898,0.24514155027152784,0.6235441271651405,1.7271808134437054,2.013917344838714,0.7000238827133731,33.907397114007345,41.37787352037061,16.716104540151548,1.7170921630094047,2.1661974921630094,B0006,374,4879,04879.csv,24,1.415015751158943,106
316,2964.468,3.417521467040602,2.448261859512487,4.18101558225098,0.24118996831184458,0.6154373022599895,1.730597159216869,2.026182069042455,0.6961800078331686,33.70518417605219,41.140956091698214,16.709837776780756,1.7207164556962025,2.1683006329113925,B0006,378,4883,04883.csv,24,1.4097311506517451,107
318,2983.375,3.4181623236680356,2.4598632768748825,4.182667734360821,0.2402325447407621,0.6048568066892481,1.7141556201256136,2.0154806588037197,0.713769009765717,33.7458832944166,41.2168813199875,16.87461166349799,1.7036974842767298,2.1433930817610065,B0006,382,4887,04887.csv,24,1.404917318129309,108
317,2975.297,3.420331935905118,2.497869764845928,4.179947555799937,0.23704110865142294,0.5973006163220522,1.7067863109671502,2.014398878088724,0.7208414875767243,34.01657212624259,41.40391881889191,16.709296037861133,1.6965444794952687,2.1350851735015777,B0006,386,4891,04891.csv,24,1.395164296571563,109
317,2974.9850000000006,3.4192916311692465,2.472236707252471,4.182316086490744,0.23940658854934602,0.5985751486766033,1.7063636381021512,2.015379938834276,0.720844710362304,34.175023374593785,41.586571331198584,16.752777528425693,1.6964075709779185,2.136123028391167,B0006,390,4895,04895.csv,24,1.3945343832614077,110
316,2966.25,3.414352330355796,2.4278749904763077,4.18300582450457,0.24259591259920812,0.5968284195434723,1.7053149763509456,2.024938600791225,0.721833425434306,33.976109677640174,41.43504077863728,16.864006042321563,1.6954037974683545,2.1306930379746833,B0006,394,4899,04899.csv,24,1.3893171179312644,111
315,2956.359,3.412701167144591,2.4275905200235055,4.1825046060820625,0.24259041351261365,0.5933978976575975,1.7046353656612552,2.027018156432659,0.7225430721555794,33.84150372451663,41.37436880579148,17.000580677168777,1.6945047619047622,2.1253079365079364,B0006,398,4903,04903.csv,24,1.3838379472327809,112
315,2956.344,3.410409522809144,2.37337869163978,4.179533028548021,0.24474597793080619,0.5930630074891936,1.698575782177053,2.014779909755338,0.7290183585855321,34.1008464215818,41.66477948989921,17.03584511707691,1.6882679365079367,2.116161904761905,B0006,402,4907,04907.csv,24,1.3736814238195123,113
315,2956.406,3.414419320260644,2.4248604132549767,4.18250512422575,0.2421506300810272,0.5900335133843879,1.69824433155204,2.0151111715849144,0.7287515618375687,34.34663683304219,41.81816829502593,16.909510313443537,1.6881828571428574,2.1187873015873016,B0006,406,4911,04911.csv,24,1.3786059891863676,114
314,2947.266,3.4131710032395315,2.426962848243194,4.1828227593786,0.24261719722918687,0.5863710559769495,1.697124232893831,2.0151664181090267,0.7298100948222105,34.216231530637586,41.686647000781186,16.89974668127442,1.6871496815286628,2.116595541401274,B0006,410,4915,04915.csv,24,1.3737600299108574,115
313,2937.984,3.4107019261975147,2.417287750352038,4.182413969607667,0.24354918786594654,0.582175056865097,1.6959707969888713,2.016248522283907,0.7311075512935267,34.041617020161176,41.565382893773936,17.010446189740406,1.686141853035144,2.1117763578274764,B0006,414,4919,04919.csv,24,1.3682580583942712,116
312,2929.125,3.4089059214760367,2.4185087281747166,4.182451170946608,0.24374441129102337,0.5781499169414626,1.69533939901694,2.015018401452086,0.731890054521196,33.890212870710734,41.46394809540406,17.137523888141544,1.6851794871794874,2.1078525641025645,B0006,418,4923,04923.csv,24,1.3633024037317505,117
312,2928.454,3.4134080258317576,2.480937393224248,4.181305580928812,0.23949329489653753,0.5708904019731436,1.689063706570807,2.014808414619914,0.7377818063462684,34.116762412437,41.6123634180086,17.037064389369835,1.6788750000000003,2.0984102564102565,B0006,422,4927,04927.csv,24,1.35809661401726,118
312,2929.375,3.411221044859532,2.4078214169511205,4.1804870315884735,0.24316811529130378,0.5757258118664135,1.689254941512802,2.0149941642208877,0.7378539634540039,34.490493589415046,42.0075404495327,17.01395711211506,1.678894230769231,2.102355769230769,B0006,426,4931,04931.csv,24,1.353269090999531,119
314,2946.031,3.4155210852213678,2.433234589649132,4.163570261072192,0.23758062010344105,0.5706306699015395,1.7102192011852473,2.014889154962298,0.7174252697264777,34.23744800906639,41.61679232360952,16.451571612616945,1.7000292993630577,2.1353503184713376,B0006,430,4935,04935.csv,24,1.3841605738237488,120
315,2955.438,3.4229838362549794,2.440822893388958,4.190012868765637,0.24182356206913405,0.6037513354014901,1.7302612146468814,2.021897889619746,0.6973693285806507,34.41428886050454,41.80245062827161,16.633101282020455,1.7199250793650795,2.175015873015873,B0006,432,4937,04937.csv,24,1.4051467790651473,121
313,2937.625,3.414757022019347,2.396078253891397,4.182418011462176,0.24452878253982527,0.5829647906581075,1.7152722093432786,2.013990107965066,0.7121617753005012,34.16445180476378,41.653004783464006,16.831566570585284,1.7053041533546331,2.1417571884984024,B0006,436,4941,04941.csv,24,1.378719022627353,122
312,2929.078,3.41435871627236,2.449306948268824,4.182070839014939,0.24191122340111865,0.568667823266432,1.701355119877482,2.0141794769710484,0.7256641483192122,33.877146811272176,41.36061809844917,16.900757048587245,1.691546794871795,2.119301282051282,B0006,440,4945,04945.csv,24,1.3682657783199066,123
311,2918.375,3.4091886698418046,2.384185417166802,4.182701902443236,0.24644620841099862,0.5697362270949129,1.7004563863905504,2.014245767720947,0.7265368649069731,33.839566254190565,41.42815616511055,17.111217215341544,1.6905717041800645,2.1133504823151124,B0006,444,4949,04949.csv,24,1.3573151296618016,124
311,2919.812,3.411930366643558,2.4440756213040964,4.182270325485355,0.24298064387616242,0.5591935631561649,1.6873607733405396,2.013969299900083,0.7384886031504587,33.818304796930946,41.343265645039,17.043907361963043,1.6777163987138264,2.0969067524115754,B0006,448,4953,04953.csv,24,1.3524934638801596,125
309,2900.422,3.4094417183837504,2.4296014294774673,4.182394535290608,0.24430319515549775,0.5598535345902032,1.691961200784779,2.014779898380345,0.7347285295063715,33.812621135472135,41.38118673567723,17.116231054590042,1.6821016181229778,2.099783171521036,B0006,452,4957,04957.csv,24,1.3474099151661236,126
309,2901.375,3.4081896097479882,2.41022288115442,4.182061947471753,0.24571559866572162,0.5557860473927034,1.6853124510181006,2.014211676143238,0.7407257018236469,33.79894614410012,41.378450473707446,17.14440121252274,1.6756323624595473,2.091456310679612,B0006,456,4961,04961.csv,24,1.3370075130842318,127
309,2901.187,3.40737851449911,2.4098927032454966,4.182288987105723,0.24620777882888722,0.5513494046154093,1.6788023481230294,2.0146307921789908,0.7466443851634074,33.702723745621576,41.306600641009794,17.222585810041434,1.669153398058253,2.0804304207119744,B0006,460,4965,04965.csv,24,1.3312352966718526,128
308,2891.64,3.4085862639015,2.453938411405305,4.179662143533188,0.24348214975356178,0.5429816836513321,1.6712234371153531,2.013369705800471,0.7534012292601403,33.63562651984647,41.20408103671912,17.171336617025453,1.6616019480519482,2.070675324675325,B0006,464,4969,04969.csv,24,1.3259303781727645,129
307,2882.906,3.404843616147767,2.3940396792395253,4.181392635232333,0.2477063572341243,0.5477439603431891,1.676926820246207,2.0139825284473383,0.7486485013416444,33.690724061796516,41.32955629442644,17.294506559746736,1.667013029315961,2.0741107491856674,B0006,468,4973,04973.csv,24,1.321578743867529,130
307,2883.265,3.4081057374178703,2.45134737470238,4.182099866234647,0.24461981189701226,0.5410312193378459,1.6701674907264448,2.0138921521532196,0.7545133516985318,33.71317033815572,41.300370296451625,17.233237005190404,1.6604905537459285,2.0671433224755704,B0006,472,4977,04977.csv,24,1.321225074066109,131
307,2882.969,3.4091728540380735,2.475014603796582,4.182054276922838,0.24380226014783457,0.5357501322484657,1.6635304836146556,2.013710255019385,0.7602099702768097,33.65376593260611,41.243646229563595,17.239694887680738,1.6539713355048862,2.0594495114006515,B0006,476,4981,04981.csv,24,1.3156485301862682,132
308,2891.656,3.4110817622184233,2.4569179775419294,4.168816046299314,0.24138857479481315,0.5256305210136203,1.6646335896429376,2.0145340492151043,0.7591691993982392,33.983578066068176,41.36464929786556,16.699429634815907,1.655229220779221,2.0605162337662337,B0006,480,4985,04985.csv,24,1.3209025697502388,133
309,2901.25,3.4167486246717154,2.438240626221148,4.190149239555381,0.2449761229412246,0.5600174291991733,1.691847724352744,2.01382438347875,0.7346364622780435,33.816348135475515,40.89285784811417,16.087500292336223,1.682086084142395,2.11257928802589,B0006,482,4987,04987.csv,24,1.3474328767273906,134
308,2891.703,3.4169689184247174,2.4946397780995584,4.187196878135145,0.24227653694659965,0.542593897000252,1.671226012596274,2.0133154561700204,0.7535373254787405,33.60692030225909,40.652964511118334,16.084187501541255,1.661601298701299,2.0812435064935064,B0006,484,4989,04989.csv,24,1.3260128072353616,135
307,2883.016,3.4105763913818787,2.4367455144223555,4.18232296515852,0.24610776312677582,0.5343782567301005,1.663315386938566,2.0139168871011672,0.76026616202507,33.47350597721994,40.58410707337388,16.268836026730707,1.6539661237785017,2.0597035830618893,B0006,488,4993,04993.csv,24,1.3101186784831065,136
306,2873.453,3.4113335283009314,2.485868996808533,4.1822817387062585,0.2440691110768916,0.5274823346490467,1.6559242579419076,2.0142276812428177,0.7667495947329944,33.209178727620106,40.322783635307104,16.31898763131691,1.6463424836601308,2.047421568627451,B0006,492,4997,04997.csv,24,1.30521620229393,137
306,2874.031,3.4081283345557187,2.3957550201907916,4.181394192711236,0.24863447091477814,0.5312610567628875,1.656121338952165,2.014080368444908,0.7667608374913484,33.58088963686094,40.78032921971219,16.419629704698004,1.6463797385620917,2.046859477124183,B0006,496,5001,05001.csv,24,1.3004061951355774,138
306,2874.234,3.4125732422699135,2.4504684570147006,4.182109437180301,0.2456247071971734,0.5270975797323549,1.6493562885018465,2.014831579693271,0.7722287142049982,33.76400861956033,40.85731522464202,16.23554183375255,1.6397601307189542,2.042049019607843,B0006,500,5005,05005.csv,24,1.300235735841116,139
305,2864.984,3.407693686560286,2.3942028718004007,4.181210531150237,0.24975273339092718,0.5258821521319383,1.6481250828318856,2.014857985605384,0.7731245144778003,33.57003564415372,40.74860220857894,16.386161508416475,1.6385731147540985,2.0371573770491804,B0006,504,5009,05009.csv,24,1.2895066722480757,140
304,2855.093,3.4073499608041957,2.4303844034459368,4.180183763169455,0.2486238589529354,0.5189291704490326,1.6402735508297446,2.013906118562721,0.7793479123932031,33.272050895552354,40.47227623020843,16.41398789207159,1.6307546052631579,2.026506578947368,B0006,508,5013,05013.csv,24,1.279253057384795,141
304,2855.625,3.409292163767801,2.4755630989048205,4.181641969595387,0.24699673938901656,0.5150913231210055,1.6339269718637894,2.01480412850878,0.7850126547127957,33.12740933210319,40.28187574900838,16.44183919710226,1.6242565789473684,2.0159078947368423,B0006,512,5017,05017.csv,24,1.2792078171714618,142
304,2855.594,3.4095492354804775,2.446712151873903,4.1818501497507565,0.24799161343224002,0.5167177787023909,1.6340523871461572,2.014522533445452,0.7851240850970459,33.439116773449626,40.637565231244686,16.521420132855827,1.6243105263157898,2.0158914473684213,B0006,516,5021,05021.csv,24,1.274036760902923,143
303,2847.437,3.410318915287339,2.46071120182069,4.1817089329030335,0.24780727886656098,0.5145602643562812,1.6325488263539847,2.0149438038428857,0.7861787494110998,33.482874768414376,40.64243349478575,16.394058063185152,1.6230323432343237,2.0155148514851486,B0006,520,5025,05025.csv,24,1.2741273923001468,144
303,2847.36,3.409269478846637,2.4619788522973796,4.178725976011113,0.24851269412421487,0.507648601933238,1.6192776155716369,2.0150039133931816,0.7964337085687859,33.22136307064441,40.38713367022122,16.41436979608464,1.6097742574257425,1.9971023102310232,B0006,524,5029,05029.csv,24,1.263763942644078,145
302,2837.328,3.4094374435069095,2.4999079970509284,4.181148894438262,0.2478508170104092,0.5056209038892843,1.6178697167430758,2.015129426588159,0.7975336676909264,32.98562738901426,40.15316398972329,16.473174547685062,1.6084596026490063,1.9933178807947018,B0006,528,5033,05033.csv,24,1.2581373688955233,146
302,2837.281,3.403885091976961,2.4061574188511727,4.181246648937272,0.2536325963953785,0.5083349423199319,1.618130611081338,2.0157490612295734,0.7972314769163535,32.970182781539556,40.26211669866818,16.729584211303376,1.6085456953642383,1.987609271523179,B0006,532,5037,05037.csv,24,1.253259864055301,147
302,2838.515,3.4065929107527846,2.40921365026611,4.1821248744689274,0.2530513297922528,0.509141198430672,1.6181696583650664,2.014223314502266,0.797542939991941,33.31018716138479,40.65437976632703,16.75398953382372,1.6085774834437088,1.9903609271523177,B0006,536,5041,05041.csv,24,1.2532313315493426,148
301,2828.328,3.4095930016592684,2.4705399687343235,4.179545017207998,0.2494995181186242,0.5030387847085902,1.6103994653878324,2.0163352495806492,0.8036046939062108,33.23406652671602,40.41021687551566,16.483054974453783,1.600601993355482,1.9811196013289036,B0006,540,5045,05045.csv,24,1.2480874960313575,149
302,2838.265,3.409409922814414,2.4996841687041944,4.164241788212258,0.2454220315222469,0.48549343899463393,1.6116489596960517,2.01499403966668,0.8024149556477133,33.117656712920734,40.49521984011741,16.931998062188534,1.6019509933774836,1.9821854304635758,B0006,544,5049,05049.csv,24,1.2534354284944844,150
305,2864.547,3.4195489282896943,2.4839695531514434,4.189238693156103,0.24707539060227907,0.5232143118846762,1.6420474102120959,2.0181368086516467,0.7786975534845754,33.784170366860046,41.357879741754175,17.17489367055964,1.6320570491803281,2.0376426229508198,B0006,547,5052,05052.csv,24,1.28980487732669,151
303,2846.39,3.4151799904187996,2.4675402264113453,4.180842923747738,0.2484846023322681,0.5071447740073798,1.619485147897518,2.0142774492167734,0.7963677470483693,33.806439563441614,41.37902988743146,17.241128597483087,1.6098072607260727,1.9978811881188117,B0006,551,5056,05056.csv,24,1.2635402021758837,152
302,2837.969,3.4154594925159083,2.4946438160388325,4.18123823034649,0.24847342262534078,0.5017676171669079,1.6049332611605434,2.0138128429431967,0.8073736815947106,33.63735785291911,41.20920760771975,17.246110219559032,1.5952569536423842,1.9760331125827812,B0006,555,5060,05060.csv,24,1.2479761706842851,153
302,2838.156,3.4130336456755868,2.4577382116375843,4.1798277092808815,0.2517551149277509,0.49864323565613056,1.5916620231406688,2.0149177563869873,0.817244518587044,33.58195933847606,41.20630554355683,17.35349803863945,1.5820225165562913,1.956155629139073,B0006,559,5064,05064.csv,24,1.2321202877943334,154
301,2829.843,3.409452435657409,2.40986495422137,4.180792839927961,0.25584289767475976,0.49903242099655376,1.590121112674739,2.0149300788502975,0.8184044710265609,33.56245583951572,41.28239317323536,17.529359049775714,1.5806332225913622,1.9503654485049833,B0006,563,5068,05068.csv,24,1.2271137666213534,155
301,2829.625,3.4138496008165014,2.479418189447868,4.181365190126037,0.25260757416546337,0.49430714311169854,1.576784104156222,2.0147963353542564,0.8276512934901961,33.5111267532655,41.1595683576961,17.438234674427765,1.5673415282392025,1.934295681063123,B0006,567,5072,05072.csv,24,1.2217397581377356,156
300,2819.437,3.410900672125043,2.434585389303289,4.180594670510683,0.2558413745088106,0.49374973603375727,1.5752875074450006,2.015518745222527,0.8286780991319167,33.53675907012135,41.230427315370186,17.470605170037608,1.5659100000000001,1.9295033333333333,B0006,571,5076,05076.csv,24,1.211102678915174,157
300,2819.579,3.4105744140130074,2.425682710641569,4.181424135030176,0.25741131807211914,0.4926130076363666,1.5684956746000391,2.0147884579094577,0.8331275074290732,33.49803069556778,41.21487873613708,17.552562957476663,1.559248,1.9212266666666664,B0006,575,5080,05080.csv,24,1.2056159765131735,158
299,2810.672,3.4096514247359915,2.417924401749313,4.181921994951423,0.2586301712028549,0.49249406520395445,1.5671931448019898,2.0146138657111945,0.8343391999172229,33.516977262709986,41.27439823262361,17.61271028365799,1.5578481605351175,1.9177391304347826,B0006,579,5084,05084.csv,24,1.2008936262717274,159
299,2811.485,3.412857837344254,2.4541577949851603,4.179593598747663,0.2566591100275605,0.48787392113849615,1.5538432233552126,2.0148417510809367,0.8433112637469294,33.531923269271225,41.237668013317766,17.513061686713975,1.5444735785953179,1.902561872909699,B0006,583,5088,05088.csv,24,1.1905903985558337,160
298,2802.422,3.4134509017056525,2.463616101176541,4.180557596235595,0.2567709113663713,0.4879436689243648,1.5522138654028756,2.013981544237104,0.8440916037889512,33.567636169584304,41.24068073261839,17.47861773657714,1.5429087248322149,1.9005973154362414,B0006,587,5092,05092.csv,24,1.185179251041941,161
298,2801.625,3.414388187503409,2.470375229475307,4.181414159913002,0.25727620633883347,0.4875070316802561,1.5452850479941007,2.014023708028726,0.8484593754616506,33.60493096509702,41.28133907077437,17.475271930649335,1.5361557046979863,1.89253355704698,B0006,591,5096,05096.csv,24,1.1796706818144624,162
298,2802.031,3.412419038813061,2.4357634426689945,4.180815073540562,0.2603750152498408,0.48618885906617626,1.5387187116139815,2.016504705213686,0.852788066566617,33.54281440778599,41.28338645880181,17.569859546188717,1.529481879194631,1.8808456375838924,B0006,595,5100,05100.csv,24,1.1745952836753917,163
297,2793.39,3.4148103057455175,2.481190011798763,4.1697037841892834,0.25719554554400054,0.4733768189518659,1.5170395993741237,2.0192733708647617,0.8662067028044486,33.472459360982775,41.149193043289586,17.44185327643264,1.50773468013468,1.8533265993265997,B0006,599,5104,05104.csv,24,1.15381833159625,164
297,2793.39,3.4166177332601,2.491537251958465,4.180283727512206,0.2583040811189993,0.48311404134971037,1.5238666038924866,2.014625681416588,0.8618411900618512,33.58210389885497,41.26268252018065,17.471222435015942,1.5144821548821548,1.8630269360269358,B0006,603,5108,05108.csv,24,1.1644009557372264,165
297,2792.485,3.4121341541171764,2.40904100737121,4.181170015245673,0.2641722962540336,0.48448321564860297,1.523798597354542,2.016243208356173,0.8618851863140047,33.6634605108384,41.45791806300034,17.655021179851975,1.5144888888888888,1.8599494949494948,B0006,607,5112,05112.csv,24,1.1587974947916069,166
298,2802.016,3.419700177568569,2.475767645530351,4.1575524997258,0.25333638136677306,0.464485538657597,1.5391310859398721,2.013736316594881,0.8526242406974837,33.730546074122294,41.11666214070682,16.418064178220757,1.5295798657718125,1.8894697986577182,B0006,611,5116,05116.csv,24,1.1749748834769171,167
300,2820.39,3.4234687742187893,2.4160441724133666,4.188511527828155,0.2623534872197857,0.4967025449140685,1.5427100462165395,2.014876364498059,0.8509716769739258,33.8912822372509,41.36263766174168,16.45491180103553,1.5328073333333334,1.89745,B0006,613,5118,05118.csv,24,1.1856752327929356,168
197,3690.234,3.522006703394617,2.145975766935391,4.199497433806136,0.2881775974288166,1.1372468127057975,1.869128126500791,1.9968672421771276,0.4765076285696696,32.62485875142121,40.59042914535701,16.653385199221717,1.8782,2.4725939086294417,B0007,1,5738,05738.csv,24,1.89105229539079,1
196,3672.344,3.5319490434317116,2.1110166987852117,4.198510349854315,0.28042527107844056,1.1190311713609447,1.868091214569674,1.9943911963511516,0.4778200874778309,32.738209593287145,40.26023408628707,15.993146270996828,1.8775836734693876,2.4823724489795915,B0007,3,5740,05740.csv,24,1.880637027686859,2
195,3651.641,3.5344025220217845,2.0251085128182655,4.198280074112568,0.2844568598122299,1.1350145270157048,1.877784734502072,1.994681656822022,0.45959674206821344,32.68511456550919,40.27558633997852,15.947014833875532,1.8872092307692305,2.496902564102564,B0007,5,5742,05742.csv,24,1.8806626717011388,3
194,3631.563,3.53492504932652,1.922542180649595,4.198267468745592,0.29083757862587983,1.1585208425900402,1.8875256535871225,1.9952731083659303,0.4403601314030101,32.554748499572646,40.29314715799111,16.064300065860998,1.8969360824742265,2.509113402061856,B0007,7,5744,05744.csv,24,1.8807709009833444,4
194,3629.172,3.534536640068787,1.871159045064988,4.198464224146956,0.2929624493875082,1.1552970463945833,1.8871621432453276,1.9935500451030048,0.440591196422929,32.46787845303298,40.26887263021979,16.130565023174658,1.896936082474227,2.5085257731958763,B0007,9,5746,05746.csv,24,1.8794508728285055,5
195,3652.281,3.5411626672196816,2.1756867065903434,4.197967993115647,0.2674296832861652,1.0745150058464157,1.8675154082122565,1.9941041745764116,0.478755396723532,32.48624734055599,39.67620802332074,15.528243699269659,1.8769579487179486,2.4888256410256413,B0007,11,5748,05748.csv,24,1.8807003517117404,6
195,3650.828,3.541165612176161,2.1117887156019437,4.198023461704379,0.2718843747011349,1.0793094182299847,1.8673359462519084,1.993164510431567,0.47871973809675844,32.55779966353037,39.80381766292616,15.548301676254784,1.876956923076923,2.4896871794871793,B0007,13,5750,05750.csv,24,1.8799352523566075,7
191,3572.453,3.5494581176357975,2.026250619894166,4.199372697237068,0.27369566400247164,1.1507716784360018,1.9063154499484403,1.9936540341331743,0.39895726438801615,32.45374435641106,39.88810476942348,15.58515262445744,1.9162554973821986,2.542727748691099,B0007,15,5752,05752.csv,24,1.8815088124038797,8
190,3550.594,3.550280546407974,1.9505894332906035,4.19921182024681,0.27786179536517747,1.1820274305149217,1.9164348198845678,1.99377953803378,0.3754267038591207,32.373246444985035,39.95162250671474,15.694091574527846,1.926337894736842,2.5552315789473687,B0007,17,5754,05754.csv,24,1.8696907870385844,9
190,3551.25,3.5481347674910286,1.868824706765806,4.198957678253482,0.28456281571285647,1.193377929345651,1.9165385597747797,1.99378312138298,0.37519732568897796,32.30534276235138,40.05202185471829,15.8624381417021,1.926337894736842,2.5536421052631577,B0007,19,5756,05756.csv,24,1.870052380139199,10
189,3530.25,3.5484272148956437,1.7896213776724978,4.198832114024662,0.28966365954753276,1.2321868116815518,1.926771167846017,1.9942511729128336,0.3493180384851065,32.183319483399806,40.1213838436794,16.05872809154238,1.9365269841269839,2.5636931216931216,B0007,21,5758,05758.csv,24,1.8700442394188577,11
187,3491.016,3.5560433603714667,1.910336108594535,4.198945227315025,0.276782824822683,1.2405976069960154,1.936979366983281,1.9938120330189373,0.32129244449448424,32.378853181816005,40.174657039770814,15.839778549030918,1.946539037433155,2.5809304812834224,B0007,24,5761,05761.csv,24,1.8596518987766364,12
186,3470.281,3.5604849642800684,1.9086884059809104,4.1990513028067955,0.2724503999527536,1.3020751111185493,1.9470891822561436,1.9942213710086447,0.2890267632788191,32.2913249500013,40.016434730174936,15.664364855408312,1.9570010752688174,2.5966720430107526,B0007,26,5763,05763.csv,24,1.8590746560862208,13
186,3470.0,3.5562872542469752,1.7868782934275431,4.198107645780677,0.2833819958013048,1.3219630242633214,1.946961601670498,1.9939995868905829,0.28914293139850245,32.14782797344657,40.16569230743226,16.03251840668419,1.9570010752688174,2.5927365591397846,B0007,28,5765,05765.csv,24,1.8590084577709232,14
185,3450.297,3.5647746218187324,2.1361343961784502,4.19925638222589,0.2556912534148872,1.2502230603619395,1.946851050742258,1.994356138623711,0.28972612488972677,32.01380948237792,39.46139677634257,15.388895666428816,1.9567697297297295,2.600535135135135,B0007,30,5767,05767.csv,24,1.8593622586957048,15
184,3429.407,3.565438928797127,2.0133501283179167,4.199087384946408,0.2605202370565669,1.3812309538192387,1.957412809315224,1.9935665024864544,0.2523975612854689,31.881310103471357,39.5636595172155,15.62552760054697,1.9674,2.6122010869565218,B0007,32,5769,05769.csv,24,1.8587355450601035,16
183,3409.484,3.565961679108638,1.8575547668336485,4.199009971925293,0.26742548192983523,2.341237808177522,1.9680136940585706,1.993742172224942,0.2071553451064679,31.854304304240515,39.628948319501816,15.696931604835171,1.9781475409836065,2.6224972677595626,B0007,34,5771,05771.csv,24,1.847817291322145,17
182,3390.422,3.572496559005355,2.1657556124208934,4.1985172274243965,0.24501867564544388,2.032761615003503,1.968054746894467,1.9946244036549008,0.20784742374409607,31.856555404576753,39.22534721491488,15.23969247621115,1.9780274725274725,2.6290219780219783,B0007,36,5773,05773.csv,24,1.8485252916137047,18
182,3390.281,3.5699492020415136,2.0270686341513207,4.198245740608724,0.2539924095597841,2.1710730060294106,1.9680218912213907,1.994455565707021,0.20774034620382403,31.867182607083926,39.4126321606434,15.424484814280056,1.9780285714285712,2.627120879120879,B0007,38,5775,05775.csv,24,1.848378951850034,19
192,3591.734,3.5464338449590023,1.905311669649934,4.196262462698172,0.2877922877067573,1.20555202576544,1.9066656790606797,1.9992261048783584,0.39806447016393737,32.35216872128999,39.95874037686836,15.600055153210043,1.9166916666666667,2.5370052083333334,B0007,41,5778,05778.csv,24,1.8807805437609768,20
190,3552.297,3.5531968089006387,1.7951975189442124,4.1969587758867,0.2891591501467529,1.2722535243095674,1.9267198323744987,1.9940266531677509,0.34835350913108376,32.60219299451182,40.31302300333008,15.658163165234605,1.9368610526315786,2.5664526315789473,B0007,45,5782,05782.csv,24,1.88147215974436,21
189,3531.578,3.5599340214678805,2.1058524852518143,4.197071720130598,0.2630930215859064,1.2112495626644804,1.9261058568907057,1.993858646326954,0.34941771040077757,32.19571819720114,39.359447242364645,15.045144822695217,1.9365269841269839,2.5725449735449737,B0007,49,5786,05786.csv,24,1.8810954313244783,22
187,3492.907,3.5595604968238,1.846021007590992,4.19690260801443,0.2762451800325786,1.334218175709109,1.9468405917249594,1.9927272592846583,0.2883145257229726,31.805988160181123,39.454159451189874,15.507445469034277,1.957232085561497,2.593903743315508,B0007,53,5790,05790.csv,24,1.8710089649779995,23
188,3511.594,3.552385161941813,1.7370300333706354,4.1966416719103465,0.28894621581693053,1.282709368660742,1.9364196896718646,1.9934659604006035,0.32067412080801433,31.737001978644926,39.64174827400944,15.846643335728839,1.946823404255319,2.576686170212766,B0007,57,5794,05794.csv,24,1.8701995151941375,24
184,3431.937000000006,3.5707670304281067,2.0506492642329937,4.1971302559922,0.25119227347469175,2.1464809917592067,1.9675984733558025,1.993000639305042,0.20673220237051412,31.51707667966367,38.86906912217273,15.131802667287836,1.9782673913043478,2.6249402173913046,B0007,61,5798,05798.csv,24,1.8706715362800983,25
184,3431.125,3.5657224847439295,1.8254369744762284,4.19652461108806,0.26797210942673244,2.3710133083235254,1.9680130544442065,1.9947910338783703,0.20657881093433816,31.442860781038384,39.11839966443177,15.466127080493266,1.978266304347826,2.6197717391304347,B0007,65,5802,05802.csv,24,1.8596124644020169,26
183,3412.406,3.5712835067487094,2.134879000684994,4.196790308710931,0.24613642238982764,2.0619113080259366,1.9675631762844843,1.9956093835681803,0.20736445048718527,31.32326275303232,38.68010761281634,15.153498896868157,1.9781486338797813,2.6257158469945354,B0007,69,5806,05806.csv,24,1.860033909718346,27
183,3410.688,3.5679716274891398,1.970455493406623,4.196693048697735,0.25708647441380517,2.2262375552911124,1.967618505240168,1.9936520198661496,0.2071378770938514,31.28571570579735,38.863045678198645,15.375895896781618,1.9781475409836065,2.6219016393442622,B0007,73,5810,05810.csv,24,1.8591653109160768,28
183,3410.718,3.5646314038791784,1.813269430976001,4.197078923354,0.26957680559456787,2.383809492377999,1.9678214300979182,1.9944764248874856,0.2071231422713658,31.331850868998007,39.14531169811219,15.642009011424818,1.9781475409836065,2.6185792349726777,B0007,77,5814,05814.csv,24,1.8481398178778288,29
182,3392.719,3.568983888921194,2.0483657324095637,4.196062203382386,0.25170216607752616,2.1476964709728223,1.9675056354779954,1.9940826161567085,0.20762918561060117,31.32285733932258,38.8380564174779,15.317470557342759,1.9780274725274725,2.6230274725274723,B0007,81,5818,05818.csv,24,1.849201702126164,30
371,3470.672,3.564620688944316,2.181560983985832,4.206531081984383,0.24268377174702066,1.3234818545271967,1.9683447778186904,1.9940812941255717,0.2054892980783275,31.608436452122476,38.95965174080089,15.420174628458216,1.9784425876010778,2.6102048517520213,B0007,85,5822,05822.csv,24,1.8834677437950849,31
365,3414.109,3.5694388142217837,2.1177799354077496,4.203187727641822,0.23937087020268963,2.0854077922340726,1.9788210991401491,2.003329552797809,0.14718865308881668,31.782101501165204,39.053875772291974,15.099581562958374,1.9890438356164384,2.625654794520548,B0007,89,5826,05826.csv,24,1.8628211117905844,32
363,3395.219,3.568742147335628,2.1637448793153697,4.202997027311235,0.23644855810150361,2.039110650538371,1.9785908218423578,1.9938003511879976,0.14732040327269164,31.51504198920288,38.699551697978606,14.963879475321406,1.9889834710743801,2.6261184573002754,B0007,93,5830,05830.csv,24,1.852085039652352,33
362,3386.0,3.5642424070467817,2.0456561472058055,4.2027504558714135,0.24390087184733478,2.157094308665608,1.9784335668087778,1.9942339530946611,0.14746473891250106,31.13866351339678,38.6052414906155,15.295433527231793,1.988953038674033,2.62296408839779,B0007,97,5834,05834.csv,24,1.8469504648208708,34
360,3368.187,3.5653038098527605,2.1356202266992863,4.202665067816707,0.23838373066148524,2.0668775660496523,1.9781613462371574,1.9932621441916,0.14798217514006312,31.068710515588776,38.42604747702835,15.120099267077283,1.988892222222222,2.622475,B0007,101,5838,05838.csv,24,1.836828431169018,35
360,3368.266,3.565432167703823,2.042987153745025,4.20243913428064,0.2439410248996283,2.159451980535615,1.9783860225738241,1.9932668899112056,0.1478962003317654,31.618244836823447,39.0468968949422,15.307890639243656,1.9888916666666665,2.6205944444444444,B0007,105,5842,05842.csv,24,1.8371619619672277,36
359,3358.719,3.5622303163451425,1.978616239411895,4.202794567899269,0.24871758118173848,2.2240989324260396,1.9780805998719366,1.9945447573637072,0.1482788677083578,31.331528063668397,38.83676495861389,15.349142181547226,1.9888607242339833,2.6193119777158778,B0007,109,5846,05846.csv,24,1.8316722583718856,37
357,3339.5,3.564481026852489,2.15845357648832,4.203135326288817,0.23727077236053984,2.0445703952203234,1.9780988820364462,1.993788754705783,0.14864545502326573,31.132569191182146,38.49981470604549,15.24021628060099,1.9887988795518206,2.62209243697479,B0007,113,5850,05850.csv,24,1.8211470951317783,38
356,3331.265,3.561614556780574,2.092603698932653,4.202837061508687,0.24155038848954163,2.110094188668748,1.9779784075733657,1.992201283338572,0.14875595211669995,30.972969676157927,38.582340147970775,15.554818031636746,1.9887674157303368,2.619429775280899,B0007,117,5854,05854.csv,24,1.816506091511515,39
355,3321.188,3.5630587459190144,2.1528886431678034,4.202745735932991,0.2380948022640211,2.0496940635530514,1.9784370488525895,1.9945004268443045,0.1489055046765652,31.1990648511682,38.787499833494046,15.591927209484577,1.988735774647887,2.6181464788732396,B0007,121,5858,05858.csv,24,1.8113815601504557,40
355,3321.844,3.5629534367704405,2.0537418826405966,4.203198796599359,0.2446154013486786,2.1492932122211066,1.9782902099305797,1.9931746766502976,0.14909494606505935,31.722267598269813,39.31221126031847,15.552791607971628,1.988735774647887,2.615780281690141,B0007,125,5862,05862.csv,24,1.8116056333939583,41
354,3311.828,3.563446012076242,2.0793300586339956,4.202901668731174,0.24327262666495875,2.1232781838455472,1.9782045921558777,1.9946160382197375,0.14917678730582615,31.900827580605675,39.40567993360536,15.413357167898162,1.9887039548022596,2.6175169491525425,B0007,129,5866,05866.csv,24,1.8060548955557405,42
179,3327.391,3.563998342345823,2.0759793304520757,4.196154302326916,0.25398073103714824,2.120145265561364,1.9671070815271066,1.9952878943511752,0.2096492212121145,31.5372402498617,39.32802757827611,15.610639509571417,1.9776592178770949,2.6138212290502794,B0007,133,5870,05870.csv,24,1.8132041826994056,43
354,3312.078,3.5604902283110547,2.0674349483094465,4.2044772244864275,0.24563949813557262,2.136860514585984,1.978121464370373,1.9951041266249487,0.14917033885171008,31.24662583059252,38.6112528181758,15.081358558369,1.9887039548022596,2.617338983050847,B0007,135,5872,05872.csv,24,1.8062641938283537,44
352,3293.172,3.5567002097886946,2.037264031192436,4.20211656315423,0.24753336196821815,2.1645711001391885,1.9780364457328714,1.9939079880095492,0.14964116586615345,30.939399361884792,38.569726951286874,15.481653070217526,1.9886397727272724,2.612715909090909,B0007,139,5876,05876.csv,24,1.7958310249900458,45
350,3275.328,3.558412726344602,2.1632674190148338,4.202901194454151,0.24006724537779822,2.0396337754393175,1.97793896698507,1.9931708315999248,0.15018937467941154,30.884857004354572,38.34572083526661,15.354788360354021,1.988574857142857,2.613202857142857,B0007,143,5880,05880.csv,24,1.7858852600390451,46
349,3265.016,3.556136820956992,2.106631526845483,4.201790697233378,0.24388204900430185,2.0951245815258908,1.9780170042003,1.9937766833094568,0.15013792165883974,30.920682316695828,38.48254063494672,15.507256647043711,1.9885421203438394,2.6110458452722063,B0007,147,5884,05884.csv,24,1.780326860450275,47
356,3328.937,3.568999942180493,2.1809272860788376,4.191916354433964,0.2381332808144284,2.0109890683551264,1.9779140108313502,1.993416647067197,0.14881074551152107,33.880577817079796,41.0499421893331,14.580852214023935,1.9887668539325842,2.621143258426966,B0007,149,5886,05886.csv,24,1.8150756899575575,48
356,3329.266,3.571059290544873,2.1773498094527195,4.20342192245769,0.23819384516409406,2.025980343832872,1.978162017642311,1.994657617315832,0.1487919577838864,33.038339318294426,40.361944885615415,14.975589339732917,1.9887668539325842,2.6257780898876404,B0007,153,5890,05890.csv,24,1.815702515484584,49
353,3301.579,3.5666921284622095,2.180136101967249,4.202807443974011,0.23794253941668375,2.022346612452691,1.9779553399945098,1.9927642557550824,0.14944393853074256,32.27329169539202,39.6676965288026,15.140404352891927,1.9886719546742206,2.6228470254957506,B0007,157,5894,05894.csv,24,1.800243217805667,50
351,3283.563,3.563327431073248,2.1286295199076855,4.203276539809248,0.2413989985982363,2.0746470199015623,1.9779914337720734,1.9950332824030976,0.14982717580366306,31.937919783481355,39.481181404811096,15.432178440795141,1.9886068376068375,2.6202336182336183,B0007,161,5898,05898.csv,24,1.7904476205609308,51
350,3275.125,3.5590146214829015,2.155901281560187,4.202580870413733,0.24311872055137512,1.3834315568758915,1.972192989054421,1.994232501388858,0.18347784052311344,31.688686599521045,39.4190511430692,15.69427892332228,1.9828617142857141,2.6111257142857145,B0007,165,5902,05902.csv,24,1.780343032300132,52
349,3265.656,3.5566945836342914,2.067103728219671,4.203244171517053,0.24915320353918624,1.411745499302087,1.9723263193206682,1.9927179646840103,0.18368310473563856,31.779120691032947,39.72196117128354,15.978715401615254,1.9828131805157594,2.6064756446991404,B0007,169,5906,05906.csv,24,1.775328769596812,53
349,3266.093,3.555013984911923,2.0619831864543094,4.202697222668131,0.2516855837525761,1.2899976713811858,1.9668382736785281,1.9937154240389596,0.21183042025640444,32.133873372089305,40.041366724781085,15.969687090342056,1.977084240687679,2.5986475644699145,B0007,173,5910,05910.csv,24,1.770262973473285,54
348,3257.594,3.5526373754067415,2.143037413381466,4.202581421564202,0.24879749783017185,1.2065937090284318,1.9609304428642138,1.99255052774098,0.23695032099061025,31.889431533099835,39.66314441864834,15.805766866339667,1.971272988505747,2.5923706896551724,B0007,177,5914,05914.csv,24,1.760081061854204,55
347,3248.593,3.547186025484395,1.992905798820928,4.201275185814673,0.2595089504618381,1.228450590779509,1.9607588424014128,1.994265959280498,0.23724478338724067,31.81736328028127,39.84751541049116,16.10474929328972,1.9711896253602306,2.5875792507204616,B0007,181,5918,05918.csv,24,1.749647593537689,56
346,3238.766,3.546814755244375,2.0335961968180234,4.202508747096239,0.25704256782134943,1.221099769080456,1.9607502568135042,1.9932021181710204,0.23759808952760889,31.72316205746117,39.74335777163101,16.155718707640688,1.9711063583815027,2.585832369942197,B0007,185,5922,05922.csv,24,1.749650075059311,57
346,3240.14,3.5447850172972655,2.0213017345171265,4.202333230196108,0.25941425659281675,1.1714500422906369,1.955106689333301,1.9932663431900044,0.2599396573864495,31.957150654392294,40.07246786936068,16.35707580092158,1.965328323699422,2.5751329479768788,B0007,189,5926,05926.csv,24,1.745028739214683,58
345,3230.109,3.5465215420964156,2.0789964919635966,4.202490707154508,0.25636845250413015,1.163428370469072,1.9550631626775965,1.9938941800121164,0.26015270676704666,32.29917704213345,40.247716114003914,16.02144616806039,1.9652278260869565,2.5768289855072464,B0007,193,5930,05930.csv,24,1.739645745528673,59
345,3229.7810000000027,3.540832547654255,1.9925354808829656,4.202290557382721,0.2641813480482808,1.1288400996619967,1.9491545130405277,1.9929599237339224,0.2803310315268704,32.128842946565555,40.27220819224188,16.25359514681121,1.9594318840579708,2.5659449275362323,B0007,197,5934,05934.csv,24,1.7285642277717963,60
343,3212.469,3.5429925113583938,2.14041602578448,4.20313824854604,0.25470751708425077,1.1041454051230497,1.9485245668379871,2.002837999763986,0.28143357750326536,32.021134355757404,39.89848456781458,16.03032683688317,1.9591953352769678,2.5676618075801754,B0007,201,5938,05938.csv,24,1.723900324588418,61
343,3213.219,3.5360811169860216,2.006753861515003,4.202703239422359,0.2652812359094406,1.0810275763107264,1.9431245838111422,1.994963835157279,0.30033326334108135,31.859048861486652,40.0571305311587,16.37785811404879,1.9533661807580174,2.5534927113702626,B0007,205,5942,05942.csv,24,1.7139788776485192,62
342,3203.578,3.5392436935272635,2.121868132176415,4.202907102508285,0.25734393700290453,1.0679406545162227,1.9430105437169318,2.0016459444206927,0.30075533650177444,32.16100333536097,40.240711749549135,16.398812099568023,1.9532298245614035,2.554590643274854,B0007,209,5946,05946.csv,24,1.7139701997004613,63
341,3195.125,3.5348237062932575,2.0119648758828452,4.201457080806326,0.26659502974351257,1.080281448135588,1.9425236436352382,1.9940444299252391,0.30141637636855023,32.10276048728767,40.12941739090177,15.890294695716655,1.953092082111437,2.5516979472140764,B0007,213,5950,05950.csv,24,1.7036521173638766,64
341,3195.312999999994,3.5366477402090606,2.0744390946376323,4.204304103661928,0.2620403236678221,1.0394829647765893,1.9370251789871722,1.99394242124594,0.3190762556693421,32.33880662180898,40.3959693732437,16.295220273569935,1.9472299120234604,2.550475073313783,B0007,215,5952,05952.csv,24,1.7040137474382486,65
340,3186.297,3.5352062840980913,2.188793384556236,4.20220228055958,0.2558244000787878,0.9921759048132519,1.9310353224698769,1.994068391906693,0.3363260807470921,32.21373014824893,40.18751058333668,16.289920303294025,1.9411941176470584,2.5393617647058826,B0007,219,5956,05956.csv,24,1.6935716157343033,66
339,3176.438,3.5329852237553396,2.1739523632140685,4.202001482736379,0.2574478834913664,0.9911663229937746,1.9304738354803441,1.9931157642861432,0.33660133598829284,32.09949526722965,40.14605167557969,16.39092146603222,1.9410206489675512,2.536268436578171,B0007,223,5960,05960.csv,24,1.6876577363877656,67
338,3167.593,3.532158560934324,2.1783847786257136,4.202600613133091,0.2578148839312093,0.9909479006218831,1.9305724132185291,1.9932876007572091,0.3372949098270868,32.11305439113157,40.18846095484838,16.451491253677943,1.9408455621301772,2.5339201183431954,B0007,227,5964,05964.csv,24,1.6830744356583152,68
338,3167.719,3.5308376380023527,2.191481814157953,4.202328519159183,0.257732872248002,0.9655059294943391,1.9247227974831074,1.993256726520806,0.35318781500678287,32.20371989479744,40.2789498830108,16.48766848766154,1.934930177514793,2.528144970414201,B0007,231,5968,05968.csv,24,1.6779270142025482,69
337,3159.077999999994,3.5296958440720005,2.1753473356526807,4.202855889678493,0.2594183580173003,0.9665906224508101,1.924600450712187,1.9933610066273435,0.3535934937709248,32.23340825772458,40.310727434969614,16.473543890465713,1.9347370919881306,2.5279406528189914,B0007,235,5972,05972.csv,24,1.6732060275966172,70
336,3148.829,3.5281819372126093,2.1832922624558813,4.202212609390717,0.2594130837316264,0.9638912439298766,1.924378876549564,1.9942955362628867,0.35422510059448054,32.212169716369466,40.31733812871393,16.536965085544367,1.9345428571428571,2.524907738095238,B0007,239,5976,05976.csv,24,1.6674367208253988,71
336,3149.094,3.5265730179666974,2.192864020990023,4.202335745153063,0.2593373861312046,0.941544497664025,1.918402879916178,1.995101711321147,0.369401148866462,32.21746401954224,40.332563430145015,16.56228055825075,1.9285922619047617,2.517339285714286,B0007,243,5980,05980.csv,24,1.6622662630667526,72
335,3140.547,3.5245022548553444,2.156097212664392,4.201997273379946,0.2621840624926119,0.9441352968336654,1.9181664471622712,1.9939693898192543,0.36985386905308787,32.23410177209762,40.431258866851486,16.669312317535656,1.9283797014925375,2.514916417910448,B0007,247,5984,05984.csv,24,1.6574243065763063,73
334,3131.625,3.5228548406546385,2.138540138129487,4.201599523927098,0.26374414862366224,0.9452885486755189,1.9180994998619483,1.9959097500887344,0.37027593992202096,32.228343983674435,40.46247985933005,16.708324187378803,1.9281646706586826,2.5120269461077847,B0007,251,5988,05988.csv,24,1.652538684928734,74
333,3121.907,3.5222829121237855,2.1646493163558524,4.20196227209543,0.26261111650770874,0.9407116078357012,1.9179587244853675,1.9950531920364831,0.37099845889793376,32.1833106060944,40.40103455658551,16.708645468857085,1.9279495495495496,2.5126516516516517,B0007,255,5992,05992.csv,24,1.6472174627573322,75
333,3122.125,3.5189923820688493,2.1187211383693167,4.202045571197949,0.2661987865007531,0.9252543456351927,1.911678721552721,1.993252278498655,0.38559264697879414,32.17200142078129,40.4426971996319,16.791503421373772,1.9219447447447444,2.5025555555555554,B0007,259,5996,05996.csv,24,1.6364136810898071,76
333,3121.672,3.5177844279570794,2.1377868706438155,4.204697039833386,0.26640245561413023,0.9244923585113907,1.9116021818524709,1.9934424013813432,0.3856578053246533,32.03316223587618,40.26214977673693,16.644375373731545,1.9219447447447444,2.4874864864864867,B0007,263,6000,06000.csv,24,1.6362554312048496,77
333,3120.86,3.5212226057273495,2.103155697792567,4.203964293328523,0.2678657472559675,0.9574586533512521,1.9176487188202131,1.993721164618022,0.3708855111540938,32.506671891788216,40.64566836195685,16.46784874710454,1.9279489489489487,2.510990990990991,B0007,265,6002,06002.csv,24,1.641119179218384,78
331,3103.828,3.5172227884430147,2.186737546753024,4.201985395805308,0.26291550609714415,0.9171042622727255,1.9111402386391976,1.9950801271316676,0.38657074885083254,31.961039485620926,39.95209030011925,16.399065809339323,1.921473111782477,2.4979365558912385,B0007,269,6006,06006.csv,24,1.6315700789656966,79
330,3095.094,3.5125010864221813,2.1007747911593695,4.20178017149305,0.2688270257981476,0.9235718170418372,1.9108682624772713,1.9937540476262583,0.38704444324805126,31.798082670491866,40.165034583244065,17.006670379018246,1.9212351515151513,2.4944030303030305,B0007,273,6010,06010.csv,24,1.621213282987236,80
330,3095.781,3.5129614635074673,2.1417010068719846,4.202220537976551,0.2659023325126567,0.9037081419456086,1.9049809251600105,1.9934634318284483,0.40112549953309473,31.95802833708937,40.36674175781141,17.10498240037732,1.9151769696969696,2.486830303030303,B0007,277,6014,06014.csv,24,1.6164273214762122,81
330,3094.328,3.5125204100391962,2.0912297625621297,4.2013887453306085,0.2696531998224168,0.9121761201149869,1.9051115160683214,1.9955237523449136,0.4011860765258973,32.41813169746276,40.88269125311642,17.176811669258917,1.9151763636363637,2.4847030303030304,B0007,281,6018,06018.csv,24,1.615823510161921,82
329,3086.531,3.5151454557578807,2.1663009505205935,4.201620573144587,0.2649959499230018,0.9054357517492124,1.9049221617708285,1.9937747556066172,0.4017203630206843,32.64044972789331,40.85633220225456,16.791506859682805,1.914917933130699,2.4900364741641337,B0007,285,6022,06022.csv,24,1.61672418029789,83
329,3085.625,3.5134431794731813,2.1843637809529235,4.201668680267049,0.2642856491141674,0.8855691838169664,1.8987673918259145,1.993529946094214,0.4151954454598399,32.56399373078006,40.778024611598504,16.823020590773144,1.908841945288754,2.480863221884498,B0007,289,6026,06026.csv,24,1.6108655863730026,84
327,3067.203,3.5097089402574535,2.113995772639173,4.202567159315787,0.2699888830802118,0.9031628804295475,1.904361661364581,1.9937950394148771,0.40300036642551335,32.28305350922276,40.5829305350897,16.869964065235887,1.9143981651376143,2.4863058103975537,B0007,293,6030,06030.csv,24,1.6006603374309376,85
326,3058.157,3.5042771471756997,2.0287779476202195,4.201472345711643,0.276362889207048,0.9073664115335776,1.9042167406508492,1.994813747444024,0.4037206884803756,32.06065237439007,40.6345689985191,17.254099622176387,1.9141355828220858,2.4811717791411048,B0007,297,6034,06034.csv,24,1.5959174487005665,86
326,3058.812,3.509207943122176,2.1948906641943635,4.201332830124454,0.2644399053502661,0.8801451729291938,1.8982712229514884,1.994905249607193,0.41697849296085937,32.365261126964526,40.75070125010339,17.160640492220555,1.9080024539877298,2.475223926380368,B0007,301,6038,06038.csv,24,1.5962179519462243,87
326,3058.578,3.5095064920492853,2.1621122251410005,4.201522880341636,0.2669199043283192,0.8862927417689894,1.8978120665431735,1.9940601969636649,0.4171326231479289,32.68851871366292,41.0672419235651,17.085172737593847,1.9080024539877298,2.4768435582822086,B0007,305,6042,06042.csv,24,1.5958065114633972,88
325,3049.328,3.505203266169396,2.0092802451741245,4.201386492450036,0.27822874636079686,0.9160660716923443,1.9036894961898956,1.9937194932286224,0.4043488728701554,32.747733642524246,41.40590880756584,17.347017964732064,1.9138713846153845,2.4807138461538463,B0007,309,6046,06046.csv,24,1.5906507821480704,89
339,3177.219,3.5281182345919753,2.144268362237989,4.2333254357000865,0.2745683251139366,1.0652606814838235,1.9369986986497965,1.9937139334305616,0.32005599690063535,32.50500516961017,41.01558674901627,17.16496648457665,1.9469179941002948,2.5362300884955755,B0007,312,6049,06049.csv,24,1.6888211161855506,90
329,3082.937,3.519590928396835,2.0962813773920193,4.203917718634026,0.27095946893810324,0.9883408209236815,1.9233419037458164,1.9940123642001173,0.35787141371175374,32.91993878980996,41.31851435911838,16.882372629909675,1.9331495440729485,2.5165531914893613,B0007,315,6052,06052.csv,24,1.6259938279733204,91
328,3074.266,3.5146260368096875,2.0376560852489356,4.202046403451837,0.27527818530823556,0.9644607688955431,1.9169003551303383,1.9933319825535087,0.3735673895480336,32.948305858317944,41.4002950560853,16.908667212696162,1.9268512195121952,2.504871951219512,B0007,319,6056,06056.csv,24,1.6157433862812898,92
327,3066.0,3.5115494818370454,2.050265845971926,4.201592874087554,0.2742765846996205,0.9362015280242026,1.9104739991515625,1.9934516762680057,0.3890050338739006,32.76906651915661,41.2508092329952,17.021917657527244,1.9205125382262995,2.4941559633027524,B0007,323,6060,06060.csv,24,1.6056626764846538,93
326,3056.437,3.510769869032659,2.1421639870693685,4.201214370586727,0.268135375122442,0.9044025906341147,1.904277326283454,1.9942033375334116,0.40358046394844244,32.59734424608833,40.95362783962595,16.950485385122494,1.9141355828220858,2.484263803680982,B0007,327,6064,06064.csv,24,1.5949746921524348,94
325,3048.219,3.50804494279531,2.093098662464846,4.201660608337926,0.27185373111158595,0.9077014160306129,1.9040060475398195,1.9942540792901025,0.404096881065216,32.52349894408369,40.989022190981714,17.10170601830248,1.9138713846153845,2.4820215384615385,B0007,331,6068,06068.csv,24,1.5904102438871943,95
324,3039.218,3.507748080950393,2.109503853325003,4.201750207865124,0.2709271196950078,0.9061422334180809,1.903682025344975,1.999980148540772,0.4049841353119343,32.578228834731775,41.02622774121347,17.09023396830254,1.913606172839506,2.48125,B0007,335,6072,06072.csv,24,1.5853517062988178,96
324,3039.047,3.5066673521067266,2.1295447836320704,4.201226117420626,0.2696597843353944,0.8866952178493763,1.8977184161709566,1.995744295058308,0.4183923310345627,32.62728298499839,41.01371342582121,17.030251335150165,1.9074345679012343,2.4743179012345675,B0007,339,6076,06076.csv,24,1.5799737147242376,97
323,3030.375,3.5061843921745397,2.138556110583413,4.201796973837129,0.2695403153910377,0.8854638503490828,1.89734180804451,1.995283636272928,0.41888498116899225,32.652115712561326,41.04923314430273,17.047369798941865,1.907146749226006,2.474219814241486,B0007,343,6080,06080.csv,24,1.5752185465278068,98
322,3021.0,3.5051004339266254,2.1437793669909317,4.201200470517945,0.26935750816046017,0.88314519658464,1.8970244466316408,1.9943198333456515,0.4194983019730331,32.64767456395258,41.05277512550887,17.07912107297858,1.906860248447205,2.4726211180124222,B0007,347,6084,06084.csv,24,1.569798484648868,99
322,3021.75,3.5054479186890566,2.199196544880164,4.201289094579205,0.26588697295785546,0.8636279944357681,1.890944242298161,1.9968908750212224,0.4325474540590139,32.6993879231031,41.02092182377061,17.00956582823896,1.900650310559006,2.46505900621118,B0007,351,6088,06088.csv,24,1.5702565375950357,100
321,3012.265,3.500074246846,2.025290101499043,4.201033482375415,0.2785316768740694,0.8925162791192642,1.89687892991989,1.9939195524210047,0.42003052216449815,32.724576765133094,41.34840278359994,17.33407420044244,1.9065694704049843,2.46806230529595,B0007,355,6092,06092.csv,24,1.565249873909438,101
320,3002.641,3.5011647157526498,2.0874226328484515,4.201482697501314,0.27387180614210904,0.8853064101341248,1.8964776036151527,1.9941986616958336,0.4205326571189624,32.70434030242972,41.23753665797544,17.240383842154905,1.906278125,2.46861875,B0007,359,6096,06096.csv,24,1.559633933561147,102
321,3012.0,3.500407285435189,2.0863200514042264,4.196165946742788,0.2731798189442516,0.8874580332967432,1.8967990962803922,1.9932029763532657,0.4203380436684649,32.74051962267582,41.21700308433066,17.14178255444552,1.9065688473520246,2.4662429906542056,B0007,363,6100,06100.csv,24,1.5649820533392105,103
322,3020.11,3.507816455272743,2.0588247910323827,4.205246397279064,0.27615748515568417,0.9254849668317973,1.903150343237685,1.9969727693616797,0.40592532218255595,33.38712825139849,41.89753189273277,17.12424720894798,1.9130689440993789,2.4838540372670805,B0007,366,6103,06103.csv,24,1.57497949984227,104
320,3002.172000000006,3.5025243992110107,2.007722684403967,4.201509838937999,0.2798358907757273,0.9197240356493457,1.9028709165135844,2.0040394709724123,0.4072388254877473,33.270627344923426,41.90270996402953,17.290986308507996,1.912525625,2.477915625,B0007,370,6107,06107.csv,24,1.5652811168780458,105
319,2992.703,3.505155823274424,2.190682586389996,4.201909525379603,0.26758069486590746,0.8823575787989304,1.896329660235778,2.0003771874564404,0.42140006587670764,33.115074143665915,41.48233804274523,17.058698500725008,1.9059824451410656,2.471968652037618,B0007,374,6111,06111.csv,24,1.559755497470126,106
316,2964.468,3.4983646475135717,2.008435320437976,4.199865517000471,0.28046203193436453,0.9279239415722049,1.9084409166580933,2.0052937156241972,0.39550136822821486,32.90572814040102,41.641162265997195,17.441474350977014,1.9177443037974684,2.4804430379746836,B0007,378,6115,06115.csv,24,1.549897685670499,107
318,2983.375,3.500140843862167,2.164636064139996,4.2008597336564515,0.2693018983715614,0.8653477754087842,1.8897565548946964,1.9945472659822976,0.4351014528838576,32.953112654161664,41.433877603827945,17.31413201509857,1.8994006289308174,2.457301886792453,B0007,382,6119,06119.csv,24,1.543877153134502,108
317,2975.297,3.4990954701393697,2.0647427536919833,4.20162098338246,0.2764390932673891,0.8923583419497843,1.8959167588975119,1.9938553434941435,0.4226868979879755,33.2282109237263,41.8543569979417,17.395264149272798,1.9053905362776025,2.463328075709779,B0007,386,6123,06123.csv,24,1.5450187488690073,109
317,2974.9850000000006,3.5010357611640615,2.170172617792397,4.201149059944848,0.269489316351369,0.8681342974378516,1.8894086402500336,1.9945388143156637,0.4361055797477761,33.361342590516294,41.78271326384125,17.172906989067645,1.8990839116719238,2.4594227129337543,B0007,390,6127,06127.csv,24,1.5445940154102908,110
316,2966.25,3.497212315865497,2.120750718982474,4.200810741834928,0.2729718122545618,0.8675170362632305,1.8889319524937913,2.0003871362753527,0.43652920427860664,33.12431679486816,41.62744766181303,17.279637297950494,1.8987645569620248,2.45646835443038,B0007,394,6131,06131.csv,24,1.5343086721758876,111
315,2956.359,3.496089957852059,2.13627215665258,4.200373974181371,0.27191513700686604,0.8647250166878364,1.8885129340185374,1.996471333028226,0.43696165726297986,32.991553593266204,41.552128441464966,17.408782218344623,1.8984425396825395,2.4524095238095236,B0007,398,6135,06135.csv,24,1.5287603942958483,112
315,2956.344,3.495877119417779,2.0938572364769055,4.201791474587699,0.27496846524722196,0.871382224960557,1.8888280889155629,1.9936433250812409,0.4372271352047082,33.2318318845246,41.839167194182565,17.446848204320535,1.8984419047619046,2.4517460317460316,B0007,402,6139,06139.csv,24,1.5289260249179843,113
315,2956.406,3.493116071455022,1.9959465760122976,4.20067023466464,0.2822101309265451,0.8798747385805172,1.8888109089947782,1.9952567240378405,0.43727645525429354,33.5098123920945,42.23998716092915,17.56792013530953,1.8984431746031742,2.450768253968254,B0007,406,6143,06143.csv,24,1.529091650133123,114
314,2947.266,3.492655946458748,2.0305769860653866,4.20021831736756,0.27948843102800136,0.8746846112435636,1.888168080257056,2.001090966399853,0.4378463764666701,33.382402850667845,42.04090238497712,17.472376102165672,1.8981191082802544,2.450671974522293,B0007,410,6147,06147.csv,24,1.5239059324661248,115
313,2937.984,3.49208824531703,2.0758803797636745,4.200674971032527,0.2765757672691732,0.8675655268789195,1.8879294129270705,1.9951199234830208,0.4386495735333658,33.17829959346276,41.803429062834496,17.460373458928316,1.897793610223642,2.449402555910543,B0007,414,6151,06151.csv,24,1.5186675419100617,116
312,2929.125,3.490216477408044,2.0793549048242492,4.200371214024706,0.27627078565554963,0.8646605054236276,1.8877500770150009,1.995116853206629,0.439151316487272,33.01591345323486,41.6886924602386,17.58571664173058,1.8974666666666666,2.445839743589744,B0007,418,6155,06155.csv,24,1.5136482266426952,117
312,2928.454,3.4905931958620466,2.0585109366080414,4.200965645223048,0.2779142731914947,0.8700258339873286,1.8878121701005244,1.9949523118907793,0.43921002479971744,33.271000362987586,41.98817160118213,17.62439241755445,1.8974660256410254,2.4427371794871795,B0007,422,6159,06159.csv,24,1.5136050185229033,118
312,2929.375,3.4911419366203664,2.0253107306977376,4.201492773602507,0.28034687245625955,0.8760971095392294,1.8876928991276465,1.994323430810411,0.43912747667926644,33.61966967517867,42.33252236723314,17.58057793086645,1.8974660256410254,2.4468301282051286,B0007,426,6163,06163.csv,24,1.5139470614867965,119
314,2946.031,3.49283645226053,2.0069579017420067,4.192768207316796,0.2810963399437683,0.9169528752170186,1.9010239453576763,1.9935581248677672,0.41084397708584325,33.29697162630193,41.63553796804361,16.673667704381565,1.9108541401273884,2.4654968152866243,B0007,430,6167,06167.csv,24,1.5339599193158786,120
315,2955.438,3.5025157522808223,2.19792648712031,4.204602036514753,0.26938637317126457,0.8958297690443775,1.8951387117061618,2.002748484975491,0.4240019425196382,33.393130865360554,41.470498076928735,16.518384716361105,1.9047904761904761,2.4678031746031746,B0007,432,6169,06169.csv,24,1.5391372798653098,121
313,2937.625,3.492953565598811,2.029941519657255,4.200995491738166,0.2800473458588181,0.8993048796812544,1.8941605693797292,1.9944619397860412,0.4251951881545497,33.13820710362847,41.54038193238441,16.944338222207996,1.9041814696485622,2.4597571884984024,B0007,436,6173,06173.csv,24,1.5236247972838737,122
312,2929.078,3.4917462636517236,2.117150391576778,4.201036137691208,0.2739480815207626,0.8716232432503181,1.8875176184156879,1.993640903324712,0.4389657871114934,32.84069778843796,41.13947017697289,16.92651834620242,1.8974653846153846,2.4496891025641028,B0007,440,6177,06177.csv,24,1.5135813035589147,123
311,2918.375,3.490432264232957,2.1309899052747716,4.200762329918291,0.2733467115918402,0.8675051550854977,1.8871483333452153,1.994011319738722,0.4397703529105269,32.75739655594484,41.09041922644824,17.006948898687725,1.897136977491961,2.447186495176849,B0007,444,6181,06181.csv,24,1.5077850749847914,124
311,2919.812,3.488861416967918,2.1294318317485654,4.201013677167557,0.2733096704992952,0.8535142186341247,1.8807767614744106,1.9944414808648832,0.4526303344646541,32.77234087259374,41.10034021580957,17.036976328587446,1.890707395498392,2.4380707395498393,B0007,448,6185,06185.csv,24,1.5031960676037333,125
309,2900.422,3.4891932104785104,2.164511453629433,4.200439147859412,0.27158324847907117,0.8621199400613135,1.8864406837331464,1.992734445097276,0.441052769392179,32.720417557744895,41.03075447325996,17.01608202644857,1.896470550161812,2.4449093851132684,B0007,452,6189,06189.csv,24,1.497822059699588,126
309,2901.375,3.4878785713375917,2.1743012710834013,4.200264786461796,0.27080818734110307,0.8461716073648025,1.8800416304859324,1.994256304880574,0.4540173396292166,32.710022803073514,40.99688397371006,17.00364863404352,1.8899993527508088,2.4362588996763757,B0007,456,6193,06193.csv,24,1.492848534633516,127
309,2901.187,3.486430546073901,2.1928976284966537,4.200151660684939,0.26942206211431613,0.829650171155405,1.873350316923088,1.993300105892976,0.4662831517515899,32.62076759783716,40.88481342461614,17.02068095160039,1.8835300970873787,2.426873786407767,B0007,460,6197,06197.csv,24,1.492414389867026,128
308,2891.64,3.4812572775226682,2.0298495899147295,4.200453152662228,0.2810450178149723,0.8543879421732474,1.8797045920181357,1.994355063355133,0.4545094983322458,32.576518262552014,41.09400879501426,17.29745246533964,1.8896428571428572,2.4304415584415584,B0007,464,6201,06201.csv,24,1.487482776538081,129
307,2882.906,3.4823550791204023,2.0959492247836815,4.200291122451955,0.2761847367556831,0.8483991322550888,1.8790771964585375,1.9927610429233324,0.45527109312858494,32.58396494906228,41.01377835587309,17.224975499429718,1.8892820846905536,2.430182410423453,B0007,468,6205,06205.csv,24,1.482535148640411,130
307,2883.265,3.4835074286280525,2.177723491219515,4.199877643371451,0.27066423767702646,0.8285394709269278,1.8728827201349671,1.9944391195904976,0.46785169026162604,32.623742674615976,40.90635248178393,17.077633564155498,1.882771335504886,2.4234201954397396,B0007,472,6209,06209.csv,24,1.4827874322228984,131
307,2882.969,3.478976541530706,2.056251340337525,4.200436806124781,0.27901477412156306,0.8367986622985151,1.8726821517266898,1.994379463643991,0.4675952089691564,32.58599202496769,41.06596192416311,17.31626489901321,1.8827706840390879,2.4195342019543973,B0007,476,6213,06213.csv,24,1.476971179775059,132
308,2891.656,3.483501191305966,2.1512510632923165,4.193077426787744,0.271459803978156,0.8341020474443424,1.872769806970048,1.992644974954703,0.466976735288397,32.864544723781215,40.84520330629611,16.38714872321794,1.8831512987012986,2.4220162337662337,B0007,480,6217,06217.csv,24,1.4819015554137276,133
309,2901.25,3.4899701994096612,2.169369907364203,4.203372086437543,0.27209213907006213,0.8608477027984383,1.880052609562181,1.9933389783603288,0.4540465520661911,33.079651096902374,41.12807910254104,16.55220722763053,1.89,2.439391585760518,B0007,482,6219,06219.csv,24,1.4981366198874824,134
308,2891.703,3.484801138956006,2.116759239247948,4.202065190134895,0.274871385621163,0.8454899116055756,1.8730803637891618,1.9933817364068824,0.46714695079315066,32.932141650182686,41.094988453128494,16.757329217256515,1.8831512987012986,2.4259870129870134,B0007,484,6221,06221.csv,24,1.4820775214392872,135
307,2883.016,3.47835437960934,2.009424225590032,4.200086642861885,0.2823117509156759,0.8464442899572018,1.872593579883026,1.9932411647857315,0.4678085405622447,32.755748003791545,41.11877573165318,17.029158480685464,1.8827693811074917,2.4202671009771985,B0007,488,6225,06225.csv,24,1.4771155312812152,136
306,2873.453,3.475694933923807,2.0034792344341588,4.199758658258613,0.2825846583818946,0.8428127148080411,1.8724797349992206,1.995591810750265,0.468367838824259,32.52965474617847,40.980034990626955,17.207692016940825,1.8823869281045749,2.415506535947712,B0007,492,6229,06229.csv,24,1.4720772783056488,137
306,2874.031,3.481431873453954,2.172988732474185,4.199843161074874,0.2707612378199709,0.8219727286529417,1.865968723158606,1.9935321227601952,0.48060585434657793,32.848065199041,41.017509953482886,16.88523600171755,1.8758522875816994,2.4113202614379086,B0007,496,6233,06233.csv,24,1.472248013656454,138
306,2874.234,3.4796060336232353,2.087464676179042,4.200352076636086,0.27649649550394423,0.829244293819368,1.8658199135269655,1.9930538887372675,0.48042280939049997,33.072327061961936,41.299420742573055,16.90093116128417,1.8758535947712416,2.4112745098039214,B0007,500,6237,06237.csv,24,1.4670106672274663,139
305,2864.984,3.47822589673296,2.110564313669325,4.200169604165679,0.2751259546380272,0.8238336314436245,1.8654929805746872,1.996737767854495,0.48115241078075843,32.85096451719535,41.105738037939375,16.947862119283624,1.875446557377049,2.410508196721312,B0007,504,6241,06241.csv,24,1.461767249533538,140
304,2855.093,3.4743233868367187,2.0724687293779813,4.199911577879335,0.2778258705992035,0.822710255541903,1.8651572711615223,1.9940890874950363,0.48195004159869936,32.57230232995455,40.87704013237699,17.043956032448047,1.8750368421052628,2.4068947368421054,B0007,508,6245,06245.csv,24,1.4566952670489708,141
304,2855.625,3.4737305453330443,2.1253826973270513,4.199564012073342,0.27395504541306487,0.8054968608708442,1.8585270477249944,1.993227289344662,0.4934210728550704,32.450684441760906,40.730219862268235,17.11638349889392,1.8684598684210527,2.396355263157895,B0007,512,6249,06249.csv,24,1.451354972758956,142
304,2855.594,3.474812723214051,2.1147331324879475,4.199951033620322,0.2745709348042032,0.810102501895734,1.8589284752853454,1.9966895581151056,0.4936980368379071,32.7394359440147,41.03226257370644,17.14688744911906,1.8684598684210527,2.395592105263158,B0007,516,6253,06253.csv,24,1.451615926257375,143
303,2847.437,3.476096426841386,2.1738445330859366,4.19995987158867,0.2711579319011521,0.804196143569603,1.8582313740431637,1.9930274022141452,0.49444769472428574,32.775898242252914,40.89527781087817,16.86881992719114,1.868025742574257,2.3981551155115515,B0007,520,6257,06257.csv,24,1.4468161332173683,144
303,2847.36,3.4686822529487804,1.9947266977360072,4.200414702164272,0.2837379792854724,0.8145370801188618,1.8581243414426252,1.9935942445664656,0.49423269823837684,32.5817324044051,41.02491521192672,17.26597086791945,1.868025742574257,2.39276897689769,B0007,524,6261,06261.csv,24,1.4467570607768785,145
302,2837.328,3.4661964701943586,2.0033802121225017,4.199552965128597,0.28266310578979587,0.8096718037908488,1.8577436806402121,1.994370314261552,0.4951232291378951,32.35021153014993,40.815968345794715,17.35796169455523,1.867588741721854,2.389692052980133,B0007,528,6265,06265.csv,24,1.4413797481446793,146
302,2837.281,3.468183423895935,2.116470909151213,4.199706970400125,0.27448777109671585,0.7921908104367019,1.851279547247487,1.9938361784378096,0.5063643101821768,32.28754240914786,40.65138669632271,17.330903173654093,1.8609675496688738,2.3807483443708612,B0007,532,6269,06269.csv,24,1.4362456252208178,147
302,2838.515,3.4678606629897453,2.051877342511651,4.199300346769649,0.27877904296350886,0.7987760827374344,1.8514568747110707,1.9942060517882432,0.5063422319981459,32.603239183227075,40.965385542419945,17.293464828065204,1.860968874172185,2.380629139072848,B0007,536,6273,06273.csv,24,1.4368154153924828,148
301,2828.328,3.4662499547181245,2.003221375307111,4.200086391757318,0.2828554929502132,0.8122365372583338,1.857456774483957,1.993515247147098,0.49582125615542155,32.61208344144242,41.11319128215138,17.409939754083453,1.867148837209302,2.3878870431893686,B0007,540,6277,06277.csv,24,1.4362945145860049,149
302,2838.265,3.462469269360201,1.9865974995249176,4.189989265375979,0.2823498384072078,0.8100116624869389,1.8578494984920149,1.99378580594933,0.49512829575750195,32.26742656599958,40.78738321989129,17.46018989076964,1.867588741721854,2.3823311258278146,B0007,544,6281,06281.csv,24,1.4418575315878015,150
305,2864.547,3.480518309485383,2.1908121182442706,4.202670619155847,0.2708729920104876,0.8364083456515528,1.8658667712731958,1.9962132509416517,0.481338293402097,32.637733704417855,40.73001188190229,16.749855496586537,1.8754472131147537,2.4111081967213113,B0007,547,6284,06284.csv,24,1.4672063484781797,151
303,2846.39,3.4723137993738336,2.033261415031626,4.199186500777735,0.2806745352220711,0.8381318375373135,1.864786682052692,1.993458887321793,0.48247014851293285,32.665258715232376,40.990354594470126,17.071083659319047,1.8746237623762376,2.4019966996699673,B0007,551,6288,06288.csv,24,1.4518640367848883,152
302,2837.969,3.474362108592906,2.19135439601875,4.199638763972608,0.2699899809841846,0.8108187127043318,1.857949982623541,1.9936626344417872,0.49523945428193883,32.502652632323915,40.62521315513875,16.874890038198178,1.8675880794701984,2.394135761589404,B0007,555,6292,06292.csv,24,1.44713797527485,153
302,2838.156,3.4722823212388754,2.1840705012733683,4.200028390360542,0.2703824307762622,0.7988463165227038,1.8512445938350375,1.9935668796843673,0.5064473876733178,32.446842086875606,40.58944296824891,16.957168776622183,1.8609682119205293,2.383761589403974,B0007,559,6296,06296.csv,24,1.441790586562399,154
301,2829.843,3.4701761898320465,2.1664368343684446,4.199347098159206,0.27153723595261947,0.7959795535189795,1.8509121480960298,1.9934697961408,0.5071528769311282,32.39361892904713,40.584393586876246,17.044581456923137,1.8605063122923582,2.3803056478405313,B0007,563,6300,06300.csv,24,1.431630947911111,155
301,2829.625,3.4635011119445216,1.987193667465448,4.199148920577739,0.2837615614650409,0.8072009041805641,1.8508582746706244,1.9934414275491177,0.5071501586119525,32.417221778010834,40.884444140401214,17.379569593495205,1.8605069767441862,2.375036544850498,B0007,567,6304,06304.csv,24,1.4318084249673686,156
300,2819.437,3.467453100453348,2.1314172797434523,4.199648027535327,0.27386099682546383,0.7966645745528056,1.850448167143934,1.9940355259074865,0.5080447288031393,32.40094040453025,40.65159637790841,17.108409481717736,1.8600413333333332,2.3778833333333336,B0007,571,6308,06308.csv,24,1.4262562585106868,157
300,2819.579,3.4675864728547845,2.188995882590831,4.1991931757384515,0.2699644968001987,0.7810772113581619,1.8436986954785053,1.9937717858912956,0.5190085183536034,32.36314241861482,40.53138082339522,17.065513373882606,1.853376,2.3693,B0007,575,6312,06312.csv,24,1.4260877528924911,158
299,2810.672,3.462182535852444,2.0322464946417114,4.199053572226856,0.28062976022594177,0.8001043839538466,1.8499114068945497,1.9938797141417293,0.5087455951874705,32.382600705235255,40.821433488540606,17.379080469801803,1.8595739130434783,2.3717558528428095,B0007,579,6316,06316.csv,24,1.4212633510031694,159
299,2811.485,3.465962999117945,2.1695130053947387,4.199879744716988,0.2713369138330934,0.7822710211416775,1.8433052525030065,1.9940053249383376,0.5197022937246866,32.4323818014572,40.643362943412974,17.138933425093768,1.852885618729097,2.3662809364548494,B0007,583,6320,06320.csv,24,1.4163272748795108,160
298,2802.422,3.4601727514874407,1.9917978280585305,4.1986801794397035,0.28368201666912907,0.8013009232472204,1.8494704084408726,1.9936134940183787,0.5096143033077817,32.4886182994049,40.97063567014205,17.4321299310359,1.859102013422819,2.36960067114094,B0007,587,6324,06324.csv,24,1.4165781829175994,161
298,2801.625,3.464226115253961,2.1534486462617073,4.199235005181635,0.27226661402086466,0.7815411748401395,1.8426518730090404,1.9932783787552537,0.520769116627146,32.524062377970175,40.74888323397497,17.151230611879715,1.852392617449664,2.364956375838926,B0007,591,6328,06328.csv,24,1.4108401729425175,162
298,2802.031,3.458799193390812,2.0101572712330453,4.198950996279868,0.2820160660730706,0.7889595344041029,1.8427340446711198,1.9936687629475545,0.5204805895168696,32.482615965621896,40.93461596721165,17.42425381534143,1.852392617449664,2.3605906040268456,B0007,595,6332,06332.csv,24,1.4109949628347804,163
297,2793.39,3.4620805499710854,2.132718741006573,4.199393701075195,0.27384344144244144,0.7808967142860164,1.8422546341563226,1.9932378340066104,0.5214152023843951,32.46389583182878,40.74175890345818,17.23706054605839,1.8518956228956227,2.3611683501683505,B0007,599,6336,06336.csv,24,1.40617142903988,164
297,2793.39,3.4578782949034514,2.0114763339798887,4.198994975977764,0.2819443953517858,0.7886015170414669,1.8422801054282005,1.9929534332525367,0.5214208870579174,32.55681404542561,41.00964443691023,17.454125665411244,1.8518936026936026,2.357814814814815,B0007,603,6340,06340.csv,24,1.4063358479692922,165
297,2792.485,3.461590937144894,2.1610456063312298,4.198421699164089,0.2715863570528851,0.7695223938802398,1.8356178787001052,1.997554904717948,0.5320114278467215,32.576296430484255,40.80558697887537,17.2097693354075,1.8451636363636363,2.3525319865319867,B0007,607,6344,06344.csv,24,1.4004552399066514,166
298,2802.016,3.462906230864041,2.0143553387267827,4.188887274283021,0.28210992553139796,0.8166944152620172,1.856105838135471,1.9933150584565904,0.4982417938705446,32.81804879809979,40.92586026351328,16.434470963781763,1.8658107382550333,2.3804194630872484,B0007,611,6348,06348.csv,24,1.4217865046055154,167
300,2820.39,3.4753580425264796,2.1732119934933296,4.2050716026539625,0.2751974835408152,0.8212105405996502,1.8574525637904344,2.0060375207298797,0.4967399727413084,32.92941193334214,40.57390100608222,15.83597780711051,1.866706,2.3909033333333336,B0007,613,6350,06350.csv,24,1.4324552720625434,168
366,3434.891,3.5275462263272543,2.4721608434600437,4.188195942647034,0.23593809471955424,1.1348783116802026,1.9542109199809996,2.012995081928318,0.32800361075746903,31.773285281389256,38.10180309676608,14.282282845161685,1.9443513661202183,2.5676885245901637,B0018,2,6355,06355.csv,24,1.8550045207910817,1
362,3425.485,3.534835576186522,2.4114381994148304,4.186703558364525,0.23822583660538216,1.0983158825752333,1.9474911909917818,2.012643873951446,0.34522628237249564,31.92489159472864,38.14987995994155,13.835092885511425,1.9380259668508284,2.574022099447514,B0018,6,6359,06359.csv,24,1.8431955317089987,2
358,3410.375,3.5382465961594427,2.394395968141027,4.188811210133346,0.2376218187404555,1.1119535557891744,1.9520851377838422,2.0118244627327857,0.33139196286859035,31.31691283374216,37.5266914843442,13.782797235155389,1.942836312849162,2.5820670391061453,B0018,10,6363,06363.csv,24,1.8396018424355425,3
355,3404.719,3.537697945111872,2.3999481734774424,4.188875360300162,0.23702151443181582,1.0864514500477545,1.946124428336899,2.013527122907663,0.34840348066344007,30.821190751176527,37.06279237079503,13.834935560845658,1.9368157746478871,2.5713042253521126,B0018,14,6367,06367.csv,24,1.8306736044962053,4
354,3417.641,3.542667604586918,2.3851461229395867,4.189908817357781,0.23977422893128963,1.0722281187389733,1.941296553298507,2.014479287336525,0.36400534219725983,31.95346971511436,38.2110354381278,13.788967209279392,1.9312022598870056,2.5684887005649712,B0018,17,6370,06370.csv,24,1.8327002069419656,5
351,3411.766,3.545103733047733,2.3716770708389117,4.190509582057232,0.24145172117228786,1.076281052659212,1.940081322071115,2.01246830059768,0.3654843265295829,32.02311236185272,38.17496505957075,13.479678524485568,1.9304615384615378,2.572752136752137,B0018,19,6372,06372.csv,24,1.8285288846046388,6
348,3399.516,3.5475142438631493,2.4964491577040793,4.1903241054041,0.2321850191658321,1.0207544438812755,1.9336087087327076,2.0129654127777004,0.3814317094765695,31.634533158077694,37.64038685475582,13.326726713334526,1.9240701149425286,2.567810344827586,B0018,21,6374,06374.csv,24,1.8212011895697924,7
345,3388.75,3.544812433691423,2.4374506721131883,4.190302498850287,0.23629886387759838,1.0256171391803024,1.933297862328721,2.0253396376938984,0.3830327169733657,31.28819492159572,37.37602884738843,13.458760897309936,1.9234573913043476,2.563631884057971,B0018,23,6376,06376.csv,24,1.815170010643328,8
342,3380.406,3.5434780274164095,2.4152206992194847,4.188517549229078,0.23717320476776593,1.0214214865742397,1.9326277820604822,2.0164107237206794,0.3846816267374156,31.11122470608501,37.28928029078695,13.634639188509272,1.9228538011695904,2.558219298245614,B0018,26,6379,06379.csv,24,1.8042980520967649,9
343,3404.141,3.543133206790044,2.377432309524995,4.191794143442699,0.24012979810787682,1.0472923045171445,1.9387908075093485,2.0137948590788683,0.3695916845920226,31.13166983979621,37.52377766578506,13.925774434432604,1.928967930029154,2.5672915451895046,B0018,29,6382,06382.csv,24,1.8231002302844224,10
340,3396.141,3.545155146280937,2.3887487262583647,4.190699409462101,0.2398441769574523,1.027187546451835,1.9319664603010853,2.0130992718348324,0.3857477415661153,31.51305775907457,37.72420412562674,13.59591454207763,1.922387058823529,2.5625999999999998,B0018,31,6384,06384.csv,24,1.8121253520255496,11
337,3384.094,3.545032366549762,2.432289857016922,4.1902633112754275,0.23671690983377974,0.9927166685228226,1.925061300186587,2.012646457499825,0.4014884734995456,31.31102568785445,37.41366095304306,13.40266394220513,1.9156249258160234,2.556700296735905,B0018,33,6386,06386.csv,24,1.8046916382117768,12
334,3370.656,3.5440892170496827,2.497495633221204,4.18970538556629,0.23187046893579166,0.9552514801603977,1.9180531611923362,2.011939908405691,0.41667220998458215,30.893964711700164,36.94724908852665,13.39270238284012,1.908868862275449,2.5484910179640714,B0018,35,6388,06388.csv,24,1.790844349786295,13
331,3357.797,3.541317108618481,2.478768686108376,4.188354430914051,0.23251146397316688,0.9463324254109455,1.9174273940216064,2.013704827395307,0.41834757983871346,30.540598970902945,36.707091312059944,13.616589629884814,1.9081456193353472,2.540510574018127,B0018,38,6391,06391.csv,24,1.783470722841926,14
330,3363.015,3.541197979542517,2.385849407868021,4.193543208571066,0.24021272223025195,0.966209410743033,1.918118110064441,2.0130040542547274,0.41914592935555084,30.82566018736547,37.13061214416645,13.827066648678041,1.908073333333333,2.540351515151515,B0018,41,6394,06394.csv,24,1.7809386125310702,15
327,3357.734,3.541255460524434,2.372854084449551,4.190238041929225,0.24144461874172096,0.9517904329244273,1.910662175289524,2.0147841532663255,0.43401802048220867,31.451400678644536,37.686600065941576,13.68648014897975,1.901058103975535,2.532669724770642,B0018,43,6396,06396.csv,24,1.771209039672698,16
325,3344.187,3.5427478949705886,2.4086912736769084,4.19075698083662,0.23888392979145703,0.9383916851626952,1.909473949995673,2.0129355983090056,0.43519927252961843,31.518847747922937,37.633580732302406,13.403164267061097,1.9002553846153845,2.5351661538461543,B0018,45,6398,06398.csv,24,1.7686303996707076,17
323,3339.969,3.541251093602656,2.496331992137246,4.189715378549557,0.2324484163464294,0.8913597967582154,1.8961919320059226,2.0117266911103093,0.46155228798292747,31.11237289077096,37.15252578645951,13.356864198911953,1.8872445820433439,2.518058823529412,B0018,47,6400,06400.csv,24,1.7536304801917124,18
320,3327.641,3.5350260562177453,2.4199896352919668,4.187635645163932,0.23673810485604097,0.8885361917811521,1.8949909147363193,2.012077515518729,0.46362243413137183,30.586452588663985,36.78829001793698,13.660965064582157,1.8861693750000001,2.509953125,B0018,50,6403,06403.csv,24,1.7462197416415093,19
317,3312.844,3.5326627624319777,2.3587321881999297,4.191004692440202,0.24205060186858243,0.9080924888062816,1.900306537433319,2.011349710066744,0.4531739170037248,30.242913021104116,36.541146197392216,13.760178935321282,1.891400630914826,2.51618927444795,B0018,53,6406,06406.csv,24,1.7376647337053737,20
315,3302.031,3.5333109441755526,2.4458096660548825,4.1906972904216495,0.23571365599408983,0.8763373671805348,1.8937532529571761,2.0122749284189503,0.46690195047052746,30.10270376338569,36.372087786130464,13.78970387524841,1.88444253968254,2.5047142857142863,B0018,55,6408,06408.csv,24,1.7315166735475835,21
314,3305.547,3.52738705832889,2.3808537751929744,4.185877977731026,0.23938537053798334,0.8487819908274221,1.874059169656162,2.012448687975656,0.5024658658127134,30.251184852221932,36.52608510498833,13.812007237165748,1.8649783439490446,2.475640127388535,B0018,57,6410,06410.csv,24,1.7085949894470602,22
311,3289.562,3.5296025965720452,2.436955746154759,4.188109147549676,0.23625500977889213,0.8423901908944598,1.8792679725699228,2.012334644346066,0.4935111882303174,30.212407704391104,36.476252762052624,13.814462528323176,1.8701054662379417,2.48348231511254,B0018,59,6412,06412.csv,24,1.711469957068211,23
309,3283.797,3.5289707694229833,2.4671365731790713,4.188302415854336,0.2343838074305617,0.8316278433386688,1.8781179185820256,2.0122688936966697,0.49473168261758504,30.125011009636175,36.377208902376694,13.869041476945839,1.8692634304207119,2.4785307443365694,B0018,62,6415,06415.csv,24,1.7075021373272627,24
312,3325.235,3.5322741848919814,2.4129371999368505,4.18962510592865,0.23896798551869863,0.8983531597920806,1.8994255210827664,2.012513173999148,0.4567200125973096,30.22428629982563,36.64000948247426,14.022095600908937,1.8899275641025635,2.5105320512820515,B0018,65,6418,06418.csv,24,1.7492382064360228,25
310,3317.547,3.532438322521663,2.3497771039810256,4.190150750158746,0.24393574439533725,0.8904259157534131,1.8927442392596563,2.0129844574191207,0.4705544011293551,30.976376254737342,37.38165499248184,13.951111615628239,1.8828103225806445,2.502193548387097,B0018,67,6420,06420.csv,24,1.7327697147429957,26
308,3311.766,3.5363211310943603,2.4904700018477026,4.189151018945234,0.23431450662672546,0.8451511573430084,1.8784657143180254,2.013596799411644,0.4958526515854287,31.415702913300986,37.59824760372582,13.631301092872455,1.8690272727272723,2.48763961038961,B0018,69,6422,06422.csv,24,1.7222313328292376,27
306,3305.218,3.533535274219931,2.4650908929255406,4.189631312089484,0.23637695652955387,0.8311823440036634,1.8709273444688055,2.0157162812456435,0.5085963634369715,31.383299841535273,37.560555155163414,13.596202139534398,1.8615614379084966,2.4779281045751635,B0018,71,6424,06424.csv,24,1.711846298984729,28
304,3295.453,3.527012841842043,2.363133281953362,4.187690359657657,0.24335291601062253,0.8319919229684123,1.869833775048847,2.0125462740568847,0.510458501473927,31.167937826253638,37.52114200586718,13.887223208874385,1.8606164473684212,2.470144736842105,B0018,74,6427,06427.csv,24,1.699267835126687,29
302,3287.0,3.52925730014011,2.4790616361836206,4.190215357888677,0.23601704240940327,0.8088544339963426,1.8624408195732676,2.012800439982786,0.5227478974145736,30.994690437264207,37.21887096740918,13.733992397927686,1.853080132450331,2.4637582781456957,B0018,77,6430,06430.csv,24,1.6940366439243106,30
300,3276.922,3.527821497534469,2.491905723274248,4.189776104976122,0.23528435512899706,0.7942056149715664,1.8548677904045765,2.0132684044986244,0.5352863944103575,31.055317978554886,37.33441415744885,13.864091300423084,1.8455739999999998,2.451346666666667,B0018,79,6432,06432.csv,24,1.6819027078768087,31
298,3268.687,3.525692957415014,2.4337177596826547,4.189846430994002,0.24004452342757918,0.7982738490280785,1.8539547618996213,2.013231862286827,0.536947140227542,31.373945543706103,37.7331798444306,13.959666351365811,1.8445805369127515,2.447838926174496,B0018,81,6434,06434.csv,24,1.6769770618433686,32
296,3260.594,3.5243962482347273,2.4424506461535755,4.188109551881256,0.2394721635863498,0.7837493422222472,1.8458129961867056,2.0132145295965795,0.5490915965506679,31.56128410753226,37.84649344841882,13.845030292897587,1.8367094594594593,2.436908783783784,B0018,83,6436,06436.csv,24,1.6655229306478936,33
295,3258.812,3.520797576383474,2.4383419399858552,4.186368648390758,0.23938630633957259,0.7674937446584322,1.8383647798398939,2.0141222933728917,0.5602053123990604,31.318474723902874,37.670164941661795,13.97297504121958,1.829296271186441,2.4220881355932202,B0018,86,6439,06439.csv,24,1.6571924575832084,34
292,3243.422,3.519457281260753,2.4157245398944123,4.1901657245031085,0.24290739226961802,0.7752516722458407,1.8436169601332795,2.0127023314619743,0.5523858583153195,31.104012325043946,37.53185198546868,14.040052223510799,1.8343876712328768,2.431705479452055,B0018,89,6442,06442.csv,24,1.6482241555294048,35
281,3236.515,3.513165600287965,2.323395712524894,4.189966178473989,0.2505997920449218,0.7737491142526522,1.8371621051457112,2.0131406541163614,0.5623536642493775,30.989730398009076,37.593333753421376,14.270328950426066,1.8279665480427045,2.417832740213523,B0018,91,6444,06444.csv,24,1.6387701497987262,36
289,3230.734,3.517217159454334,2.4985039496028567,4.188259618341401,0.23646371766168015,0.7332436294953295,1.8212842869006978,2.0140330003394356,0.5854202439037296,30.967851972472324,37.361410110678264,14.10897142586716,1.812067820069204,2.3934256055363323,B0018,93,6446,06446.csv,24,1.6276486907262062,37
287,3222.093,3.5120091114107965,2.350237238739749,4.1897400575765795,0.24844885716156298,0.7534588661657509,1.8271648718054267,2.012673084048405,0.5775148427624969,31.285342046153826,37.899803246715464,14.406317367102034,1.8177714285714284,2.3996132404181187,B0018,95,6448,06448.csv,24,1.62215370227252,38
286,3220.344,3.50911052654104,2.3337740352348813,4.1862359225351335,0.24916353461839447,0.7408452686130462,1.8191728083237906,2.012635202899368,0.5883016026735614,31.41096207271253,38.03149707759718,14.377066868913595,1.8099804195804197,2.3858146853146858,B0018,98,6451,06451.csv,24,1.6140066510467586,39
288,3250.75,3.516106699716392,2.317647291087635,4.189625262426538,0.2527780128103343,0.8527080200198571,1.8694837461066784,2.01318368468478,0.5115312648072848,30.755137125871208,37.42220155418978,14.405662526533703,1.860028472222222,2.46078125,B0018,101,6454,06454.csv,24,1.6760516154424625,40
286,3239.344,3.519010068254593,2.492394514304757,4.186586244011676,0.23843671844136033,0.7796761149778821,1.8398837087631794,2.012193154001789,0.5578305966902095,30.977446633931525,37.32511174435206,13.942408563464888,1.8309419580419586,2.4224440559440557,B0018,103,6456,06456.csv,24,1.649300642552199,41
283,3222.25,3.5124212742229295,2.372828310153791,4.189366482043888,0.24807896905848464,0.7807657183902084,1.8381164059202344,2.012774153678253,0.5605506174973947,30.800512192698992,37.31088262198154,14.156860009419333,1.8291441696113073,2.4184169611307422,B0018,105,6458,06458.csv,24,1.63238299185809,42
281,3206.157,3.50815215295169,2.3560703177076867,4.188553804618968,0.24913183688172647,0.7636935186489291,1.8297880104809248,2.012946778665685,0.5729052675059204,30.616192795676138,37.23234655688736,14.347060792828188,1.8208199288256228,2.4027046263345198,B0018,107,6460,06460.csv,24,1.6164159719025777,43
279,3197.969,3.508648568515266,2.4644431530094417,4.188764708195774,0.2416809977881533,0.7376034172770827,1.8212266980386598,2.0135827897679706,0.5849188022567446,30.399839302766903,36.94850857727268,14.382161069700242,1.8123935483870968,2.384924731182796,B0018,110,6463,06463.csv,24,1.6109028378249377,44
277,3181.625,3.5051993439595477,2.4195167274486726,4.188636968174337,0.24592770126573016,0.7413836093097097,1.8200511638153392,2.013020303951627,0.5868385117109034,30.38386825126278,37.002663545357386,14.450028672941336,1.8110570397111914,2.384595667870036,B0018,113,6466,06466.csv,24,1.5954638693695655,45
301,3302.36,3.523165280193865,2.3422406504312434,4.188466199744378,0.2531872948633197,1.0351328902917665,1.8952650812503178,2.023314533825632,0.4646171251346768,30.576239500422748,36.71025442949399,13.58524545202365,1.885913621262458,2.502069767441861,B0018,116,6469,06469.csv,24,1.726707440085764,46
298,3285.812,3.527269876472835,2.3755467142668496,4.189570916346704,0.24733295181963344,0.9684104262747835,1.8868537565375962,2.012680983917414,0.4791257929311746,30.705906284556665,36.72807623650589,13.319111847817684,1.8779865771812077,2.492510067114094,B0018,118,6471,06471.csv,24,1.7165673917429751,47
295,3260.016,3.526762654741574,2.4146291375325917,4.189584987657955,0.24238345697843694,0.9100506781451299,1.8788753959478912,2.0115911942512583,0.49407846014370227,30.62583594950684,36.72959308355185,13.449346923701938,1.8699830508474575,2.4844983050847453,B0018,120,6473,06473.csv,24,1.6958235570934848,48
292,3240.031,3.5230201794761045,2.3844645496129964,4.189371286385834,0.24369805846258477,0.8763170624457723,1.8706037936587119,2.01260531537844,0.5082058740243448,30.597357068657974,36.787462351640364,13.582848464382916,1.8617883561643835,2.4680890410958907,B0018,122,6475,06475.csv,24,1.6777783190792557,49
290,3232.265,3.519792345798265,2.398646371281655,4.187606340824144,0.24226706150778518,0.8400198376245145,1.8563433115641514,2.0134407767806635,0.5326432027762483,30.528493896066262,36.75689163314213,13.632929336245205,1.8472606896551724,2.439379310344828,B0018,124,6477,06477.csv,24,1.6606586897774192,50
289,3232.031,3.5251014582287223,2.4557130111721626,4.188829347125095,0.23981359831205842,0.8469656894063711,1.862585561392643,2.0130995106645164,0.5221704114976312,31.203754246103966,37.350157630970955,13.5766760430947,1.8535716262975777,2.4549584775086504,B0018,127,6480,06480.csv,24,1.6664109274827466,51
286,3209.5149999999994,3.518519199837846,2.323665882820083,4.189202115880737,0.24939141066354564,0.8476299593500087,1.8608275999435941,2.0125662318740924,0.5248684995787435,31.172639449335033,37.48126030855565,13.747220400290761,1.8519230769230772,2.4480489510489507,B0018,129,6482,06482.csv,24,1.6468336174407805,52
284,3196.125,3.5190801794284594,2.488054079510012,4.186778882107656,0.23690724186719367,0.7919382976394034,1.8386717524299487,2.026718552407948,0.559510889405247,30.96825922704022,37.125443897626305,13.565769052168076,1.829798591549296,2.422338028169014,B0018,131,6484,06484.csv,24,1.6257639928779952,53
281,3172.562,3.5114167272902406,2.3306937114568003,4.187888599491238,0.24918642757567705,0.8069186108178736,1.8439502592032078,2.013261835361458,0.5517155422065935,30.821704306343126,37.19112571388883,13.881495006863577,1.8351195729537366,2.4248007117437718,B0018,133,6486,06486.csv,24,1.6121577411874597,54
280,3172.735,3.5108038681605738,2.389399831578687,4.18915752014188,0.24559837488593786,0.7883986527714422,1.8363611899628556,2.0186878439171223,0.5631945663434421,30.765219721637393,37.17642722353301,14.032450335993953,1.8274271428571427,2.408760714285714,B0018,135,6488,06488.csv,24,1.6057366823755344,55
279,3238.109,3.51432611790755,2.4864200723178747,4.191289655270872,0.2428063484849185,0.877146217802304,1.8647983585269596,2.012371641203182,0.5189834946907256,30.809988428281613,37.11936678632194,14.024592463422781,1.8555584229390676,2.453232974910394,B0018,140,6493,06493.csv,24,1.673645314879889,56
279,3191.063,3.5196664048265607,2.4673631110639858,4.190628233635541,0.24226929721478907,0.8385839525923129,1.8573844598978848,2.013097827670719,0.5309019686925572,31.039033590700278,37.2702464066457,13.703024376108388,1.8483146953405019,2.4489032258064514,B0018,142,6495,06495.csv,24,1.6404348572349936,57
276,3165.828,3.512403849382274,2.375173080957567,4.189158279329032,0.24876150712458972,0.8213564842107246,1.8484570483918756,2.0125787987088013,0.544955976023811,31.04176453157222,37.39550861947664,13.854200654744794,1.8393898550724639,2.4323369565217394,B0018,144,6497,06497.csv,24,1.6132653317422077,58
273,3140.407,3.5077862234460104,2.371626022111289,4.185868202467219,0.2484405454914132,0.7981250427574054,1.8393054301836187,2.015019692764474,0.558982777511567,30.959784195511766,37.378956702246384,13.990647158979527,1.8302923076923077,2.412333333333333,B0018,146,6499,06499.csv,24,1.5920964324686278,59
271,3131.922,3.5076596102713244,2.463955873060647,4.186906972044146,0.24221243142965282,0.7707181950851405,1.8305065982985735,2.020734675534358,0.5717503704578598,30.843513277103145,37.245718322158105,14.077969621821396,1.8216819188191882,2.398937269372694,B0018,149,6502,06502.csv,24,1.5866011820698824,60
269,3121.109,3.5074833565874615,2.475545296633258,4.189576283423886,0.24283119916150958,0.7680436704695772,1.8293412804363796,2.012930230685489,0.5735136933454928,30.797157400797865,37.21755583353321,14.09724532384664,1.820474349442379,2.39917843866171,B0018,152,6505,06505.csv,24,1.580076649033625,61
267,3105.265,3.5023865933440717,2.3791563087604626,4.189808713646982,0.25053086729286805,0.7737938263664237,1.8279512192885508,2.0135210876274656,0.5753377250326288,30.984434580754094,37.56150979821064,14.275118543021378,1.8191123595505616,2.3946779026217224,B0018,154,6507,06507.csv,24,1.5641732953289167,62
265,3091.25,3.503693493885047,2.4776158338943337,4.188889298039903,0.24339017954535833,0.7476229948487463,1.8189271458622258,2.013049747683001,0.5879523768419997,30.96789927513994,37.4174791317661,14.133250531365931,1.810126037735849,2.3815018867924524,B0018,156,6509,06509.csv,24,1.555618272193922,63
263,3076.703,3.4989948462048113,2.4205549690097223,4.188220838257245,0.24804744749268168,0.7473304181820994,1.8173207359406967,2.01215000710487,0.5899823940553199,30.976616345195186,37.55101533655474,14.3271566259017,1.808690494296578,2.3755247148288974,B0018,158,6511,06511.csv,24,1.5402045278637395,64
261,3062.328,3.495405576723954,2.415388497112405,4.186454063976498,0.24854315694839318,0.7405627025941728,1.815903873114457,2.0124985987201267,0.5920349096110298,30.89768961926806,37.59895044072871,14.571742963671618,1.8072268199233716,2.3658122605363987,B0018,161,6514,06514.csv,24,1.5321613015959863,65
259,3050.563,3.494528300232307,2.3974205597873093,4.1895672733133145,0.2518026464746906,0.7505787936136117,1.8221864963215513,2.013303363874512,0.5832853420027148,30.81568822237933,37.48923978216981,14.457620276256321,1.8134602316602315,2.378710424710425,B0018,164,6517,06517.csv,24,1.5316232403693415,66
257,3034.672,3.4962554827793926,2.497752653580319,4.1892977641056035,0.24451613098918093,0.7254520055653857,1.8131228210611743,2.0127782408337165,0.5964398762316434,30.726188079151118,37.37911114363861,14.476090099190337,1.8042622568093385,2.366105058365759,B0018,166,6519,06519.csv,24,1.5222595950771978,67
256,3031.25,3.48769646191346,2.3726090777895896,4.186793087812023,0.25310566427547665,0.7257594822420703,1.8045932244909424,2.011894643612056,0.6077218695085601,30.768187126510046,37.559604168615785,14.726120076485252,1.7956921874999998,2.345828125,B0018,168,6521,06521.csv,24,1.5065267126851285,68
253,3011.343,3.486547580844067,2.36844257542991,4.188594535127793,0.25472365053483964,0.7302653408975845,1.8101191845563853,2.0125266173463885,0.6005171816917168,30.775415173787835,37.61805450748922,14.750242289347721,1.8011913043478263,2.353517786561265,B0018,170,6523,06523.csv,24,1.5014219556532926,69
252,3003.0,3.482298183882304,2.331968556073514,4.186295492358637,0.25725630507414204,0.7276711889927601,1.8091687217485317,2.0121939690963395,0.6015346118668679,30.761821976538275,37.71101994346608,14.966822382534765,1.8004,2.3438452380952386,B0018,173,6526,06526.csv,24,1.4963534117486457,70
255,3045.187,3.491819481711868,2.4057755306304176,4.187384370589753,0.2528720400746576,0.7730636938541777,1.827726853877921,2.0205100517708847,0.5765261995920948,30.913721930762733,37.767989299214086,14.758108660774422,1.8185458823529412,2.381392156862745,B0018,176,6529,06529.csv,24,1.5334262000312422,71
253,3028.469,3.493995853241935,2.4720838848798987,4.188929264481706,0.24836794799207226,0.7474454049420158,1.8181357480526956,2.0131819742858483,0.5895707990203048,31.228215653165606,37.91919394450186,14.546523116946744,1.8090909090909093,2.3730948616600793,B0018,178,6531,06531.csv,24,1.523845267514426,72
251,3012.937,3.484377015629623,2.342731326096539,4.1852697593324315,0.2568306177070208,0.7415545135995125,1.8087318986371326,2.013496073486494,0.6029133604760181,31.261679783387308,37.99328509003338,14.551558938300936,1.7995976095617527,2.3474541832669322,B0018,180,6533,06533.csv,24,1.501192099426124,73
249,2998.875,3.4859116793558376,2.4198650452188226,4.18799771486628,0.25228758044597677,0.727720078200234,1.8068838629047144,2.0122733205325782,0.6047203809473584,31.18408593575448,37.984838024989045,14.68710424437906,1.798001606425703,2.348277108433735,B0018,182,6535,06535.csv,24,1.492417671450291,74
247,2983.547,3.4842787539766786,2.438879997223475,4.187899339921793,0.2513746279293885,0.7195852373766409,1.8051301104523692,2.013027320256293,0.6069178832141437,31.001432353085377,37.8288851383529,14.729454479562222,1.7963781376518213,2.338991902834008,B0018,184,6537,06537.csv,24,1.483323851940123,75
245,2966.86,3.482988652120672,2.430465824271706,4.1882916128809375,0.25328404675617033,0.7267611349042435,1.8119470315792268,2.012954260463709,0.5981252434394352,30.981374033120872,37.844837975501,14.797914717972414,1.802892244897959,2.347489795918367,B0018,187,6540,06540.csv,24,1.4807376792294196,76
243,2954.797,3.483799876979844,2.4907267597860656,4.187409532380725,0.24854025405225647,0.7092221096582012,1.8022960362005227,2.012741175686338,0.6115114596412922,31.088687926688607,37.8984610468502,14.782900739629458,1.793182716049382,2.332164609053498,B0018,189,6542,06542.csv,24,1.4735077809902477,77
242,2945.735,3.4787540756450497,2.3678328028644775,4.188656943531829,0.258682572061587,0.7281385688292414,1.8094290000039503,2.013377348559974,0.6015709818366892,31.336420133762665,38.27784043980244,14.853740541450641,1.8004537190082643,2.344665289256198,B0018,191,6544,06544.csv,24,1.46801928526661,78
241,2941.375,3.4752194351784507,2.3532703553328904,4.188198669984733,0.25928028571553985,0.7174843788775687,1.8001710585950088,2.013211476410487,0.6137236339762075,31.225999871035654,38.24434303919528,15.033328045937424,1.7913327800829875,2.3332033195020747,B0018,193,6546,06546.csv,24,1.458092355711902,79
239,2923.953,3.470739535801023,2.362897904778893,4.184528192003684,0.25826458177370387,0.707776650894278,1.7982783434087146,2.0142936610392694,0.6158664083527366,31.037323488688802,38.06956259266949,15.130338938395269,1.789596652719665,2.322623430962343,B0018,196,6549,06549.csv,24,1.44786609888914,80
238,2921.031,3.474600910003521,2.420200016704328,4.1927676322495895,0.2567383916056943,0.7169455553362263,1.8059082478297526,2.013245286480298,0.6059608523475356,30.811349225731828,37.81744565252647,15.101847724989106,1.7971235294117645,2.337966386554622,B0018,199,6552,06552.csv,24,1.4527808777541982,81
236,2902.75,3.4740521567700093,2.472605886588914,4.187873640279204,0.25183127793045806,0.6977831871255304,1.7960421274876461,2.0138967840468363,0.6194837327474192,30.932223179746046,37.902567770354786,15.08570110747149,1.7870338983050844,2.321927966101695,B0018,201,6554,06554.csv,24,1.4425356364492432,82
235,2897.875,3.475075728648004,2.483165462226557,4.1880559282136725,0.251526215403128,0.6959700110332423,1.7951360727402537,2.0132739002306224,0.6202550885933535,31.215527070380897,38.16628336469349,15.010925992316306,1.786205106382978,2.3212340425531917,B0018,203,6556,06556.csv,24,1.4392712877203313,83
234,2892.094,3.472424307596416,2.4341986830086237,4.188063095530185,0.2553873265325529,0.7008166270938987,1.7941739344584164,2.0131642650090824,0.6219148875143559,31.400797084337558,38.36789486715962,14.995504907303491,1.7851470085470083,2.3195982905982904,B0018,205,6558,06558.csv,24,1.4286475681888218,84
233,2886.921,3.471751102262539,2.497859027600416,4.185913481526783,0.2500350267547141,0.6812456245527243,1.7843016718137397,2.012453716602352,0.6336068636911543,31.259213269721236,38.19823604401131,15.0862269749469,1.7756489270386264,2.3025193133047215,B0018,208,6561,06561.csv,24,1.4249026750004896,85
237,2942.531,3.4745407296058963,2.3747408457948316,4.187259539606346,0.26008949007998805,0.7567667111765202,1.813788499367627,2.013506755621097,0.5958586431455523,31.134701292957466,38.099982807571635,14.984187644177865,1.8047063291139243,2.349945147679325,B0018,211,6564,06564.csv,24,1.4698115324524124,86
234,2912.469,3.471720060423485,2.3589340839760866,4.187670932765983,0.2610747026996445,0.7470011192660122,1.8110727721248212,2.014872086495032,0.5992123003543539,31.246879695988095,38.214523782841354,14.949460831569777,1.802108547008547,2.3449188034188033,B0018,213,6566,06566.csv,24,1.4525819651050202,87
232,2895.594,3.4713984098288235,2.4413266342198545,4.187836103953847,0.2549764345163562,0.7195233870221438,1.800843536656487,2.0126300040805116,0.6128154420706069,31.027558674438325,37.939696536164234,14.912651922328532,1.7917603448275863,2.3282887931034484,B0018,215,6568,06568.csv,24,1.442834198908794,88
230,2884.406,3.46264910889707,2.311419659807122,4.18719517574786,0.26443480657906676,0.7232684081941847,1.7987451761291422,2.012054810012164,0.6152244037239009,30.931917385258963,38.06666733482501,15.277643809562523,1.7899356521739134,2.3198782608695656,B0018,217,6570,06570.csv,24,1.428376058807949,89
229,2873.766,3.466072725920186,2.4953159238201255,4.183339938829854,0.24999022482858319,0.6816571046250388,1.7805436810978414,2.011816454093025,0.6384555022191081,30.667082236656018,37.63260475617888,15.153251424865218,1.7716611353711793,2.2893668122270743,B0018,219,6572,06572.csv,24,1.4154547844370715,90
230,2893.375,3.4730670533412877,2.4398479869382084,4.192209704853633,0.25755912484066085,0.7461728019193239,1.8167789860440038,2.0147251295387147,0.5918312151441142,31.226789107710772,38.18223603956323,15.028439483813429,1.8076278260869558,2.350430434782609,B0018,222,6575,06575.csv,24,1.454576670077708,91
229,2884.9839999999967,3.4668548162926327,2.376538319699514,4.1866224559264715,0.25997402118722357,0.7262471438803053,1.7982196580886103,2.01362953818943,0.616523463706281,31.387733116648285,38.3907466519188,15.090759234187896,1.7893737991266367,2.319371179039301,B0018,224,6577,06577.csv,24,1.4283179548274056,92
227,2870.234,3.46527367520258,2.3722299202290382,4.186945959000922,0.2606232704196867,0.7213566603350166,1.7965749976228835,2.0143431411678145,0.618937124028915,31.505666838292886,38.51622654624205,15.07640864872127,1.787525110132158,2.3141453744493394,B0018,226,6579,06579.csv,24,1.4197026883204058,93
226,2864.11,3.4638878223448684,2.361475505115684,4.1874400308161395,0.26198151981210166,0.7175182530445876,1.7954761404060116,2.013805013275104,0.6199586104036519,31.5462258449116,38.56612180540248,15.041973554557451,1.7864991150442473,2.3136017699115046,B0018,228,6581,06581.csv,24,1.4155606630306516,94
224,2846.64,3.457807923440064,2.317937855025735,4.1845980039811215,0.2643751106331802,0.7133094482991882,1.793869219146701,2.0140103653857673,0.6226970471134031,31.389977882297476,38.5606541602861,15.385497420673612,1.7846446428571423,2.3010937499999997,B0018,231,6584,06584.csv,24,1.405680035419228,95
223,2839.532,3.459813554486507,2.3372859753156225,4.186742025132256,0.2646124660594967,0.7225070086779195,1.8014995411383479,2.01313706710909,0.6120664216870488,31.385433749863733,38.53842073636507,15.248352625558194,1.7926789237668155,2.31747533632287,B0018,234,6587,06587.csv,24,1.4084461071166137,96
222,2832.703,3.458027727779737,2.3528810264952194,4.1871520936423146,0.26299515484071223,0.7110089751304911,1.7916225516906055,2.0146560328783325,0.6250407299756072,31.423707199142058,38.548873480234754,15.291728606217944,1.7827513513513507,2.302243243243243,B0018,236,6589,06589.csv,24,1.3968547782872414,97
221,2827.077999999994,3.4613996718507845,2.4646122144537173,4.187096292904282,0.2549409261122887,0.6907154722566835,1.7818723066157318,2.013905602750019,0.6376654439726294,31.435368910968148,38.45838357496903,15.201952267127837,1.7727565610859721,2.2900090497737557,B0018,238,6591,06591.csv,24,1.3935670371440676,98
219,2821.531,3.4611285476693214,2.4684655225527004,4.187367312766795,0.25509708408787024,0.6886629619361031,1.7798215335831953,2.0129862192992305,0.6402225139571769,31.542375291159843,38.54382874673793,15.12584409685326,1.770660273972602,2.2865068493150686,B0018,240,6593,06593.csv,24,1.3893644292809475,99
216,2805.156,3.455556822823358,2.4092923539400735,4.18534593452204,0.25958504896839896,0.6950697530793328,1.7857845674580486,2.0130373888261315,0.6326884615160128,31.52669677306915,38.650883957434026,15.39616489259485,1.776681481481481,2.2854814814814812,B0018,243,6596,06596.csv,24,1.378565141566671,100
218,2814.906,3.459598362944341,2.477625480372779,4.186646524222555,0.2549386328393227,0.6862156814033269,1.7784697702070318,2.012440412153309,0.641138761124272,31.435921914290375,38.45654834997334,15.181244811533979,1.7696045871559627,2.28244495412844,B0018,246,6599,06599.csv,24,1.384901110085747,101
217,2801.156,3.4506569891269216,2.335608852853518,4.184730834033599,0.2640323725257361,0.696191963645659,1.7779631110390546,2.014185743260078,0.642833515029382,31.475238112886494,38.6564130442344,15.474580543457677,1.7685695852534558,2.270115207373272,B0018,248,6601,06601.csv,24,1.3703251814242443,102
216,2794.187,3.455515243082573,2.441999086782534,4.187175976285891,0.25753346472332,0.6874238510559918,1.776571638758199,2.014463667770562,0.6441113795474609,31.5817445550721,38.655587491253975,15.30838582844645,1.7675111111111108,2.276078703703704,B0018,250,6603,06603.csv,24,1.3733464385229082,103
215,2785.391,3.455840338587253,2.465168783147216,4.186108406696249,0.2560472901892914,0.6825748696077811,1.7754506013455535,2.0133489214151132,0.6454613276661518,31.647958536134297,38.6997087046862,15.254041287177,1.7664120930232552,2.2748976744186047,B0018,252,6605,06605.csv,24,1.3679487285504814,104
214,2779.5,3.448678293668265,2.370892032033162,4.183460397462309,0.2619056461241545,0.6870057574133885,1.774390955906574,2.013428528654807,0.6466846597520868,31.662032275252905,38.87481687744787,15.57657947436375,1.7653336448598125,2.2649299065420565,B0018,255,6608,06608.csv,24,1.3567141087089647,105
223,2899.234,3.4745031786447553,2.461879783248223,4.187091541628412,0.2562696911093872,0.7746428647970798,1.819794772496375,2.01277944734302,0.5878693389724975,30.434500875864142,37.36397452607736,14.908548827725816,1.8106107623318377,2.3539730941704033,B0018,258,6611,06611.csv,24,1.4604310209194575,106
222,2894.922,3.474031881945217,2.4247066368907255,4.18736921126964,0.25813961239512057,0.7688634515532402,1.8099274121091273,2.0200047420918392,0.6016441539956099,31.017997058077018,37.88258787662229,14.811993696821098,1.8007792792792787,2.3409054054054055,B0018,260,6613,06613.csv,24,1.4500998937104097,107
221,2888.25,3.4744042103867714,2.444722297403138,4.187597633155394,0.2560558945441953,0.752067522660087,1.7994716802739485,2.0133646895300226,0.6146655593877022,31.39483761465523,38.158980736604235,14.674572405254498,1.7906696832579183,2.3295203619909506,B0018,262,6615,06615.csv,24,1.4381406901824496,108
208,2873.906,3.4717670438332244,2.443569395327192,4.187608979498198,0.2575233043882666,0.7425810843812974,1.7960312665730238,2.0145941601021073,0.6188320217766714,31.245118856406407,38.05243159675446,14.708005118634851,1.787275,2.324389423076923,B0018,264,6617,06617.csv,24,1.4283681980964316,109
217,2847.406,3.4685305272975935,2.4666000274194886,4.186194120124063,0.2544729699855063,0.7274102252539132,1.7958067536887055,2.0124706482591095,0.6197305988329743,31.05306925187263,37.89096376444466,14.824537845173726,1.78683133640553,2.3143732718894006,B0018,266,6619,06619.csv,24,1.4147874517552432,110
205,2849.281,3.4651213646662598,2.4272514813701016,4.186991375693876,0.25922497389968996,0.7292698723906743,1.793095983967619,2.0131822133527364,0.6231537508776085,30.88589263299331,37.81203585126145,14.93014092769656,1.7842058536585361,2.3094634146341466,B0018,269,6622,06622.csv,24,1.413889163393182,111
215,2833.688,3.4652879859475885,2.4762628371779,4.185443351643291,0.2534224673361877,0.711268199113595,1.784522220258497,2.0130225462243683,0.6337843829348875,31.053992379018933,37.9591954678784,15.02178948954511,1.7757302325581386,2.296106976744186,B0018,271,6624,06624.csv,24,1.3989331662177225,112
214,2826.453,3.461799526154992,2.3607989727330003,4.186308413669027,0.2629848095561964,0.732308635534558,1.7936349386243768,2.018907938826598,0.623462474737998,31.492840068071885,38.521043498835155,15.082237607521986,1.7840532710280366,2.3049439252336446,B0018,273,6626,06626.csv,24,1.3953322584033976,113
213,2818.312,3.463260140320492,2.377011586588198,4.187179397572641,0.2619734430620895,0.7318884722681869,1.7921712656095332,2.012765928007659,0.6248397802525874,31.93832684630049,38.878687997701746,14.975788027330513,1.7830206572769947,2.30437558685446,B0018,275,6628,06628.csv,24,1.390046129540245,114
212,2812.7189999999973,3.462839429201602,2.4567563196678455,4.1854460754417,0.2556416201337188,0.7059851874610104,1.7810627455284795,2.0130424938927276,0.6378101640549725,31.74562722135923,38.65118899876309,15.01315207541225,1.772414150943396,2.28461320754717,B0018,278,6631,06631.csv,24,1.3860271454209647,115
211,2803.5,3.4569152237960306,2.3277314025979847,4.193052368415502,0.26760829703269245,0.7377234186292876,1.7990905233497705,2.012206599766764,0.6150607583595225,31.31018499405759,38.434235278537344,15.2954492630574,1.790287203791469,2.3094834123222747,B0018,281,6634,06634.csv,24,1.388215260193751,116
209,2783.25,3.4574690175816127,2.4537913827403948,4.186241953638429,0.2574394360571046,0.704878996960081,1.7874289422857004,2.012141821898546,0.6298747207649471,31.127360345471814,38.103875724329995,15.068254076524386,1.7787224880382773,2.289468899521531,B0018,283,6636,06636.csv,24,1.3761826562394497,117
208,2776.391,3.4502191781217797,2.3475608877759067,4.186011006323472,0.26493801889138324,0.7107846968704963,1.7863907389611124,2.01231372073967,0.6315209990588402,30.985550813719595,38.12742842632319,15.292181226000835,1.7776624999999997,2.2845961538461537,B0018,285,6638,06638.csv,24,1.3647168898640163,118
207,2766.516,3.4486728051793962,2.3558347560196564,4.18675624032869,0.2645712379606562,0.7077020730951991,1.7850675674566443,2.0131811880616888,0.6324083126317879,30.899653280757406,38.03962943213698,15.35656267519499,1.7765951690821253,2.2804057971014493,B0018,287,6640,06640.csv,24,1.3589854739373584,119
201,2751.516,3.444632719716698,2.3791102362944754,4.1831553230638425,0.26235097271168484,0.6951095437976753,1.7785410209464845,2.0132734649228214,0.6409763052863646,30.706123644966482,37.85657903247749,15.504040125041389,1.7699512437810943,2.266696517412935,B0018,290,6643,06643.csv,24,1.34623087640088,120
212,2848.859,3.467272639213176,2.444740635238248,4.191989955143364,0.25970870501379123,0.7638147328716878,1.8098578920322335,2.013950042532596,0.6013127924655565,30.47122187456595,37.43017193410286,15.062436734792218,1.8007009433962262,2.331316037735849,B0018,293,6646,06646.csv,24,1.4268427818454643,121
211,2840.016,3.464490491162134,2.431867772331712,4.185628679672912,0.25781196879172075,0.741487895785709,1.7897567152433196,2.012375320433943,0.6274028594881519,30.939221783021114,37.8264149292754,14.919485145768892,1.7808132701421802,2.3021184834123223,B0018,295,6648,06648.csv,24,1.4064481483279665,122
209,2817.375,3.459667012281024,2.344037291947413,4.186834478731371,0.2651470211515919,0.7522438998970418,1.79712433226739,2.0124205467796688,0.6177710945055984,31.111640631561894,38.08307173716899,14.965254630975082,1.788268899521531,2.3096411483253587,B0018,297,6650,06650.csv,24,1.3934907492075153,123
208,2809.234,3.462241956955771,2.456436863057259,4.186613091061155,0.2565546711445496,0.7228382802916,1.78629328383804,2.0131578787415245,0.6312740378102863,31.037910219908994,37.88279649093536,14.838625454208053,1.777657692307692,2.2961923076923076,B0018,299,6652,06652.csv,24,1.3882493512249316,124
206,2791.187,3.4555661695067355,2.395547668334432,4.183907160253637,0.2603308765642148,0.7199645995650452,1.784332103220891,2.012316980701923,0.6340096391052586,30.967950840538833,37.96027066990377,15.12600595625377,1.7755058252427183,2.282247572815534,B0018,301,6654,06654.csv,24,1.3701878338420928,125
206,2794.016,3.458696199585801,2.4536749172979215,4.18533882899107,0.2573622425302024,0.7116467011615915,1.7846736208611762,2.0152254170182307,0.6341667224930294,30.93996203578424,37.880513353762176,15.031179017254452,1.7755514563106791,2.287898058252427,B0018,304,6657,06657.csv,24,1.379695166560862,126
204,2774.719,3.4525282614097663,2.3062728144586413,4.185280284017658,0.268153663797996,0.7352226860108737,1.792648285745223,2.01421415925087,0.625132688002326,31.295019295352862,38.43416278222213,15.254241471146369,1.783262745098039,2.2909950980392155,B0018,306,6659,06659.csv,24,1.3686586323935683,127
204,2777.844,3.4552290080443044,2.3471092023857154,4.186281579801858,0.26476393873193155,0.7269151923656803,1.7828199803013098,2.0128415184323125,0.6367021285636031,31.81846533166901,38.847489737859576,15.128331073499254,1.7735049019607836,2.2857499999999997,B0018,308,6661,06661.csv,24,1.3627371779096438,128
204,2781.125,3.4619744219744675,2.4884289104730986,4.185356132672309,0.2545420008137018,0.7002889184171135,1.7727156085735203,2.014392678620289,0.6488383119287078,32.00067162597675,38.80283421497622,14.753148610788184,1.7635431372549017,2.2768676470588236,B0018,310,6663,06663.csv,24,1.3634051133928071,129
202,2760.906,3.452221905520614,2.3992178234155577,4.181406543107895,0.2598865215731109,0.6999458203083204,1.7700452313038857,2.012835608795986,0.6514922165839537,31.73992229230571,38.72699121838442,15.164102926775708,1.7612108910891084,2.262391089108911,B0018,313,6666,06666.csv,24,1.3518646035305233,130
201,2753.25,3.447650049442191,2.2786338886500292,4.185252405343103,0.2708569056991576,0.7270841196614728,1.7886300466652212,2.011864019911752,0.6286723328477213,31.52613649688221,38.67191958148309,15.270442531114316,1.7798885572139298,2.2866567164179106,B0018,316,6669,06669.csv,24,1.3547969729652622,131
200,2742.843,3.447928507599004,2.3655846763383734,4.185763363191996,0.264055159414353,0.7081323708498912,1.7778658975348722,2.0128686821286053,0.6422823524717661,31.27624493654335,38.371813640118894,15.248230702175018,1.7688349999999997,2.2699650000000005,B0018,318,6671,06671.csv,24,1.341051440640485,132
641,6515.422000000006,3.400080836543819,1.9182683747066012,4.196965327364252,0.2772591218929377,0.9029232553815922,1.0682837807372227,4.027931217882849,1.7777687414266676,33.13281956573637,41.81748104839704,15.302339969601562,1.0600739469578784,1.3738159126365057,B0025,3,4003,04003.csv,24,1.847011162956716,1
637,6516.219,3.4067357604110753,1.8939610306669548,4.202556431495687,0.2750412424286755,0.9003274056214972,1.0687502257592072,4.0283470601196845,1.7779202613460972,32.848310333012144,41.504410609595574,15.286520111707983,1.0604631083202514,1.3750816326530613,B0025,5,4005,04005.csv,24,1.8485654344528384,2
631,6489.5,3.407792325190085,1.82462740970999,4.202713117217314,0.27783293248964874,0.8987850051526349,1.0722492401337294,4.028306841028089,1.7795472187375723,33.07297579198606,41.670776193570134,15.247562747779646,1.064229793977813,1.3815166402535657,B0025,7,4007,04007.csv,24,1.847111177186175,3
625,6471.25,3.425685226676254,1.9612044915457985,4.203084581094102,0.264581610677064,0.8689957894720046,1.0701703851632667,4.028897912512196,1.7787946975419038,33.12836651135456,41.58349706133725,15.02619552085116,1.06168064,1.3813056000000001,B0025,9,4009,04009.csv,24,1.8489837601535537,4
621,6466.672,3.4102415310941074,1.7869386268841287,4.200058863569411,0.27783809926515035,0.8896854613732361,1.0699350367796663,4.029600870864891,1.778148458609166,33.20066590827124,41.82908827830225,15.207537246433333,1.0621066022544283,1.379415458937198,B0025,11,4011,04011.csv,24,1.837012071856044,5
611,6410.672,3.395651158058303,1.9399607811955055,4.178122904439056,0.27340057475515217,0.8776109766523845,1.0613422621953235,4.02823190197934,1.7740420583153085,32.8030291471027,41.15307253815554,14.766113354847032,1.05337937806874,1.3665973813420622,B0025,15,4015,04015.csv,24,1.817549211247137,6
613,6474.156,3.3987545550856617,1.7632585904014149,4.198227921922519,0.2840299375934011,0.9033431147012339,1.0704965497254508,4.0284426372332245,1.7784456289908457,32.70663040910488,41.167510218490015,14.980109689260242,1.0629765089722676,1.3830831973898858,B0025,19,4019,04019.csv,24,1.839863822522073,7
607,6460.75,3.4107861698937034,1.7411634552856723,4.201052747751877,0.27929907379420854,0.8802415537087445,1.0678133364404738,4.028591260100669,1.7768655233237627,32.88774741633189,41.40744159178738,14.825195951102746,1.0603186161449751,1.377846787479407,B0025,22,4022,04022.csv,24,1.8430595619731431,8
603,6448.907,3.4362212866947472,1.990361763373611,4.2014816169511375,0.2573254249297995,0.8425581696200712,1.0622672819287482,4.028787836120025,1.7746976311944664,32.85054388832057,41.089112912518665,14.559426703758966,1.0541001658374793,1.3721393034825868,B0025,24,4024,04024.csv,24,1.8401871729536057,9
599,6447.125,3.429899192703782,1.8524105657072532,4.201461223125712,0.26418077495235187,0.8520448806729313,1.0623079806297402,4.029715142311533,1.7743671647253518,33.21344988692114,41.56081694228564,14.784396647288624,1.0544727879799665,1.371575959933222,B0025,26,4026,04026.csv,24,1.8281265632888255,10
595,6431.219,3.4061977189259807,1.7970500760271888,4.190430872833885,0.2745339232441812,0.8762811687786609,1.062314513482717,4.027391825734414,1.7741491671215104,32.54793058844526,41.027186904575295,14.873873546449182,1.0548342857142856,1.3664033613445379,B0025,30,4030,04030.csv,24,1.8253563336445804,11
593,6442.203,3.431364532702854,1.9099130781506344,4.197641122625931,0.26084605518510934,0.8435439063053249,1.0595949520612464,4.027595208325832,1.7730500834196778,32.95568065114475,41.20659187421087,14.6273053119248,1.051655986509275,1.369981450252951,B0025,34,4034,04034.csv,24,1.8214180552626151,12
589,6427.079,3.437199999112006,1.934448897147264,4.200877212432817,0.258900245686474,0.8364731393794629,1.0602000326163734,4.028474225036271,1.7733730839330974,33.31259035127085,41.458124206642374,14.466033183492453,1.0520179966044145,1.368760611205433,B0025,36,4036,04036.csv,24,1.830315627968932,13
585,6417.156,3.4349851634526334,1.8425883947903752,4.20189282071032,0.26292297600879166,0.8385723853971996,1.0603941947047575,4.029721928809883,1.7732310742391166,33.27639301328207,41.50830652935,14.538413312191953,1.0523760683760686,1.368336752136752,B0025,38,4038,04038.csv,24,1.8175491643824844,14
581,6398.907,3.4358715577304486,1.828585254411004,4.200832471783116,0.26274880217833124,0.8333643158292197,1.0604647473814754,4.028724169575779,1.7731845302907103,33.13052620279671,41.369681799861574,14.528840538939797,1.0527366609294322,1.3675111876075732,B0025,40,4040,04040.csv,24,1.810901200296979,15
577,6384.75,3.437200278486185,1.8355395996102943,4.2006834078208275,0.2620507423945023,0.8302535557329178,1.0610339447341646,4.030782136338009,1.7734801504482407,33.262538649813465,41.46226760798129,14.582457481687086,1.0531129982668976,1.3693414211438475,B0025,42,4042,04042.csv,24,1.8083032603084233,16
565,6284.063,3.3887362465772446,1.9492783916128955,4.176908127442872,0.2795553328013127,0.8964414329691084,1.0620562132817901,4.027991609867125,1.7744748702177056,33.4559068625216,41.32045149274522,13.926565682085826,1.0542067256637169,1.366437168141593,B0025,46,4046,04046.csv,24,1.7928016149381063,17
559,6370.937000000005,3.3997812429989795,1.7363301713780446,4.198430576015103,0.2871263289207328,0.9012447860177271,1.065422244498521,4.0277556636915905,1.775607129268032,33.359161719231366,41.29100352861782,14.012767788459545,1.0582626118067977,1.3736833631484795,B0025,50,4050,04050.csv,24,1.812563150045885,18
567,6359.812,3.4092528162288933,1.7105280581137303,4.201378297006623,0.28165195423195305,0.8874419517992753,1.064513292440049,4.028543330165215,1.7750785393458162,33.19907517017467,41.08913600776219,13.929155306842862,1.0573668430335097,1.3719541446208112,B0025,52,4052,04052.csv,24,1.807772607491239,19
563,6346.156,3.413290161572333,1.6755342791432477,4.201267329262803,0.28045868476391067,0.876759168850624,1.064760610416105,4.027516600690674,1.7751508293862674,33.10915637159371,41.02067280816403,13.988522907160718,1.0577449378330375,1.372365896980462,B0025,54,4054,04054.csv,24,1.8048055175003972,20
559,6328.172,3.418321145613461,1.6704419000715314,4.201007650907643,0.2776675021705901,0.8651961787278561,1.0651471467215483,4.02700237666114,1.775224602433338,32.8730319628199,40.73588950026045,13.863350414089627,1.058150626118068,1.370706618962433,B0025,56,4056,04056.csv,24,1.800538555899242,21
557,6326.062,3.4228002445936747,1.7016507714607274,4.200640308563649,0.2730544333989477,0.8550699758064568,1.0619411430227985,4.027487021545032,1.773594506046923,32.8903015920882,40.76227622359968,13.94231090428114,1.0547763016157992,1.368350089766607,B0025,58,4058,04058.csv,24,1.7942356098033032,22
555,6352.843,3.4103062616510487,1.88910350609833,4.199028873312285,0.27291746817701595,0.8781680251221271,1.0590696327768256,4.029754792125187,1.7726555367717092,32.07013291213046,39.71112605386658,13.560102630185291,1.0513758558558561,1.3635135135135135,B0025,65,4065,04065.csv,24,1.807409052434889,23
549,6309.172000000006,3.4104689136383888,1.756482386846181,4.200691577023061,0.2771798967146915,0.8804549950987748,1.0630664148783955,4.028900600933191,1.774352336810489,32.18349666127279,39.797043058510575,13.55493192200494,1.0555821493624773,1.3696065573770493,B0025,67,4067,04067.csv,24,1.7902504816962077,24
545,6284.297,3.4208452515825636,1.8323981556137667,4.199965507353377,0.2693278914951571,0.8612009510705905,1.0635557830224975,4.028134432056257,1.774906253657654,32.133961271398654,39.64019141128942,13.404737468305036,1.0559974311926605,1.369921100917431,B0025,69,4069,04069.csv,24,1.7961223845359495,25
541,6265.969,3.426965494192803,1.89712686584404,4.200628533399999,0.264703594202633,0.8511575173395114,1.0646308422852058,4.028496319452566,1.7755495210247358,32.19734869129393,39.75344188854835,13.556812990015313,1.056419593345656,1.3717449168207025,B0025,71,4071,04071.csv,24,1.7912236690350776,26
539,6266.641,3.4343195510923628,1.993495831037155,4.200021709929957,0.2584940115750514,0.8366275892581156,1.0612445632401712,4.030782393095651,1.7742108649511334,32.128660226085096,39.57317189988566,13.40264105306738,1.052925788497217,1.3689962894248608,B0025,73,4073,04073.csv,24,1.7854822365303245,27
531,6198.75,3.379891621690332,1.9679550948765456,4.179880908916163,0.283443677796158,0.9144039158056572,1.0616823792692962,4.027217905704875,1.7742160469852117,32.16680073898097,39.45687787991913,13.156833636996463,1.0537495291902073,1.3646139359698681,B0025,77,4077,04077.csv,24,1.7677890780323615,28
641,6515.422000000006,3.404890220315493,1.98069037313681,4.185453870728775,0.26717533811209615,0.8627969704547724,1.049714799396727,4.027935564812271,1.767567523394696,32.764485625071856,40.711455499237935,14.292115968704039,1.042444305772231,1.364009360374415,B0026,3,4083,04083.csv,24,1.81325043038699,1
637,6516.219,3.418631404129339,1.9296821070764223,4.191986600147927,0.26309856266333104,0.8470379878216407,1.05032568804846,4.029362314258353,1.7677116586972588,32.560591865941106,40.56984371986605,14.224023076401217,1.0427032967032968,1.3662386185243327,B0026,5,4085,04085.csv,24,1.8149760087078304,2
631,6489.5,3.4453022579697716,2.169258771295841,4.19141376026019,0.24623493389769582,0.8033118045931169,1.0475510378692992,4.027846247982629,1.7662686400716856,32.70948277164228,40.420735413096146,13.565029571113918,1.0399851030110936,1.3664801901743264,B0026,7,4087,04087.csv,24,1.8135354175561993,3
625,6471.25,3.4281919482774947,1.898741105703338,4.188502919522219,0.2601170374121665,0.8249037426156609,1.0512603734193369,4.028749226179444,1.7682034784178895,32.89402601565415,40.839359753382105,14.105239810626934,1.0436182400000003,1.3684128,B0026,9,4089,04089.csv,24,1.815149273310334,4
621,6466.672,3.433945869545595,1.9095478812878095,4.191429313781171,0.25751446804904116,0.8190072856455934,1.051392872905392,4.028704122042971,1.768292784484009,32.88851048708752,40.762597974826,14.08483163554876,1.0438956521739131,1.3697359098228663,B0026,11,4091,04091.csv,24,1.81429130140682,5
611,6410.672,3.2986715430208906,2.044256084427152,3.986547462246526,0.23206894622094396,0.743849574910457,0.8178908015954495,4.028710959917574,1.6195870070782303,31.60887613480477,39.78739652537364,13.495917748422876,0.8122631751227496,1.0348445171849427,B0026,15,4095,04095.csv,24,1.3863373424430123,6
613,6474.156,3.395711592779412,1.8584184081271529,4.1842030048921135,0.2761135120295477,0.8828743153595391,1.0513832785690405,4.028058491701451,1.7682729564539332,32.4909596779559,40.12859054534907,13.670458809406217,1.0444907014681892,1.3707504078303425,B0026,19,4099,04099.csv,24,1.8165277958816064,7
607,6460.75,3.4209107644287986,1.9288388497995343,4.189253474215399,0.26250411342761215,0.8390513932954371,1.0491412500799762,4.028495234172356,1.7670491246996236,32.63416073863936,40.39287009990307,13.90008924659304,1.0416322899505763,1.3690280065897857,B0026,22,4102,04102.csv,24,1.8085638576011065,8
603,6448.907,3.4290052342029878,1.935441772448038,4.190404777859946,0.258276251912232,0.8294569692187213,1.0492745282143645,4.027850787866815,1.7671763467008779,32.646683898798194,40.37811271633581,13.946241494198976,1.041905472636816,1.3698507462686567,B0026,24,4104,04104.csv,24,1.804936077644182,9
599,6447.125,3.4422746572295977,2.0842440571468894,4.188068725985081,0.2482617070302753,0.8039469337352982,1.0431023777984292,4.03024351282461,1.7636854873694177,32.95341147758712,40.6345527951007,13.9664235533828,1.0355272120200334,1.3622237061769615,B0026,26,4106,04106.csv,24,1.8049315924982108,10
595,6431.219,3.391747147883427,1.896444377630184,4.137907749692748,0.25589301484592314,0.8181260577478766,1.002363649452946,4.0277523093513175,1.7406373925176062,32.14122281811958,40.0980220096873,13.844648359443003,0.9954104201680671,1.2982151260504202,B0026,30,4110,04110.csv,24,1.717679232699393,11
593,6442.203,3.433128893119263,2.0399077334404954,4.186123854255208,0.2531849870337746,0.8174509408940702,1.0466477287865616,4.028862296598938,1.7657546664531725,32.73498021932445,40.34748376711444,13.86971255649041,1.0392428330522767,1.366991568296796,B0026,34,4114,04114.csv,24,1.809804813280106,12
589,6427.079,3.4445618404708633,2.1312634408664395,4.1900980869893365,0.24775616973779113,0.8033678636952333,1.0470104688191864,4.027646271570473,1.7658777336114755,33.077725434853896,40.655125518765814,13.78304126137072,1.0395986417657044,1.3681646859083192,B0026,36,4116,04116.csv,24,1.806556213274488,13
585,6417.156,3.435084142217923,1.8782785619868927,4.18806162606315,0.25748189019039025,0.8109963587412019,1.0471811022139592,4.029328017656563,1.7658501093728307,33.067457381369145,40.78648924035223,13.94013471229285,1.0397784615384615,1.365982905982906,B0026,38,4118,04118.csv,24,1.7938155707698509,14
581,6398.907,3.4457210478614795,1.9640553148703692,4.1883484559434,0.25048478564143717,0.7930135612187259,1.047717137687557,4.029272047274109,1.7661700647299972,32.902717226956746,40.64545029611132,13.923472639861135,1.040035456110155,1.3674027538726334,B0026,40,4120,04120.csv,24,1.799304949381792,15
577,6384.75,3.4449342432242034,1.9028600928182504,4.18723267594963,0.25228037433618306,0.7911342202361471,1.047858510047154,4.028750889542927,1.7663344224544746,33.04143942038261,40.753548433947245,13.984829573732608,1.0403597920277299,1.3672287694974004,B0026,42,4122,04122.csv,24,1.7842197448470132,16
565,6284.063,3.3483889742885826,2.066791178782658,4.116319031433004,0.2696805904240787,0.8748681685098814,0.9984145932832351,4.027668196882973,1.7387120496549202,33.28920270851618,40.90407080657346,13.623456971349352,0.9918637168141593,1.2901469026548673,B0026,46,4126,04126.csv,24,1.6818819918515189,17
559,6370.937000000005,3.4115903895548496,2.1735697218309302,4.1829771605808554,0.2620166870308179,0.8652728025660643,1.0522389405535977,4.027827958238032,1.7692390402604146,33.31828122927918,40.760169873884465,13.58200460855289,1.0454347048300539,1.3755456171735243,B0026,50,4130,04130.csv,24,1.8007519383961936,18
567,6359.812,3.4077180188358045,1.869998135001252,4.188680037627242,0.27249489598237164,0.8701691104451976,1.0585224844148562,4.02962982115965,1.7724144061714373,33.24546150252619,40.86760057065783,13.830454148632246,1.051858906525573,1.382132275132275,B0026,52,4132,04132.csv,24,1.795972684272296,19
563,6346.156,3.416993809879986,1.834360851438286,4.189566172290167,0.268466530854144,0.8500014003890661,1.0587121630777079,4.028266984927104,1.772485645772996,33.19381621015531,40.8457724786952,13.932961056924295,1.05222486678508,1.3821136767317939,B0026,54,4134,04134.csv,24,1.7931026940553298,20
559,6328.172,3.4279308915459796,1.8588013920189892,4.191202777072821,0.26263716765055567,0.8302933467078257,1.0591592504619796,4.029480151507068,1.7727585147539215,32.950371591621256,40.61328442378913,13.811373073674687,1.0525892665474061,1.3830715563506262,B0026,56,4136,04136.csv,24,1.8010267542068712,21
557,6326.062,3.450423062016945,2.1656553710973343,4.18738502716279,0.24369572765616865,0.7865615690554653,1.0489499837695733,4.028789778263289,1.7673902830948418,32.98142836772341,40.55411444614823,13.865001438642214,1.0420043087971274,1.3707109515260323,B0026,58,4138,04138.csv,24,1.7824572301269948,22
555,6352.843,3.4243550860962872,2.161441726851442,4.187376898822461,0.25546731152362556,0.839522841418467,1.0526814438951155,4.028805091889541,1.769369527275782,32.285643510120714,39.89740047610024,13.841534721661812,1.0457517117117117,1.3756576576576576,B0026,65,4145,04145.csv,24,1.7959303030608789,23
549,6309.172000000006,3.419928142613709,1.8357784756785416,4.187719914558781,0.26603879336282793,0.8395219153597635,1.0566435008209556,4.028118554798276,1.771008957052944,32.40988062398286,40.148009555945954,14.018084519841889,1.0498863387978143,1.3784735883424408,B0026,67,4147,04147.csv,24,1.7783142127341005,24
545,6284.297,3.4304184604928114,1.7730752055194368,4.187714468300498,0.26294605906944707,0.8134846177968069,1.056719503715434,4.032124737768037,1.770867877420283,32.395070835603484,40.16428171644192,14.034867282951435,1.0502484403669727,1.3778642201834863,B0026,69,4149,04149.csv,24,1.771719092984802,25
541,6265.969,3.4416415585585702,1.8034969218504175,4.1886348865652785,0.25706339517969257,0.7920610569551747,1.0574784998709785,4.029296562552747,1.771244383644024,32.48055490141574,40.34822918896083,14.26759099055895,1.0506129390018486,1.3784121996303142,B0026,71,4151,04151.csv,24,1.7790749489536772,26
539,6266.641,3.448941537538792,1.8019162984387032,4.188731148597371,0.253856036778302,0.7745928693656747,1.0537510083571888,4.029143714811075,1.769400594255141,32.39831599080119,40.155136061235744,14.086133813778662,1.047087569573284,1.373647495361781,B0026,73,4153,04153.csv,24,1.7733229782464677,27
531,6198.75,3.3679598202717265,2.094755756018166,4.16813557610843,0.28388744026079904,0.9267307185801981,1.062210545753597,4.028758416480095,1.7745609158893119,32.5316653403438,40.01460073648427,13.793217962462432,1.0553265536723164,1.3829435028248587,B0026,77,4157,04157.csv,24,1.768754111010884,28
641,6515.422000000006,3.415635388206693,2.4407952016086623,4.201942981365258,0.2636918040281605,0.8460679233885906,1.0486169621289125,3.9783143078898098,1.7517030347394746,33.531461449042084,42.07194057268294,15.783393259167038,1.0540979719188768,1.341789391575663,B0027,3,3162,03162.csv,24,1.8233077742149364,1
637,6516.219,3.405140913759623,2.4193060956450503,4.206957767652323,0.27286723216787706,0.8511340554394486,1.0494164359063816,3.976892542613384,1.7519905096454098,33.768115475386416,42.526459613766654,16.561741605423165,1.0544496075353218,1.3306954474097332,B0027,5,3164,03164.csv,24,1.814238465116796,2
631,6489.5,3.425659661801085,2.4982363525248754,4.206087528624208,0.26764679103125255,0.8072295253104076,1.046735930477189,3.97684768172696,1.750533925426768,34.0575363030056,42.65704114936764,16.48776524549854,1.0518003169572105,1.325743264659271,B0027,7,3166,03166.csv,24,1.812859679313087,3
625,6471.25,3.4201699208239194,2.4798358184535396,4.206597549468143,0.2726529633849986,0.8121856674224759,1.050485016996372,3.977001193359909,1.752342226815099,34.34311925332076,43.07456793109374,16.78602194156198,1.05549984,1.3264192,B0027,9,3168,03168.csv,24,1.814424244673997,4
621,6466.672,3.4180604683404985,2.4669313816061296,4.206708529635488,0.27422633093054233,0.8143478546150225,1.0500577173917847,3.975861081535826,1.752059386913408,34.3900563067441,43.12836631992577,16.781349125555707,1.055859581320451,1.3258840579710143,B0027,11,3170,03170.csv,24,1.812800333853042,5
611,6410.672,3.3978401981445576,2.492471012096456,4.182675464297748,0.27262970140593196,0.8146084998212917,1.0479913114924586,3.976047513456661,1.7514526143020162,34.16207101391941,42.9279467397339,16.757434826705392,1.0536098199672668,1.317201309328969,B0027,15,3174,03174.csv,24,1.7946038703195293,6
613,6474.156,3.3984422668226393,2.4232193266263646,4.202445131277022,0.27483103413297616,0.8593777308462873,1.0575900771449163,3.976869439992001,1.7566120097310602,33.65117316898919,42.344909658609986,16.430268715873233,1.063216639477977,1.341504078303426,B0027,19,3178,03178.csv,24,1.816519171293833,7
607,6460.75,3.411384397730043,2.4791120561344835,4.207150334625055,0.27310376193977115,0.8305297155447215,1.055070389014976,3.9771945719805046,1.7547868386653585,33.993154419553875,42.50145921854707,16.18023012089113,1.060548929159802,1.3341120263591435,B0027,22,3181,03181.csv,24,1.819833556519024,8
603,6448.907,3.40775629545449,2.428102703648056,4.206634870908589,0.2765079139866449,0.831785339229107,1.0555546880116327,3.9769324995805095,1.7551577027864314,34.121102900157744,42.75456095698592,16.504452831485317,1.060955223880597,1.3314145936981758,B0027,24,3183,03183.csv,24,1.816980986440728,9
599,6447.125,3.4031041806987625,2.4202095510772232,4.206620391551443,0.277826805075985,0.8412315775525658,1.0557333776410849,3.9758459422284784,1.7552082623367051,34.521504581092735,43.208685492251035,16.676129430311093,1.061363939899833,1.3311151919866444,B0027,26,3185,03185.csv,24,1.8047602710768988,10
595,6431.219,3.38665218439762,2.3998890148152445,4.194991220811618,0.2808534608069606,0.8483086440113481,1.0559845692791197,3.9761066659419098,1.7554802594515793,33.91883669839733,42.59572185384836,16.683286495005504,1.0617878991596639,1.3271462184873948,B0027,30,3189,03189.csv,24,1.8021778881408677,11
593,6442.203,3.4140369130125587,2.483742346997907,4.2023598960429815,0.27123787023202756,0.8182182816895733,1.053186102640892,3.97580379555999,1.753692819700695,34.203791109857484,42.63365730314649,16.315650251213636,1.058627655986509,1.3300708263069139,B0027,34,3193,03193.csv,24,1.810054375611175,12
589,6427.079,3.3945090590148355,2.382935984422233,4.206738745019596,0.27841931798881775,0.8651816758388047,1.0604300807075957,3.976485689239373,1.7578623087315306,34.48622307207774,42.89197473994752,16.170489709959508,1.0658115449915109,1.3392818336162988,B0027,36,3195,03195.csv,24,1.8191618703574552,13
585,6417.156,3.4204049256076163,2.4903839742860163,4.205268152663341,0.2693644498698275,0.8144866212325259,1.0540732888788706,3.976936142536244,1.7542538727298096,34.40141739485764,42.73670303920533,16.05697774635106,1.0594345299145298,1.3324649572649572,B0027,38,3197,03197.csv,24,1.806344581230731,14
581,6398.907,3.401908039296132,2.39789040439265,4.205946910651655,0.27663775945207375,0.8476064057646981,1.0612970932837946,3.978429203873616,1.7580446537638015,34.3150259504104,42.71819238433457,16.16102468042972,1.0667263339070567,1.3395197934595524,B0027,40,3199,03199.csv,24,1.8120006378747944,15
577,6384.75,3.407597938928066,2.41937557251393,4.205053312485709,0.275185921015211,0.8357326158850786,1.061701032188434,3.9781812521692537,1.758243732998886,34.450526992415796,42.87852551010068,16.26572882369938,1.067196533795494,1.3404835355285962,B0027,42,3201,03201.csv,24,1.809238569578753,16
565,6284.063,3.3774091842080276,2.444119634453687,4.181855642136106,0.2771669668750389,0.8742597328280302,1.0625157679341974,3.976050497666082,1.7587620976684957,34.741504044616725,42.99196482622249,15.813372739917604,1.0689150442477877,1.3442283185840709,B0027,46,3205,03205.csv,24,1.7820717716005336,17
559,6370.937000000005,3.3771878224396685,2.395925863485738,4.20282058770571,0.2845146812889591,0.9028733644390741,1.0667374090397228,3.975790795970914,1.761029345141331,34.663008920131865,42.920147884014575,15.880725427874726,1.0730558139534885,1.3513881932021468,B0027,50,3209,03209.csv,24,1.8145504562341048,18
567,6359.812,3.390746744780089,2.408349641748691,4.206436642050531,0.279694175993535,0.8812700716499351,1.065858988405417,3.978211822678376,1.7607495486480977,34.47643463041281,42.77821015998406,15.887877518344478,1.0720119929453262,1.3499329805996472,B0027,52,3211,03211.csv,24,1.809153485164282,19
563,6346.156,3.3939882666698242,2.399239705167686,4.20638281753962,0.27915737699266724,0.8707181212811586,1.0663433322106501,3.975995723123535,1.7611886756981487,34.45771838499012,42.71393681070588,15.963958273278791,1.072495914742451,1.3487975133214918,B0027,54,3213,03213.csv,24,1.806555150809371,20
559,6328.172,3.395270569622429,2.378335964879865,4.2054658678946755,0.27956478386797623,0.863029130461912,1.0669408890506884,3.9770352078730906,1.7617283965631718,34.276431502022604,42.66066961608101,16.012704805263326,1.0729924865831841,1.3480948121645797,B0027,56,3215,03215.csv,24,1.802401655959492,21
557,6326.062,3.4104656511949063,2.437999478526856,4.206584936190674,0.2747742745686552,0.8331017081371219,1.0637242598317926,3.9760554400518497,1.7596150729784519,34.35292925698558,42.64239690775237,16.100624680231668,1.0696800718132855,1.343499102333932,B0027,58,3217,03217.csv,24,1.7964331683322998,22
555,6352.843,3.4006414041604756,2.484818012933219,4.202786069304105,0.27537157298258313,0.8446662412160366,1.0597264727233628,3.9743844585266417,1.7569657948549,33.64812848797218,41.86831727976231,15.95212669806526,1.0663214414414415,1.3402774774774775,B0027,65,3224,03224.csv,24,1.8088036930508289,23
549,6309.172000000006,3.403879368199544,2.456168013420922,4.206301818692852,0.2760124355767901,0.8443968348909157,1.0641261908415773,3.975516779186955,1.7593696772789096,33.75077258934032,41.97207960495628,15.980828109386902,1.0706837887067395,1.345089253187614,B0027,67,3226,03226.csv,24,1.7915527748749651,24
545,6284.297,3.4141854712687336,2.4697995830050976,4.205750597989692,0.27361826048893795,0.822862940665511,1.0647001772353382,3.9768226550322385,1.7596922829632649,33.72038549007088,41.92250461031742,15.936644626093972,1.0712040366972477,1.3459559633027525,B0027,69,3228,03228.csv,24,1.7853375192239571,25
541,6265.969,3.4230599701504794,2.491582666091738,4.20589200120434,0.2715628274549709,0.805716278790817,1.0655901960484147,3.977139096730683,1.7598952235817957,33.812030459081335,42.14300769699952,16.216849964191056,1.0717408502772643,1.346521256931608,B0027,71,3230,03230.csv,24,1.793209210325309,26
539,6266.641,3.4023930606429906,2.3944859739266695,4.205560793070628,0.2788346745396071,0.8406669983135324,1.0691023162665156,3.9746886011207567,1.7618655759929995,33.79680193008211,42.43039551713637,16.523013254004866,1.0757142857142856,1.3491799628942487,B0027,73,3232,03232.csv,24,1.7873097711102113,27
531,6198.75,3.3633791712406205,2.4249816079125552,4.186200185347402,0.28671474058382873,0.8959117545548048,1.0701748904460906,3.973177131970502,1.762469716834803,33.92036482801563,42.033372446715575,15.98245671561439,1.0768964218455745,1.3481694915254236,B0027,77,3236,03236.csv,24,1.7700926253324452,28
641,6515.422000000006,3.676492835528995,2.6151397684307285,4.181907184700754,0.22950448875765414,1.5667674162700256,0.9972197512793336,2.003545780105601,0.9981246036068561,30.261078788805897,31.679728237853865,5.25047087430184,0.9981404056162249,3.153778471138846,B0028,3,1453,01453.csv,24,1.8046847720100736,1
637,6516.219,3.677932362103996,2.578716047628789,4.186798367560072,0.23120424643531426,1.6079338170299993,0.9971490855885725,2.0005429484896995,0.997775042460827,30.023214006195516,31.42728999177483,5.301218012224879,0.9981309262166407,3.1554285714285717,B0028,5,1455,01455.csv,24,1.804783321452588,2
631,6489.5,3.681544140844236,2.679890873914289,4.186905629206883,0.22676660152566155,1.506920463200001,0.9971852097507162,2.001716318999832,0.9979615036198028,30.21665562692593,31.694210133469813,5.392729654226372,0.998109667194929,3.1579762282091917,B0028,7,1457,01457.csv,24,1.797618668222458,3
625,6471.25,3.6819955552100256,2.674600586599544,4.1855363847405656,0.22676078066998084,1.5109357981410216,0.9974025282037663,2.0013061408259385,0.9978646208050663,30.363564779968748,31.849947051821633,5.383574388546016,0.9980892800000002,3.1572047999999997,B0028,9,1459,01459.csv,24,1.7929913687761174,4
621,6466.672,3.6822366580622092,2.655983638577288,4.186483098548598,0.2275175269501177,1.5304994599713098,0.9975916855756545,2.003132431573937,0.9984918841286043,30.383708693138953,31.891976600913974,5.374489478742625,0.9980808373590984,3.1570515297906603,B0028,11,1461,01461.csv,24,1.7919180081592216,5
611,6410.672,3.6730621916612125,2.5587601304544574,4.167593667891115,0.22347404128086862,1.608629115306079,0.9969144044645758,2.0003822656473735,0.9981374196310976,30.151543075778466,31.647839531181656,5.308123405539032,0.9980988543371522,3.14959410801964,B0028,15,1465,01465.csv,24,1.775026135903797,6
613,6474.156,3.6821638997402064,2.684075980505414,4.183182085400848,0.2219575282113288,1.4991061048954335,0.9965967441024048,2.0009566453567627,0.9979003584816749,29.942877366572425,31.66717160096336,5.585192943947476,0.9981057096247963,3.1559380097879286,B0028,19,1469,01469.csv,24,1.7920487852223417,7
607,6460.75,3.6829104616020185,2.692955180725203,4.1836584764239335,0.22215089199968263,1.4906573859518946,0.9976197620861772,2.0032399141635833,0.998319605847836,30.159672019699293,31.543075306784417,5.048100655872265,0.9981001647446458,3.1557874794069196,B0028,22,1472,01472.csv,24,1.790475801581265,8
603,6448.907,3.6830910997567576,2.664091579679959,4.186132992895621,0.22366693948702365,1.5220414132156614,0.9973494735282147,2.004826762357186,0.9979770769232353,30.18503729745987,31.63889282611546,5.214991332667072,0.9980849087893866,3.157412935323383,B0028,24,1474,01474.csv,24,1.7868365091987264,9
599,6447.125,3.6823376400116725,2.599501054239839,4.18607245667024,0.2262456000716392,1.5865513043224513,0.9977872031781331,2.0036009637765297,0.9981580317350774,30.557366977302667,32.06283964981591,5.3362905623794745,0.9980854757929883,3.157153589315526,B0028,26,1476,01476.csv,24,1.7871529619962183,10
595,6431.219,3.6779403019036363,2.598771202340727,4.177617061522188,0.2240136524309194,1.578845859181461,0.9972976924755459,2.004912384137109,0.9983199938573333,29.87809290999813,31.17821904490572,5.089002883064051,0.9980793277310925,3.151142857142857,B0028,30,1480,01480.csv,24,1.7816340617009505,11
593,6442.203,3.6809827017477756,2.5683373423176117,4.183570268917493,0.2268151297330923,1.6152329265998815,0.997433014694744,2.007057616844831,0.9981668219563096,30.329541918405045,31.830430244172504,5.310717180407799,0.9980822934232717,3.1526306913996627,B0028,34,1484,01484.csv,24,1.7850235136604733,12
589,6427.079,3.6821031308211283,2.571655326217227,4.186886063009724,0.22733951867519225,1.6152307367924972,0.9971726109797923,2.002345592887727,0.9977942776223829,30.67805955282036,32.176676996947776,5.288553691404008,0.9980784380305605,3.1539456706281834,B0028,36,1486,01486.csv,24,1.7803865429693038,13
585,6417.156,3.68119828344271,2.5464403411304843,4.186431294608572,0.2285140973660483,1.6399909534780877,0.9978583163901464,2.0042056776412545,0.9983050777472949,30.61748146501738,32.101579055970326,5.219157133611301,0.9980646153846153,3.152059829059829,B0028,38,1488,01488.csv,24,1.7789060856417256,14
581,6398.907,3.6808780113914024,2.5488905698718844,4.186605296553263,0.22875325592299403,1.6377147266813785,0.997804166070814,2.005381985851277,0.9982514831945752,30.47693232752601,31.927225800846255,5.165536048081556,0.998049225473322,3.1513390705679862,B0028,40,1490,01490.csv,24,1.7738387518973049,15
577,6384.75,3.6816453877057884,2.592227961453642,4.186411251128915,0.22729002061163062,1.5940955042368787,0.9976996117039805,2.008651720668571,0.9982545086673892,30.59851621920085,32.17577171129977,5.378650677283165,0.9980426343154245,3.1512894280762564,B0028,42,1492,01492.csv,24,1.769682881523146,16
565,6284.063,3.6751321799254955,2.598546956085325,4.1643364768914175,0.22079450943959683,1.5657895208060926,0.9973353463194164,2.003317125586951,0.998391639409908,31.100240402928506,32.50607956309833,5.162310994548992,0.9980307964601771,3.147456637168142,B0028,46,1496,01496.csv,24,1.7408787283206992,17
559,6370.937000000005,3.6846266213857497,2.6924907199800523,4.183279934429277,0.2220538721709931,1.490524930106195,0.9971360100252896,2.0076002242955377,0.9983757326015488,30.938169249041685,32.36361154404582,5.139380606425416,0.9980118067978533,3.155776386404294,B0028,50,1500,01500.csv,24,1.7648189744011906,18
567,6359.812,3.6832544826548084,2.6173421756941537,4.185224082214954,0.22523866998065672,1.5678819065208,0.9972190050586422,2.0035478824784314,0.9982840178958802,30.779624907003203,32.23987480909281,5.159963180724841,0.9980356261022926,3.1542045855379186,B0028,52,1502,01502.csv,24,1.7617857390844025,19
563,6346.156,3.6830019424524427,2.6240203066915697,4.185772001736481,0.2251392448807387,1.5617516950449115,0.9971068284135572,2.0037779278104373,0.9983464767903459,30.70960684046627,32.1209393902127,5.160847977914436,0.99802486678508,3.1543676731793964,B0028,54,1504,01504.csv,24,1.75770610357021,20
559,6328.172,3.682514927726665,2.63525875804135,4.185968902546653,0.22523217093330028,1.5507101445053033,0.9966890761257475,2.0020973714849553,0.9979942090054013,30.47705959403915,31.876773372691297,5.009473672914229,0.9980114490161003,3.1547209302325583,B0028,56,1506,01506.csv,24,1.7519375960601256,21
557,6326.062,3.6802726203570852,2.540126038881981,4.185740020171981,0.2290408022902076,1.645572099289197,0.9969924124015691,2.008192950178892,0.9981985988901667,30.54925924889458,32.13891568195097,5.429058853321049,0.9980035906642728,3.1528922800718133,B0028,58,1508,01508.csv,24,1.7521244035832175,22
555,6352.843,3.67908706723787,2.5784590711144535,4.1838351172655095,0.22670706499669943,1.605376046151056,0.9972215014119246,2.0032214377942505,0.9986076409935628,29.858081061792472,31.30995086456362,5.207228820726645,0.9979971171171172,3.150827027027027,B0028,65,1515,01515.csv,24,1.759771413398964,23
549,6309.172000000006,3.680942088612725,2.6156681128542663,4.185613308228973,0.22580021462005254,1.5699451953747068,0.9975484567535844,2.004916509907621,0.9986728176957087,29.92749751367273,31.443900397243077,5.273828956779305,0.9979785063752278,3.152262295081967,B0028,67,1517,01517.csv,24,1.7483011320324189,24
545,6284.297,3.681439648314102,2.6736673087239393,4.186072517005326,0.22411248036516648,1.5124052082813866,0.997476564498223,2.0052175769933474,0.9986101959156689,29.887309173794996,31.383820135357173,5.231504709468712,0.9979640366972478,3.1529908256880734,B0028,69,1519,01519.csv,24,1.7411482627836237,25
541,6265.969,3.680615489022298,2.653196622827614,4.186079245979765,0.2251385020026724,1.532882623152151,0.9975446568821276,2.0045790903634986,0.9984542038634082,29.974612767860144,31.360116664622662,5.251208365702087,0.997950462107209,3.151330868761553,B0028,71,1521,01521.csv,24,1.7363833316311177,26
539,6266.641,3.6776600467841285,2.5306280538039845,4.185739001637966,0.2302307952917461,1.6547539096963906,0.9975144292434107,2.0106987182265015,0.9986551404034236,29.928807475767645,31.44534438395542,5.344012175577163,0.997943970315399,3.1479536178107606,B0028,73,1523,01523.csv,24,1.736559066269527,27
531,6198.75,3.67453404625628,2.651385292787423,4.167590440976821,0.219854396490144,1.5162051481893979,0.9973021764239647,2.0051316277429905,0.9987643777858012,30.029795182593666,31.550251048213177,5.3137627828064495,0.9979182674199625,3.1475160075329565,B0028,77,1527,01527.csv,24,1.7172335652295243,28
169,1572.359,3.3651860477851834,1.999936473158621,4.122758586822445,0.26512345669033627,2.12269937313287,3.9753962170197243,4.025628898561539,0.43629440230402455,51.631545591665024,58.72626885895911,15.311091049573072,3.9477278106508873,1.4362189349112426,B0029,1,1354,01354.csv,43,1.697507332205763,1
184,1723.281,3.3905928994464873,1.8520590925934357,4.2013457680138195,0.29707473530242,1.267640816185306,3.9342748479764116,4.025958335657771,0.5886285429117913,52.84944288631656,59.76796387174703,15.116668792964425,3.907915217391304,1.4701793478260872,B0029,3,1356,01356.csv,43,1.844701206961174,2
181,1705.906,3.3944582472061784,1.8857258246963948,4.20075138362936,0.289898900922097,1.2295076099966358,3.9333280595638493,4.026389228000425,0.5932065805799005,52.905865867265994,59.844347317645614,15.13893899843822,3.9067259668508294,1.4809558011049724,B0029,5,1358,01358.csv,43,1.8254376674722927,3
179,1697.688,3.394696317253661,1.8534777499421091,4.20121939681188,0.2936390377981836,1.22433675407187,3.9321362623883203,4.026146941716451,0.5964453906082865,52.90438507577814,59.9199472840752,15.21710462518589,3.905738547486034,1.4871173184357542,B0029,7,1360,01360.csv,43,1.815750429913437,4
177,1686.094,3.398579443319999,1.913443763136564,4.20151734595852,0.2858241390288326,1.1921438264498758,3.931626830103865,4.025666629939814,0.5997865631547423,52.87534956891003,59.89475354681757,15.191386306321903,3.9047299435028258,1.4803728813559323,B0029,9,1362,01362.csv,43,1.8132993337127028,5
175,1678.563,3.3970260675114696,1.9392366668780092,4.190431936024234,0.2821837700121911,2.2510262202561346,3.976502981157763,4.025842153897144,0.42904188647199765,52.762650424805656,59.588132364640614,14.929238447612668,3.9493497142857152,1.4662857142857144,B0029,13,1366,01366.csv,43,1.8151647619660576,6
174,1677.469,3.4017447799349796,1.926680416628282,4.20151685379873,0.2848060717894082,1.3204553783721038,3.953191333436391,4.0254086973557195,0.52529211521216,52.78843384352056,59.81336613073259,15.106791266353461,3.9261298850574713,1.4654252873563218,B0029,15,1368,01368.csv,43,1.8143317955190057,7
172,1666.093,3.400790257856999,1.89070792341858,4.201511694320507,0.2883714277196788,1.3179555532261191,3.9520733489027955,4.0262930686050655,0.5283418296883389,52.7841972696045,59.75433532594285,15.078750873727849,3.92533023255814,1.4823720930232558,B0029,17,1370,01370.csv,43,1.801343601809866,8
170,1654.328,3.4030834056443755,1.93249158993614,4.201805179645606,0.2832449814456796,1.2996742894782303,3.951643360416182,4.0260391640732776,0.5312312904771702,52.751738383515125,59.7737242563152,15.119929161565445,3.924509411764706,1.4762117647058826,B0029,19,1372,01372.csv,43,1.7881558802945825,9
168,1643.812,3.4052467951556413,1.9713665258317912,4.201438773335668,0.27870285778781095,1.2819559633504154,3.951520299071366,4.026327827070244,0.5345653131595759,52.7506031720156,59.800107348599425,15.084442185763763,3.923670238095238,1.4753154761904763,B0029,21,1374,01374.csv,43,1.7760714604539518,10
168,1652.266,3.3969592538295337,1.8523796286853516,4.19368630303113,0.2944263968506984,2.3413066743457787,3.9741618554644975,4.026273510345562,0.4382381928177309,52.76187024768883,59.92418745751934,15.233085441231538,3.94735,1.475720238095238,B0029,25,1378,01378.csv,43,1.7852807447597443,11
167,1648.672,3.3978270130572263,1.8385968486453488,4.20025041732416,0.2973664181128303,1.3141136573251604,3.949365645471526,4.027610977919839,0.5365002904930106,52.810328108304326,60.120904895462246,15.408715921208575,3.9229017964071864,1.4693353293413176,B0029,27,1380,01380.csv,43,1.7698116401111978,12
165,1636.969,3.3976547229925322,1.8332269197665616,4.200366031445772,0.2969309502595952,1.309514069078515,3.9487761035582647,4.026372824644528,0.5396272117120692,52.803620504971605,60.159083367849426,15.440930208794505,3.922082424242425,1.4706909090909093,B0029,29,1382,01382.csv,43,1.7565231680521758,13
163,1625.187,3.400358560849027,1.8809955356138472,4.199929373943819,0.2892352760561622,1.2897133029905188,3.9482077110434055,4.026624128013423,0.5427693156073063,52.774286568476356,60.033062355018394,15.35703196549013,3.9214834355828225,1.456871165644172,B0029,31,1384,01384.csv,43,1.7543413277348154,14
162,1622.016,3.3951054015762527,1.800038174333754,4.199792574461424,0.3029458080916561,1.314804203869775,3.946665382562176,4.027030400371651,0.5448588154830802,52.80429201579515,60.155675284547456,15.425737174319615,3.9199740740740747,1.4588209876543208,B0029,33,1386,01386.csv,43,1.7392875506998715,15
163,1638.422,3.3952154633066987,1.9415928705254093,4.186389353535962,0.2830051025705335,2.2444832878403895,3.97371791832226,4.026417322328161,0.444078464893414,52.721179096315566,59.708263302408355,15.046136207010633,3.9459889570552154,1.4654723926380369,B0029,37,1390,01390.csv,43,1.7797845109331345,16
163,1646.438,3.400939370892573,1.972461938837724,4.200779737725044,0.2804077248983975,1.1182582593982628,3.9242978385355944,4.026696437352965,0.6242834374426651,52.76566676387698,59.826072535975634,15.156944514556606,3.8969754601227002,1.4489631901840492,B0029,39,1392,01392.csv,43,1.7657088508465202,17
161,1634.765,3.3990966930758852,1.9166086737918735,4.20106410059631,0.2862004199725242,1.1211985597664542,3.9225772399713974,4.026796677718367,0.6280105618754419,52.80160858510679,59.97193555147316,15.270217971410275,3.8957602484472056,1.4500931677018634,B0029,41,1394,01394.csv,43,1.7523941408724169,18
159,1622.016,3.4005060708668395,1.9416286020335691,4.20039236023258,0.28257487679626264,1.108516264373839,3.9219524666523657,4.026614754186135,0.6320441638861197,52.76338281760698,59.90509096707212,15.229255690478354,3.8945106918239003,1.4585345911949685,B0029,43,1396,01396.csv,43,1.7380191225603103,19
158,1616.25,3.397536794846482,1.8754484122099284,4.200576454073823,0.2902056379846862,1.1171585537436028,3.9205613824445287,4.027889167613304,0.6340543103505575,52.793663259837146,60.003884509148,15.30812907415389,3.8938746835443045,1.4675379746835442,B0029,45,1398,01398.csv,43,1.7312214443143976,20
158,1622.218,3.391570729569499,1.8380927294124032,4.1947095538907675,0.29947076962899566,1.2979632237922165,3.9453101481759445,4.028085314718813,0.5513406694782395,52.75741582344694,60.25771781052726,15.622003576063321,3.9185354430379755,1.4563544303797467,B0029,49,1402,01402.csv,43,1.7379128985265808,21
157,1619.656,3.4006008999743154,1.999771637867575,4.200658594506185,0.27677445532755646,0.9807620903961354,3.8958774782793504,4.029581554780258,0.7087445485957239,52.866554147425745,59.90492726798961,15.182824232201916,3.8677898089171987,1.4465286624203824,B0029,51,1404,01404.csv,43,1.7224270683625882,22
155,1605.484,3.3937647508109445,1.8317514112942035,4.200792247486221,0.2982844086389391,1.1156927490078874,3.917917791621327,4.027766402722573,0.6403351680392902,52.88238533970063,60.33243416075105,15.597128074372343,3.8915690322580656,1.4545806451612904,B0029,53,1406,01406.csv,43,1.7184213765608034,23
154,1600.75,3.3990916405291434,1.97395592165877,4.200103293228043,0.2787874526664731,0.9787229051850019,3.8930031372670744,4.026628807325158,0.7154789941899611,52.89174684629843,59.98669670538192,15.2486828446702,3.8653116883116887,1.4520259740259742,B0029,55,1408,01408.csv,43,1.7010220930648232,24
153,1595.0,3.396460061958035,1.9069490533352145,4.200392899920808,0.2853973318793905,0.9847324742665786,3.8910176432450543,4.0280756332387835,0.7175563889265547,52.86276331800625,59.99528714045464,15.27448057574118,3.8644627450980407,1.448483660130719,B0029,57,1410,01410.csv,43,1.693698739563104,25
154,1612.422,3.3953349055125526,1.9996278665665832,4.193452277045169,0.27766372605580325,0.9698596555144205,3.8931408939723386,4.028992071533853,0.7154598821154531,52.85514927949408,59.98821696841703,15.304077400959962,3.86531038961039,1.4586493506493508,B0029,61,1414,01414.csv,43,1.713072721286705,26
152,1598.969,3.397203474478597,1.9297361391600052,4.200426069460966,0.28444468133836176,0.9782055953935767,3.8906772175494067,4.027443008545737,0.7199357130039661,52.84555100149494,60.01985635641876,15.320305098528408,3.863602631578948,1.4286907894736842,B0029,63,1416,01416.csv,43,1.6976972688567131,27
151,1592.187,3.389787970407681,1.811689567857529,4.200350636061038,0.30145737541578344,0.9934306055010644,3.8880464568366286,4.02657515612885,0.7227608683920317,52.82153486606997,60.26410091872941,15.588208153001524,3.8618198675496704,1.4223576158940396,B0029,65,1418,01418.csv,43,1.6899314034061208,28
149,1577.484,3.3967598380460484,1.9610731754377528,4.200274898374017,0.2803816705292027,0.9612816838181102,3.8880525284442844,4.026308111025025,0.7269907939848403,52.81580315824478,59.92046248220958,15.262257226070005,3.860958389261746,1.4287449664429528,B0029,67,1420,01420.csv,43,1.685023551367069,29
148,1571.547,3.3957223246260377,1.9482718394124845,4.200350219079989,0.28199522472168703,0.9653370385160076,3.886829090837729,4.027821145847748,0.7290931975277238,52.80521928839473,59.887692512983016,15.201654006721064,3.860052702702703,1.4249256756756759,B0029,69,1422,01422.csv,43,1.678389965463405,30
148,1578.484,3.3892258428534876,1.8674943991912756,4.195839706712194,0.2927822221318414,0.9704702140735195,3.8857343000255677,4.027453382422719,0.7294069077662573,52.80312343851032,60.158935395611046,15.549698932027468,3.860051351351352,1.4247635135135135,B0029,73,1426,01426.csv,43,1.6737947494868326,31
147,1574.469,3.3940321153796114,1.926783206032701,4.20011947590298,0.2836576869374008,0.8922546871090602,3.858450880197004,4.027257877744434,0.7985976970795617,52.85759471288148,60.047482357880945,15.38957338846948,3.831963265306123,1.414700680272109,B0029,75,1428,01428.csv,43,1.6687898927884717,32
146,1568.281,3.390692269396659,1.869562035017659,4.20020354565233,0.2904183877496601,0.8993631545870611,3.856591474423173,4.028220020010547,0.8014176459671133,52.85638451770691,60.167863371476415,15.488139007734588,3.830845205479453,1.4161369863013697,B0029,77,1430,01430.csv,43,1.6492566306631429,33
145,1561.422,3.3912179554575785,1.8881277069953313,4.200021865512612,0.2877510289592826,0.8932476407193128,3.855535874046126,4.026463660977024,0.8040871431904814,52.882092513244274,60.09738415148209,15.432363833163144,3.829714482758621,1.4165379310344828,B0029,79,1432,01432.csv,43,1.6409676757039668,34
144,1554.234,3.3923453388185667,1.9264548202409049,4.200544725415334,0.28378264684487614,0.887714571457503,3.8555747512605603,4.02785957922289,0.8065581072289095,52.87120880021078,60.02940147619038,15.356184443524413,3.8285652777777788,1.4201736111111112,B0029,81,1434,01434.csv,43,1.6456360229757092,35
145,1573.734,3.3840832974347714,1.8497742851139864,4.193996290293578,0.29557775672163406,0.88979736978012,3.8548613798163536,4.0268345490967095,0.8041122852580729,52.8949932373189,60.33090148423857,15.721648376312594,3.8297131034482765,1.4191724137931034,B0029,85,1438,01438.csv,43,1.654547743574037,36
144,1566.578,3.3935243600466607,1.988399313722457,4.1998075622524835,0.2778608617985344,0.8300306611087582,3.8279631190232855,4.028134400513877,0.8680723329327109,52.90577737967025,59.88870262903497,15.236969545537391,3.8008263888888894,1.4061458333333334,B0029,87,1440,01440.csv,43,1.6461201520877546,37
142,1550.047,3.388551594762018,1.8822716064606957,4.199665175987453,0.2896999348510354,0.8891692157479985,3.8519088061679043,4.0269371723961935,0.8122666292286771,52.85049305569667,60.13011665786984,15.505808652062868,3.82621971830986,1.4086056338028168,B0029,89,1442,01442.csv,43,1.6275119188151763,38
141,1543.64,3.3876827466759964,1.8693019781355495,4.200099273216301,0.29125471652900436,0.8889170709937422,3.8509765940744116,4.02674927094555,0.8150721558178553,52.93318563948955,60.20528139553767,15.521131566754462,3.825025531914895,1.4151205673758864,B0029,91,1444,01444.csv,43,1.6200530533464497,39
140,1536.781,3.3850191492367943,1.8433554303146655,4.2000806322388815,0.2950646361198624,0.8890133596691996,3.849366331322892,4.027330387109479,0.8176876487421767,52.91920185424772,60.24494659507955,15.561725065429407,3.8238100000000017,1.4207714285714286,B0029,93,1446,01446.csv,43,1.612079811711934,40
169,1572.359,3.3464479682177357,2.1274170450668684,4.121228264511843,0.25710361336973286,0.976025791816177,3.881117422296153,4.02642257980551,0.746487522696456,52.450611378612734,61.11438949471705,17.96289115953416,3.8589739644970416,1.4512485207100594,B0030,1,2900,02900.csv,43,1.6560706096175404,1
184,1723.281,3.3780751936361146,2.1401060472348874,4.191571549203586,0.2614926765743645,0.8790002543380107,3.7838858314888455,4.027659504109606,0.9560632385011015,54.113241117794225,61.9990871891876,17.455547461718957,3.7618347826086955,1.4488532608695652,B0030,3,2902,02902.csv,43,1.7815548749509116,2
181,1705.906,3.3818672028482375,2.1657237815883463,4.191314909952094,0.25885652344312626,0.8416966259060223,3.7800140354599048,4.0263997172904,0.9633206796076518,54.157828260748424,61.89071493502735,17.283194522337254,3.757848618784531,1.4475027624309391,B0030,5,2904,02904.csv,43,1.761969227822918,3
179,1697.688,3.3803545588103714,2.095376108282347,4.191510310362352,0.26561268344286637,0.8281204737632999,3.7771963627067855,4.027127991303563,0.9685246076495349,54.212018750385205,62.214205409958005,17.603483796623976,3.755086033519553,1.4430614525139664,B0030,7,2906,02906.csv,43,1.751755031874225,4
177,1686.094,3.383237725223628,2.12524665517798,4.191406236830394,0.2621836260907194,0.8038634783887013,3.774394142505079,4.027089196239373,0.9737256261611278,54.19837692352459,62.31179793095802,17.70977533189732,3.7523016949152543,1.4438587570621468,B0030,9,2908,02908.csv,43,1.7381688070362076,5
175,1678.563,3.374148303155992,2.0759632130565406,4.1809364775885,0.2704979809374084,0.9141509561936232,3.8401506129683893,4.026801519572001,0.8424662669048505,54.14161744851121,62.29994268441351,17.69840236743522,3.8181245714285716,1.4616914285714289,B0030,13,2912,02912.csv,43,1.750674529346134,6
174,1677.469,3.3806295984219497,2.0440070679316857,4.191416983179895,0.27181220512743237,0.857477894149655,3.8162308411426897,4.026685043731495,0.8931720431566161,54.21167948917778,62.48134926186261,17.850537867537483,3.7940517241379315,1.4580689655172416,B0030,15,2914,02914.csv,43,1.7491047649061158,7
172,1666.093,3.387081847293872,2.173948548947525,4.19167898729129,0.2583545021965035,0.7956373886598218,3.790555214102307,4.027008162529609,0.943794778863719,54.18634900836399,62.158212651524295,17.558842705197854,3.7683081395348843,1.4541686046511628,B0030,17,2916,02916.csv,43,1.7252544028765475,8
170,1654.328,3.3879461849049983,2.1712631392036204,4.191660740391253,0.2585451712888548,0.778605458482351,3.7878863152954003,4.026835815972069,0.9490780097180473,54.15360140656882,62.11029841216025,17.51739346635049,3.765651764705883,1.4488411764705882,B0030,19,2918,02918.csv,43,1.7112621367644252,9
168,1643.812,3.3883925705991067,2.1722790601698723,4.190518218566902,0.2586371751450089,0.7633168635309224,3.7852137197697893,4.027530832099604,0.9547047703928074,54.168189231806274,62.21537292970592,17.556480284737475,3.7628809523809523,1.446517857142857,B0030,21,2920,02920.csv,43,1.6990418392711273,10
168,1652.266,3.3829900242224884,2.1399140868464497,4.18494757447594,0.26246795464010336,0.8050780724689206,3.808758701764203,4.026804684381526,0.9083566175476209,54.22057063412252,62.42078136779365,17.800626826714392,3.786675,1.4528333333333334,B0030,25,2924,02924.csv,43,1.7185770039532977,11
167,1648.672,3.3872270612733906,2.112329336316492,4.19138696373963,0.26435598818741357,0.7669964763877357,3.7838496795424073,4.028658336876764,0.9573552356531468,54.24400266886001,62.42541404009337,17.792912130622412,3.761449101796408,1.4467544910179644,B0030,27,2926,02926.csv,43,1.70324722921867,12
165,1636.969,3.387969833955272,2.1141726056716275,4.1916098999207785,0.2637080830032063,0.7529897215881678,3.7810084173912366,4.027635336965244,0.9628490466305387,54.24150010859243,62.43136471336018,17.79867650376118,3.758545454545455,1.4449030303030306,B0030,29,2928,02928.csv,43,1.689458044662304,13
163,1625.187,3.3908449439184096,2.1697054636701996,4.191138031319589,0.25870424403047954,0.7347196798902385,3.7778492260022567,4.028103263729137,0.9684850535538593,54.183697227073836,62.27459158639179,17.672466328923583,3.7555582822085887,1.4468098159509204,B0030,31,2930,02930.csv,43,1.6756136292719177,14
162,1622.016,3.3859058007878593,2.0502203248956845,4.191251588829171,0.27043921342076505,0.7380064856262409,3.7765035959555266,4.0291043008663845,0.9708602218691226,54.228866401573256,62.57843700986901,17.937277220014444,3.753962962962963,1.4423148148148148,B0030,33,2932,02932.csv,43,1.6718407140871654,15
163,1638.422,3.375492904033759,2.056845844411806,4.17866916142942,0.27407813519062096,0.9045951067815485,3.8520195080205637,4.027517719449719,0.8178169886800667,54.15865206479903,62.47198799326229,17.889224523802497,3.8292024539877305,1.4638650306748466,B0030,37,2936,02936.csv,43,1.7233056681204446,16
163,1646.438,3.381550645715128,2.0026548733538236,4.19028213835832,0.2760664515744502,0.8083278755749861,3.802644458063078,4.028208252016326,0.921736405104694,54.242750421230845,62.678287399200066,18.073379338320358,3.780088343558283,1.449834355828221,B0030,39,2938,02938.csv,43,1.709207290507283,17
161,1634.765,3.3864480900407194,2.098247338071892,4.18930659174196,0.26463474952959776,0.7545618609118461,3.7748028772571725,4.028530108942317,0.9741786657667919,54.26601179807604,62.48426799373123,17.850420740056002,3.7525279503105584,1.438832298136646,B0030,41,2940,02940.csv,43,1.684001734344571,18
159,1622.016,3.387180494037813,2.095250035916422,4.189336480826855,0.2647020875505321,0.7391346772045138,3.7717262545339874,4.028059956110559,0.9798223571126149,54.24164371768822,62.520660259063135,17.9103050402804,3.7493949685534607,1.438559748427673,B0030,43,2942,02942.csv,43,1.66898698813004,19
158,1616.25,3.3813445010797873,1.965222517702767,4.1879616710018945,0.27801234930568525,0.7381022324736963,3.770184987452454,4.029736567587315,0.9827159539295985,54.32282816477177,62.837923181745914,18.193193639342773,3.74780253164557,1.432873417721519,B0030,45,2944,02944.csv,43,1.6620689362837142,20
158,1622.218,3.385606758982866,2.1649300939348857,4.183473493335224,0.2591232004643784,0.7388822553739716,3.770295649387221,4.02892193533513,0.982750885231099,54.27566161448939,62.47596510401283,17.911534332774295,3.74781012658228,1.4340379746835445,B0030,49,2948,02948.csv,43,1.6687049625248174,21
157,1619.656,3.3887947335699504,2.1107101939003567,4.189021310957518,0.2629617014722009,0.7088445569554453,3.742928552423713,4.028238890396407,1.030216703863092,54.34652062246305,62.54340291733675,17.908189687959762,3.7207146496815295,1.4263057324840764,B0030,51,2950,02950.csv,43,1.652762183550463,22
155,1605.484,3.390949417762555,2.154272422860638,4.188208290959306,0.2590249588745131,0.6954702021545587,3.739436274608294,4.029657303351485,1.0366217902957573,54.369563893787316,62.542537819338854,17.86220769719337,3.7171006451612905,1.4236645161290322,B0030,53,2952,02952.csv,43,1.648481366235244,23
154,1600.75,3.3873404080498895,2.056878607135279,4.188944596283129,0.2678101831609974,0.69548165044037,3.73762706709051,4.028147301835234,1.0395297828658205,54.38101073340462,62.633169726331985,17.976202071176104,3.7151974025974033,1.4216883116883117,B0030,55,2954,02954.csv,43,1.6307406443132095,24
153,1595.0,3.3880651957973615,2.0619330487714467,4.189721988537926,0.2674021551137549,0.6884810129530226,3.735664268811622,4.027460243343909,1.0426432363757354,54.366222070376075,62.63885708285674,17.989381813695537,3.7132849673202615,1.4225686274509803,B0030,57,2956,02956.csv,43,1.62323023017929,25
154,1612.422,3.3873336724752856,2.182829076635093,4.182121595717829,0.2568917388023524,0.7073530611490821,3.7373948475028564,4.028374864371009,1.0396438331571125,54.36082826974155,62.50972828784737,17.89050387138007,3.7151519480519486,1.4205714285714286,B0030,61,2960,02960.csv,43,1.654190654039439,26
152,1598.969,3.391596603751742,2.152270345667462,4.18953881832451,0.2597862425127247,0.6901014970425638,3.7337753752604947,4.0280399278365575,1.0458926950752165,54.329082038301124,62.41430430344205,17.79186126696743,3.7114776315789477,1.4156842105263159,B0030,63,2962,02962.csv,43,1.638514396616985,27
151,1592.187,3.3844695827460796,1.98536642488698,4.18877344296717,0.27570824753366785,0.6906049036112041,3.7318768204814625,4.028759921717576,1.0493672670018825,54.350797312061744,62.71706660837061,18.0993069612477,3.70954569536424,1.4076887417218544,B0030,65,2964,02964.csv,43,1.618847673357618,28
149,1577.484,3.3883015570002266,2.085108474542319,4.187364248433742,0.2651130763785539,0.6761836953957148,3.7279290932845597,4.028912968695677,1.0556069266401122,54.30570319180817,62.554566036297686,17.975177910305312,3.705544966442954,1.4136375838926174,B0030,67,2966,02966.csv,43,1.6134212267751404,29
148,1571.547,3.389973588057286,2.1156809695842997,4.188843927084549,0.2629282705322126,0.6710729724587257,3.7258830849652926,4.028240237923387,1.0590503195806344,54.311769035681074,62.48691429447336,17.832223838508305,3.703290540540541,1.414,B0030,69,2968,02968.csv,43,1.6066443601761986,30
148,1578.484,3.386403894086122,2.0858806041580396,4.184536605382707,0.26546566457585663,0.6740815035914611,3.7258372859193476,4.0292228155278815,1.0587950945290694,54.31694947968931,62.59235284434121,18.062387650163345,3.703625675675676,1.4098175675675677,B0030,73,2972,02972.csv,43,1.6138387876938998,31
147,1574.469,3.382990062267617,1.9452863886535996,4.188530465383751,0.2797958446176237,0.6747681943048955,3.7235367337610152,4.028629666143592,1.0622170232181818,54.37602664745592,62.84622214879507,18.261732751596305,3.7014108843537423,1.4072176870748299,B0030,75,2974,02974.csv,43,1.596329501327274,32
146,1568.281,3.3809665909442286,1.916660490161616,4.188200529397757,0.28377900617915386,0.6683218550571133,3.7209938578082973,4.028807042725253,1.0657275726914217,54.40922760509475,63.0242156686281,18.410674825071055,3.699524657534247,1.4007191780821917,B0030,77,2976,02976.csv,43,1.589078586740699,33
145,1561.422,3.3813241868366974,1.927250989755404,4.187743893425592,0.28157700516459394,0.6629987781830331,3.7188859281152307,4.027678632162258,1.0688186042838723,54.43118438830086,63.00027240816272,18.400168291962416,3.6974496551724143,1.4004344827586206,B0030,79,2978,02978.csv,43,1.5805481432309574,34
144,1554.234,3.3870672693934285,2.051939170845275,4.1898269490660445,0.2689452856555207,0.65811682821231,3.7178481811964144,4.028626046511251,1.072425169364828,54.42543761419732,62.80130766887856,18.174834405081796,3.6952805555555557,1.4057708333333332,B0030,81,2980,02980.csv,43,1.584613105427081,35
145,1573.734,3.382718302752806,2.0447593292567268,4.183231697201542,0.2696773334593552,0.6741357605222844,3.7197261716255903,4.030594809378983,1.0689706916305866,54.40878572720797,62.737405296482684,18.192281070880306,3.69736275862069,1.4016827586206897,B0030,85,2984,02984.csv,43,1.5936651221220737,36
144,1566.578,3.3896129797375174,2.1123670299751245,4.187178870202528,0.2627081684907579,0.6477030856860657,3.689621298817718,4.029376137378532,1.1158553199611885,54.42284720424547,62.57852749153667,17.998287249371074,3.6672152777777773,1.3957916666666665,B0030,87,2986,02986.csv,43,1.5849874126960888,37
142,1550.047,3.38569510149779,2.029028311417829,4.188109008087897,0.27073440689101463,0.6597127908309708,3.7133781671299664,4.02789957320431,1.0796346966934303,54.38754363122996,62.84908045214772,18.27199205653762,3.6911098591549307,1.400225352112676,B0030,89,2988,02988.csv,43,1.5787064969416462,38
141,1543.64,3.387023398111767,2.0574175231777425,4.188695408653485,0.2682601319524213,0.6553372057253255,3.7113343053731827,4.027280488641001,1.0830374277183668,54.45246463683033,62.7284644620379,18.08291819596719,3.688910638297873,1.399113475177305,B0030,91,2990,02990.csv,43,1.570705516096967,39
140,1536.781,3.3870565445350174,2.068863283525511,4.18874384592953,0.26754500740745585,0.652715177365105,3.7091888178040837,4.027633935183195,1.0862213243998224,54.41109814733754,62.69299470731855,18.086477303249197,3.686682857142858,1.3982142857142856,B0030,93,2992,02992.csv,43,1.562780404428482,40
169,1572.359,3.3729664490249562,2.4944372580491163,4.116561748956975,0.21814499108134813,0.8904950448897613,3.8334458538036693,3.976879354793831,0.7378624099795472,52.65501135302439,60.84632469517393,18.016288382197892,3.855112426035503,1.3870828402366864,B0031,1,4161,04161.csv,43,1.6666751942525773,1
184,1723.281,3.410655663961355,2.4703791051999655,4.206499027366964,0.23820566173113553,0.9803612925407363,3.845126100552608,3.977675278876834,0.7078073677421077,53.97231092767106,61.81769411336386,17.523065528995254,3.8666760869565215,1.427858695652174,B0031,3,4163,04163.csv,43,1.8328583629543176,2
181,1705.906,3.411724207737072,2.432998201540817,4.206542652746716,0.24215470609216633,1.015632376307925,3.865061437504729,3.9778181212183674,0.653167303223489,53.99108510894419,61.82805706187581,17.47854153425262,3.886596685082873,1.4348839779005529,B0031,5,4165,04165.csv,43,1.8139835002945135,3
179,1697.688,3.414079984476593,2.455290559392926,4.206636701109276,0.24027252901849463,0.994569480457903,3.863759217538865,3.977299190367607,0.6566855304894574,53.996608338848425,61.95644236061217,17.597910662228557,3.885366480446928,1.4346368715083797,B0031,7,4167,04167.csv,43,1.8044387333514835,4
177,1686.094,3.412679097550016,2.379788594335936,4.206755471453542,0.2474269554357471,1.0728255039768735,3.884964691502783,3.978022092833197,0.5923392295554046,53.954262670522155,62.099570509363424,17.730528012234338,3.9066836158192086,1.4403954802259886,B0031,9,4169,04169.csv,43,1.802147684291295,5
175,1678.563,3.3963237722822415,2.3704531055353044,4.172458299789621,0.2430220855228324,0.9804360100915677,3.838075734996099,3.9767159781784978,0.7252090062982226,53.973288387308486,62.03750729435005,17.725167540493253,3.859978285714286,1.4107257142857141,B0031,13,4173,04173.csv,43,1.7715647509798835,6
174,1677.469,3.4200798093339357,2.479852487101495,4.2067410088524975,0.2384629958128421,1.1382867609101557,3.906047424985772,3.977184383768344,0.5186758516314361,53.88993125496472,61.84294867967338,17.476062373731125,3.9280942528735636,1.452367816091954,B0031,15,4175,04175.csv,43,1.8139928165779544,7
172,1666.093,3.4200087266691894,2.4765516954388933,4.2068100656143335,0.23919384198973367,1.1301084201721556,3.905403295949085,3.9770974674013817,0.5220195712151371,53.87262295937195,61.837947652588504,17.488779204877886,3.9272941860465114,1.4517267441860466,B0031,17,4177,04177.csv,43,1.8013261041198854,8
170,1654.328,3.417702003194436,2.359674470455269,4.206952621072369,0.2484745421757433,1.8472781506170999,3.9279761474648427,3.976862231789001,0.42974839732969883,53.81893583109196,61.84646585876763,17.513467869628002,3.949982352941177,1.453835294117647,B0031,19,4179,04179.csv,43,1.7883722583933568,9
168,1643.812,3.420480701190782,2.4195090802038206,4.206832562039922,0.24305400295271984,1.7873148080777423,3.9274541286439484,3.9791104324571194,0.4322802555256514,53.82033376097016,61.76013798618494,17.397779692799105,3.9494226190476187,1.4532083333333334,B0031,21,4181,04181.csv,43,1.776540165737316,10
168,1652.266,3.4123332615490005,2.3489668209281325,4.193946956737359,0.24768518817853868,1.8449346840023235,3.927239655425038,3.978347529374349,0.43223287295082025,53.821133604090825,61.91960614794014,17.60383682094026,3.9494214285714286,1.4500714285714287,B0031,25,4185,04185.csv,43,1.7856209131823229,11
167,1648.672,3.420910074120946,2.3997094392914415,4.206655556995042,0.2446349958182856,1.8069461177036001,3.926897197607137,3.9771521389968303,0.433496395659967,53.81794815350033,61.86471031425517,17.49779729826883,3.9491377245508987,1.4563712574850298,B0031,27,4187,04187.csv,43,1.781363403668594,12
165,1636.969,3.4216539858581876,2.4168059304515817,4.207198543313955,0.24340623853705215,1.7900349050130036,3.926457770086078,3.977691809263504,0.43620101874885203,53.80194299620242,61.77393480386064,17.43445992899713,3.948557575757576,1.4559939393939392,B0031,29,4189,04189.csv,43,1.768489838397124,13
163,1625.187,3.423749066677016,2.471072287476068,4.206978754188053,0.23924865327997882,1.7359064667119846,3.925817080441477,3.977537552103438,0.43868991721421374,53.75880729814269,61.645390510898466,17.317200760614725,3.947963190184049,1.455576687116564,B0031,31,4191,04191.csv,43,1.766505238291406,14
162,1622.016,3.4209893105313918,2.4044472636058316,4.20675228195214,0.2448759986087863,1.8022315059848166,3.9255513820662964,3.978111649265431,0.43997312866652705,53.78850848662172,61.88870329111738,17.527668622767514,3.9476617283950617,1.453006172839506,B0031,33,4193,04193.csv,43,1.751740527921767,15
163,1638.422,3.40095456627701,2.4059387688210077,4.168980783747018,0.24000554640389046,0.9801815813354455,3.852591436358121,3.977751186219502,0.6872641581345722,53.8368863785077,61.98674236534618,17.686798944059625,3.874408588957056,1.411282208588957,B0031,37,4197,04197.csv,43,1.7352349314055016,16
163,1646.438,3.421591713831319,2.386904670931757,4.207227268504839,0.24616126267560323,1.8203225975730821,3.9257543646961945,3.97681234987642,0.43866182532712267,53.773379186088945,61.736554527800706,17.4139513995206,3.947963190184049,1.452877300613497,B0031,39,4199,04199.csv,43,1.7782778274549178,17
161,1634.765,3.420573981542695,2.3650342661568575,4.207303258469689,0.24814413047405526,1.8422689923128313,3.9249912249362797,3.976912066880602,0.4414089525686483,53.77386924606414,61.822305205835185,17.489948457649895,3.947354037267081,1.4485776397515528,B0031,41,4201,04201.csv,43,1.7649894859707391,18
159,1622.016,3.422624599533156,2.4186775515647607,4.207353806036226,0.24384126915560794,1.7881732412778923,3.924459180223728,3.978688647773789,0.44433906136153745,53.754659591825344,61.70265737807168,17.380111754248276,3.9467283018867927,1.4495031446540882,B0031,43,4203,04203.csv,43,1.762591283533551,19
158,1616.25,3.4201177255120836,2.360775838409723,4.206667054740019,0.2484967435425615,1.8458243829373324,3.924121963609662,3.97903376287443,0.4456194212271524,53.766677549195336,61.83339482415222,17.50846905305815,3.946410126582279,1.4480379746835443,B0031,45,4205,04205.csv,43,1.744314576121582,20
158,1622.218,3.4199667649637617,2.4505597087782616,4.198651200144167,0.24022765321810802,1.7480286911039502,3.924417903030087,3.9780140451348855,0.4456972577605133,53.731744909320135,61.71886225058171,17.438244958441302,3.946410126582279,1.4492025316455697,B0031,49,4209,04209.csv,43,1.7628373753518478,21
157,1619.656,3.4203305433739613,2.3428829070219703,4.207348617133544,0.25013495760706217,1.8644657101115736,3.9240126202473213,3.9779736389102816,0.4471242220977128,53.77927288646249,61.9456150656118,17.592835456511125,3.9460878980891727,1.4463057324840765,B0031,51,4211,04211.csv,43,1.747857930947971,22
155,1605.484,3.422863512888695,2.411955819284382,4.2072481474909695,0.24427566350692467,1.7952582359201918,3.923299226302166,3.9784996176795904,0.44999552271328896,53.77940592279519,61.68681561807962,17.32373287988881,3.9454322580645163,1.448058064516129,B0031,53,4213,04213.csv,43,1.7441167338864991,23
154,1600.75,3.4198002859215846,2.3413222526109294,4.207149488755062,0.2503352034951689,1.8658272361441322,3.922934168280939,3.978808047093823,0.4513117384095788,53.7498055148608,61.72142337926525,17.364737492308336,3.9450987012987015,1.4479025974025972,B0031,55,4215,04215.csv,43,1.7268422932817389,24
153,1595.0,3.4194705619732524,2.328244465576847,4.2072173595407625,0.25103523921639165,1.8789728939639154,3.922693131662711,3.9775428897202,0.45286821338697936,53.75572683773813,61.922368397426354,17.588766369393205,3.9447568627450984,1.4470392156862744,B0031,57,4217,04217.csv,43,1.7203093493042263,25
154,1612.422,3.4145994489347062,2.318164845471509,4.196145238330935,0.2507777043268636,1.8779803928594259,3.9229572377699213,3.9805743604314343,0.4511789814174588,53.7542876562008,61.875049319197814,17.56687319494762,3.945097402597403,1.4437142857142857,B0031,61,4221,04221.csv,43,1.7394245516699778,26
152,1598.969,3.4248774653161553,2.4548236850102603,4.2069462617112805,0.24085434647021867,1.7521225767010202,3.922700094183036,3.979162923764102,0.4543788721627967,53.711431807207,61.49120341342234,17.17135383621511,3.94441447368421,1.449078947368421,B0031,63,4223,04223.csv,43,1.7367384416372014,27
151,1592.187,3.420974185160828,2.3584309858697914,4.207372373768093,0.24876034746779477,1.8487907458160517,3.9220779649294735,3.978306860506898,0.45572110443729175,53.69342764953342,61.70751319442212,17.38958227509422,3.9440675496688744,1.4478278145695365,B0031,65,4225,04225.csv,43,1.716963468448543,28
149,1577.484,3.4245085053170605,2.4660401403368404,4.206841499612997,0.24023251593931502,1.7407245735938943,3.9214023410679175,3.977319747335911,0.459010040090538,53.61958378565316,61.49432037699378,17.205541792730557,3.943355704697987,1.4519127516778525,B0031,67,4227,04227.csv,43,1.7127773558366357,29
148,1571.547,3.4232173747975634,2.442554361335084,4.207073830058116,0.2422702264063028,1.764519468723032,3.9210732675731483,3.978351078081253,0.46033124295920747,53.633628437869824,61.505904797603456,17.194660495765177,3.942991891891892,1.4522567567567566,B0031,69,4229,04229.csv,43,1.7061083466554066,30
148,1578.484,3.4217612690112014,2.455972935605985,4.202288246181564,0.24061289464997773,1.746315310575579,3.9208535381626746,3.977915936469046,0.46047796542728736,53.64298219337473,61.58650298757853,17.33017556696155,3.9429932432432437,1.4522972972972972,B0031,73,4233,04233.csv,43,1.713732696207521,31
147,1574.469,3.420095731247544,2.3451886335989784,4.2068098855652165,0.2501191812029298,1.8615192319236695,3.9207501433470915,3.979004823352766,0.46197268381532974,53.640194623026446,61.668030365099106,17.37311918352882,3.942625850340136,1.4472857142857143,B0031,75,4235,04235.csv,43,1.7093475797926974,32
146,1568.281,3.418207639268387,2.3048157078228537,4.207132897125494,0.2533991428003252,1.902092637867065,3.9202672088226542,3.9789940224296374,0.46324608911615844,53.65373339276206,61.83745125268187,17.55202614078373,3.942253424657534,1.4453287671232875,B0031,77,4237,04237.csv,43,1.690100045411559,33
145,1561.422,3.4190055604969225,2.327904771892418,4.207018144824621,0.2509542037978094,1.8791133729322032,3.919741625648533,3.977360849056161,0.4649885758438988,53.65355338521763,61.7791359328034,17.48069801156756,3.94187448275862,1.4431448275862069,B0031,79,4239,04239.csv,43,1.6946883343387664,34
144,1554.234,3.4200180230564365,2.3672431402232186,4.206967994384534,0.24794846811603263,1.839564610870267,3.9196997597664827,3.98157731389867,0.46647416419803306,53.647830742878845,61.63755727730526,17.340700402791136,3.9414916666666664,1.4441458333333332,B0031,81,4241,04241.csv,43,1.687010991299212,35
145,1573.734,3.41552953622903,2.32931910043758,4.198742074510769,0.2501201546469379,1.8690691636933963,3.919678832661814,3.978371819312698,0.4650595494726349,53.654715008055895,61.76541153453152,17.525004121768987,3.9418758620689656,1.443648275862069,B0031,85,4245,04245.csv,43,1.6957069027070075,36
144,1566.578,3.4189014427486333,2.3136169782429055,4.206906802432806,0.2522365024634315,1.8932898241899,3.9194186938518363,3.979278165023497,0.46680928334537725,53.66098543950281,61.71412204720752,17.436439978191792,3.941493055555556,1.4425555555555556,B0031,87,4247,04247.csv,43,1.687696889615565,37
142,1550.047,3.423353784322714,2.464103908062826,4.20664698001037,0.2408588653691168,1.7425430719475439,3.9186586473722,3.979799695817293,0.46993522912080565,53.59867010741405,61.46370523914892,17.20045109343375,3.940711267605635,1.435732394366197,B0031,89,4249,04249.csv,43,1.6819617127259294,38
141,1543.64,3.4227287920309317,2.450218643464606,4.206935457661614,0.24204499260902576,1.7566694968694132,3.918535764220774,3.978467204430153,0.4716570113179492,53.628910349751585,61.45868723262231,17.163704889732678,3.9403134751773052,1.4344397163120568,B0031,91,4251,04251.csv,43,1.6750033888978846,39
140,1536.781,3.422760457985402,2.4650879684691613,4.207096999865798,0.2411902174617894,1.7419568478271579,3.9181599954738218,3.9775318525247543,0.47335424179674224,53.61379694880726,61.44540062417477,17.156398073178714,3.939907142857143,1.4331500000000001,B0031,93,4253,04253.csv,43,1.6672987794846676,40
169,1572.359,3.31356881404843,2.62709691854036,4.087016142066692,0.20513547879830787,0.8364876355926252,3.895034492956119,3.994111633376854,0.608051199531419,52.14812251926887,59.47600707924567,16.210772895982537,3.9063112426035502,1.1964142011834318,B0032,1,1013,01013.csv,43,1.704864107351214,1
184,1723.281,3.360932103985418,2.6672646952717707,4.187844886919987,0.22230011671123248,1.5205801916482167,3.9466662705801663,3.993584927278223,0.4149848024335193,53.49862731805315,60.121290886265,15.742172383949672,3.957515217391304,1.2748315217391306,B0032,3,1015,01015.csv,43,1.8940319526948572,2
181,1705.906,3.362818742242725,2.653980741191812,4.187701456265651,0.2250827429052548,1.5337164475805882,3.94596457797571,3.994420868734206,0.41818539146982536,53.56355547229223,60.28987126771494,15.864958949347155,3.9567944751381208,1.2873370165745857,B0032,5,1017,01017.csv,43,1.8747686491853095,3
179,1697.688,3.3620666570592657,2.614778884516638,4.187956631748198,0.2284674861621929,1.5731777472315605,3.9453935322885054,3.992737735565066,0.42050475802447956,53.636497641934646,60.570618627724706,16.147162296981534,3.9563005586592177,1.2839106145251395,B0032,7,1019,01019.csv,43,1.8654947184112376,4
177,1686.094,3.362352506750974,2.611753951946988,4.187837270519941,0.22894922429608544,1.5760833185729526,3.945106683275763,3.994866116280559,0.42297238701774714,53.66821955000141,60.444872622429784,16.022496814792277,3.9557966101694912,1.291446327683616,B0032,9,1021,01021.csv,43,1.8527398169018068,5
175,1678.563,3.3539141264171213,2.6899647104301128,4.176580463554566,0.22442279388805614,1.486615753124453,3.944152466562166,3.994312241610504,0.4253845693648264,53.78514931831166,60.80514996345169,16.401343164210218,3.955278857142856,1.2747257142857142,B0032,13,1025,01025.csv,43,1.844174397003866,6
174,1677.469,3.359881578137895,2.6352220172441965,4.187717629562103,0.2291946678487085,1.5524956123179066,3.9440841948043595,3.994189778619774,0.42643736373199503,53.80370465565283,60.791314861400984,16.35801277557946,3.955016091954022,1.294764367816092,B0032,15,1027,01027.csv,43,1.8430238477512753,7
172,1666.093,3.358862190732693,2.616116680441599,4.1875582845369195,0.23040014570204284,1.5714416040953205,3.943436845988864,3.992661318532081,0.42894875064937227,53.860865202701575,60.824534439051064,16.426447561491052,3.9544813953488362,1.2934418604651161,B0032,17,1029,01029.csv,43,1.8302818174911863,8
170,1654.328,3.3601097902247443,2.6377575512804055,4.1878149871796655,0.22888854404128348,1.55005743589926,3.9431707154426765,3.9925014219671766,0.4311401823051378,53.86937461780675,60.93844327722512,16.541311128702013,3.953934117647058,1.2906823529411764,B0032,19,1031,01031.csv,43,1.8173838456081817,9
168,1643.812,3.3601434422461938,2.6425811435343314,4.1878814798124315,0.2288242762468338,1.5453003362781002,3.9428069328012985,3.994253875500499,0.43392303202425375,53.919241142689074,61.056928797496845,16.615763110508084,3.9533738095238093,1.2880059523809524,B0032,21,1033,01033.csv,43,1.805799298110468,10
168,1652.266,3.355149818972587,2.6868552360676885,4.180429711622443,0.22587357356852442,1.4935744755547544,3.942681377393959,3.993279981032099,0.4338637353111127,54.04736439027926,61.26264235870029,16.856035654485737,3.9533738095238093,1.2776488095238097,B0032,25,1037,01037.csv,43,1.8149829605049184,11
167,1648.672,3.3593418283288132,2.6740516269543457,4.187435297570574,0.22689711932772316,0.9213333859444717,3.9185039850079213,3.9928213513263473,0.5314258717289723,54.07432799473692,61.30909593373104,16.894588686416846,3.929132934131736,1.2910479041916165,B0032,27,1039,01039.csv,43,1.7995150369321795,12
165,1636.969,3.358629751735543,2.6712280977184064,4.187467933100937,0.22695809812768244,0.9252773621768156,3.9178116157352694,3.993630744300511,0.5349868946169266,54.13198237630402,61.35860964032413,16.93518624621597,3.928261818181818,1.2930969696969696,B0032,29,1041,01041.csv,43,1.7866516942518147,13
163,1625.187,3.3590704748251823,2.6834486699239664,4.187491241001438,0.22658712662179595,0.9161796647862412,3.9170366694671146,3.993304107752517,0.5380074438983674,54.1706485784692,61.482188769123354,17.07689233675508,3.927369325153374,1.284883435582822,B0032,31,1043,01043.csv,43,1.7735550719416031,14
162,1622.016,3.3579238322389635,2.670098200587867,4.1874322769983605,0.22764514080620055,0.9258583702048218,3.9165548910259784,3.994079719933211,0.5396501128298057,54.230275057026425,61.55806089309811,17.12056726152312,3.926914814814815,1.2871728395061728,B0032,33,1045,01045.csv,43,1.769995333364443,15
163,1638.422,3.346388148340216,2.6512994484308834,4.174276691190384,0.22916630533283316,1.5227074279668873,3.9411635813615224,3.9939678062045263,0.4407527062115301,54.344649105313806,61.75555924618304,17.354212346197677,3.951912883435582,1.2722269938650306,B0032,37,1049,01049.csv,43,1.799526080374287,16
163,1646.438,3.3534652549262995,2.625703438629486,4.186860433427951,0.23179328137697439,0.9430819826746499,3.9169215524540313,3.994597299462833,0.5379929595204344,54.34024033975075,61.788148736083365,17.386323307626412,3.927369325153374,1.2926503067484663,B0032,39,1051,01051.csv,43,1.7968530684449833,17
161,1634.765,3.3539379658636705,2.6363985091733704,4.187242083144707,0.23045346609812176,0.9390896358135983,3.9161294134967335,3.99403993642454,0.5411270964921422,54.383818324015124,62.026796878552666,17.601806325784096,3.926455900621118,1.2934534161490683,B0032,41,1053,01053.csv,43,1.7838265504081745,18
159,1622.016,3.352033498067153,2.6091385279000474,4.187348698823322,0.2334063062606059,0.9534119161401597,3.915098269867953,3.996695123471853,0.5445937902506172,54.44223460892958,62.05922080379437,17.63752538194573,3.9255169811320747,1.2892578616352202,B0032,43,1055,01055.csv,43,1.7696444491040102,19
158,1616.25,3.356088193037498,2.6928273258727593,4.187458308694366,0.22626898260772746,0.8173356047695819,3.8893821380894766,3.996085886074777,0.628545663846189,54.47793957059441,61.81678431928173,17.396272203899848,3.899718987341772,1.2775632911392405,B0032,45,1057,01057.csv,43,1.7512940457049684,20
158,1622.218,3.3485978246821815,2.6580053475407666,4.18032452902128,0.22962863927757368,0.9090942860926146,3.914579219475179,3.9941183811183705,0.5464050114333066,54.522884319691855,62.13034562682843,17.75060847372871,3.925040506329113,1.2662215189873418,B0032,49,1061,01061.csv,43,1.7697554297961993,21
157,1619.656,3.350888760453381,2.622656733898926,4.187278944270903,0.23223892521775213,0.8456109428607474,3.8887331627286232,3.99420296582248,0.6304656957519488,54.63737439274004,62.20855323363066,17.76877710941988,3.8990738853503184,1.268828025477707,B0032,51,1063,01063.csv,43,1.7547726933914918,22
155,1605.484,3.351949039148667,2.6579673401898325,4.186871482774904,0.22979770319538662,0.8291910218828642,3.887437874711392,3.994207676123932,0.6344083243543543,54.626766126568995,62.27936068413306,17.828616805748872,3.8977587096774196,1.2694258064516126,B0032,53,1065,01065.csv,43,1.7389166355812984,23
154,1600.75,3.349297591300232,2.62449780009349,4.187368946542894,0.23239740200156653,0.8447179965011573,3.8867994146602536,3.993823239825288,0.636254128119382,54.64310926864166,62.40536913200032,17.957780201508015,3.897089610389611,1.272025974025974,B0032,55,1067,01067.csv,43,1.7337200518764075,24
153,1595.0,3.351231111091802,2.6693549937573904,4.187171328295389,0.2291317651845515,0.7699071978675054,3.8601106075150997,3.994754622163221,0.7116283818721478,54.70581681215588,62.216007793788314,17.773682473695516,3.870261437908497,1.2622352941176471,B0032,57,1069,01069.csv,43,1.7150972597500092,25
154,1612.422,3.3435018088780115,2.6245992054256915,4.179483481777926,0.2326366566095289,0.8301483411299988,3.8867244327008197,3.993552154297251,0.6364379469664357,54.73634803491553,62.6157960112704,18.202726506559237,3.8970883116883117,1.254155844155844,B0032,61,1073,01073.csv,43,1.7462926148815636,26
152,1598.969,3.3521161040604457,2.6829848740711117,4.187057003834118,0.22894987289006175,0.7561291314680152,3.8593522369905764,3.995086500261386,0.7138266105694623,54.729006905014316,62.26360588854172,17.83634302366989,3.8694013157894735,1.261328947368421,B0032,63,1075,01075.csv,43,1.719149261914565,27
151,1592.187,3.3500497479561155,2.6671246169170018,4.186996418231206,0.22982761440769367,0.7669878323850421,3.8584719146423083,3.9949368262887304,0.7163465358686759,54.73589338579687,62.42580063958537,17.9984003356888,3.868529801324503,1.2584039735099337,B0032,65,1077,01077.csv,43,1.711582246191498,28
149,1577.484,3.346822633241171,2.6334454972272856,4.1871621368173555,0.23394444996334868,0.7752531424289026,3.856743445953191,3.9949029619473433,0.7209036919981643,54.73540508711326,62.5594040849182,18.15460128723477,3.8667516778523487,1.2606174496644296,B0032,67,1079,01079.csv,43,1.69510511952259,29
148,1571.547,3.3445668126766406,2.6133538721871226,4.187124475593186,0.23511341027424876,0.8461876801747454,3.8827695760741974,3.99441842582716,0.6489136023031378,54.748659992092946,62.582629376324434,18.16051430249054,3.892875675675676,1.2646824324324324,B0032,69,1081,01081.csv,43,1.7005124371100973,30
148,1578.484,3.3426166901503263,2.647938106735209,4.181856074494181,0.23177794499918852,0.8229438640913247,3.882634132251961,3.9933943376990633,0.6490762665720794,54.78747299373422,62.57090441669303,18.217708219971925,3.892875675675676,1.2551486486486487,B0032,73,1085,01085.csv,43,1.7080989351250158,31
147,1574.469,3.34732439121854,2.6715941703662405,4.18690867607217,0.23045765190362508,0.7607628713749874,3.854953502661152,3.994505933062156,0.7256203626881594,54.781382520592445,62.42898686923908,18.036570791705863,3.8649265306122453,1.2660272108843538,B0032,75,1087,01087.csv,43,1.691435430587127,32
146,1568.281,3.3453547357724522,2.6462614968063676,4.186886051758731,0.2327775905282359,0.7703895477847467,3.8540579985423062,3.9949900066471686,0.7279361269799706,54.78435229628446,62.43152363917722,18.033831598062115,3.863993150684932,1.2643424657534246,B0032,77,1089,01089.csv,43,1.6844494328889932,33
145,1561.422,3.346646262078225,2.6718636231921065,4.186961283097403,0.2317693058215027,0.7225295326765271,3.8255270985951286,3.9944555852207273,0.7972049762219308,54.845012944023324,62.5729328576623,18.168363087602373,3.8354579310344827,1.2546620689655172,B0032,79,1091,01091.csv,43,1.664037581688075,34
144,1554.234,3.3430379418002483,2.6372752376377897,4.186797536056034,0.23435175114681864,0.7757934346939992,3.852189765714101,3.994950149647624,0.7325832091950333,54.84412055277582,62.57967644827836,18.16297014787105,3.8620902777777784,1.2586875,B0032,81,1093,01093.csv,43,1.6686372014231974,35
145,1573.734,3.3373798184076695,2.6027515790201994,4.180871809929545,0.23659653214249257,0.7781514716765265,3.8529024760904163,3.9939090960595336,0.7303279575810526,54.916794359881244,62.96996562520999,18.62396966241171,3.8630482758620692,1.244041379310345,B0032,85,1097,01097.csv,43,1.6899344075625968,36
144,1566.578,3.343534769020288,2.634449644633184,4.186876840985748,0.23487780880203488,0.7318591343172454,3.8244421764261602,3.9956769444125584,0.8002272365744196,54.90429470994109,62.75574288944966,18.35366236463981,3.8343083333333334,1.2538819444444445,B0032,87,1099,01099.csv,43,1.669431712846442,37
142,1550.047,3.3406975425250534,2.612265282912701,4.1866310585931235,0.23700097851467894,0.7835267679581359,3.850082677405248,3.995326411032614,0.7377247983901916,54.85304065526831,62.70443033939053,18.323648986834385,3.860135211267606,1.2550633802816902,B0032,89,1101,01101.csv,43,1.6634226761839213,38
141,1543.64,3.3456376475453258,2.6874948249577777,4.1868719484291095,0.23208981113649743,0.7104008512034619,3.8209617829043796,3.993341726049872,0.8082301715801611,54.870101858468004,62.46020747529598,18.03536065085222,3.83076170212766,1.2517021276595741,B0032,91,1103,01103.csv,43,1.643615219594737,39
140,1536.781,3.33983349960651,2.6076358711453813,4.186758471539941,0.239028609171694,0.7386415153935721,3.8197223601535972,3.992853792791997,0.8109123103580228,54.91521152058179,62.78975435716677,18.366302814272878,3.829545714285715,1.2447857142857142,B0032,93,1105,01105.csv,43,1.6358000873538243,40
190,1819.406,3.3726641134399764,1.9848598462488805,3.6772190710694983,0.30634950789794446,0.1963047243563385,0.4034416797376566,4.027448488189357,1.20780902927711,29.26541655615828,34.973341925251844,11.261211482756526,0.39940421052631575,0.07543684210526314,B0033,0,2413,02413.csv,24,0.0684257224060181,1
338,3260.531,3.7179953044661613,1.9816234331870684,4.191105953862248,0.35151918714671193,0.29666737891805006,0.8109896089354056,4.027610772655682,1.6144484682277598,32.82332257180906,47.876225604831575,22.703202015833632,0.8039958579881658,0.23218343195266267,B0033,4,2417,02417.csv,24,0.6895699007862814,2
337,3265.75,3.5247388250090337,1.287217552704193,4.19762922160552,0.38532641019993646,0.4120141657037335,1.3467412084687513,4.028150816942063,1.8976749985413677,35.79329539654299,53.521374145800095,28.530821817591583,1.3396047477744808,0.37687537091988127,B0033,6,2419,02419.csv,24,1.1610848192311252,3
335,3264.109,3.489168398195939,1.92499373482904,4.199816411135521,0.3818428582104297,0.42802718525544714,1.466589518835069,4.027874138842302,1.9382456635019951,36.38266836733648,53.59969491765948,29.037600424081944,1.4551546268656717,0.40535223880597016,B0033,8,2421,02421.csv,24,1.2529393053824995,4
332,3253.531,3.4703882503796533,1.9480187400221975,4.2005663942344365,0.3843901918349576,0.4356021276736102,1.52849569128654,4.033138447887385,1.9549143508950897,36.45901475182768,53.81770081109488,29.470210857765913,1.5164379518072288,0.4201506024096386,B0033,10,2423,02423.csv,24,1.302918002447558,5
329,3242.578,3.453967625388434,1.891347070952385,4.200743805234223,0.3907985854055647,0.44203144690247864,1.5665897465455083,4.028549406404835,1.9636849155675082,36.279780573622936,53.57104302015468,29.73798855570476,1.554555623100304,0.42668085106382975,B0033,12,2425,02425.csv,24,1.3218773211472523,6
326,3234.625,3.4578247593455274,1.1932458808760276,4.197576934147749,0.4090336253835543,0.43257887665500894,1.5273274440312101,4.029060240993913,1.952188411838041,36.16552578493363,54.60856796915766,30.752110491536996,1.519221472392638,0.4123466257668712,B0033,16,2429,02429.csv,24,1.2884694418301417,7
325,3235.36,3.209334990541558,1.91705151743623,4.20050246544483,0.3346473052763692,0.6396531033892714,2.0813949666832583,4.028435536553458,2.013349071971114,39.93652051985124,54.191463730088664,30.371707530477615,2.0652473846153847,0.5339538461538461,B0033,18,2431,02431.csv,24,1.713169326386719,8
323,3236.125,3.2871463464425337,1.9084502918482384,4.199260915072752,0.3420253749196089,0.5759354321273138,2.031978773251064,4.027703797647405,2.014344342538589,38.25328053802186,52.934331210631875,29.099448489464518,2.016157894736842,0.562783281733746,B0033,20,2433,02433.csv,24,1.6560966776720512,9
321,3230.25,3.3197461384202485,1.9529802665635712,4.200453230054564,0.34717928066688963,0.5489820080827275,2.007363901844162,4.029010576937479,2.0146826109204348,37.62899446299115,52.5032036116964,28.713125730222895,1.9914934579439252,0.5682616822429907,B0033,22,2435,02435.csv,24,1.6197297341990775,10
319,3226.078,3.3333097880411087,1.9889951350881312,4.200671023041403,0.34835447982855144,0.5386122202882864,1.994854164601242,4.029371158559712,2.0148725769874782,37.32713409422702,52.17652816361563,28.400731013505403,1.9789341692789972,0.572551724137931,B0033,24,2437,02437.csv,24,1.604655812282729,11
317,3224.5,3.335992217657965,1.9634548720089504,4.19613941105053,0.3431490699189217,0.5354233203307923,1.9948680130218486,4.028926555600406,2.014675968802393,37.40237649452651,52.04937847239831,28.14102494162407,1.9788271293375397,0.574602523659306,B0033,28,2441,02441.csv,24,1.6255699769029337,12
315,3222.188,3.3499333575510475,1.9596564991730565,4.200736119460894,0.3483540819704433,0.5322391572778193,1.9821703774895276,4.030095334789055,2.0146314958883127,36.995742754141574,51.73549267436528,27.573490996008413,1.9660203174603177,0.5816158730158729,B0033,30,2443,02443.csv,24,1.5900967306245992,13
313,3216.546000000002,3.3521005111517557,1.9224375381620544,4.199983318886737,0.3522602383325014,0.5309994552084731,1.9816428246019884,4.029301699475618,2.014375457000428,36.85780455256667,51.66117418178819,27.407427140400024,1.9658140575079877,0.5866900958466453,B0033,32,2445,02445.csv,24,1.5739402299623984,14
311,3211.859,3.364435103530164,1.9701535031712945,4.198997952942716,0.34750421966199335,0.5243666369656483,1.9691356497382415,4.028374929061863,2.0144026426078363,36.6450177655176,51.20270858784091,26.72631963922413,1.9527614147909973,0.5890932475884244,B0033,34,2447,02447.csv,24,1.5711303351557309,15
310,3215.859,3.3619403221625435,1.9056198246248632,4.200390681379551,0.343718566137604,0.5303182613688877,1.9749371532375288,4.028389076445655,2.0143321556711444,37.06472736671567,51.54633126076106,26.97674713388356,1.9590587096774195,0.5934741935483872,B0033,36,2449,02449.csv,24,1.5897706153457416,16
309,3225.125,3.3654741602580085,1.9194841380159544,4.19244756297013,0.32904070922602,0.5282747483874766,1.968238775843454,4.028586118410664,2.0142241123386,37.66051476409482,51.68734548388082,26.031938043352937,1.9525022653721684,0.5951618122977347,B0033,40,2453,02453.csv,24,1.6257378771074,17
309,3234.343,3.3663272801721313,1.8976584375642789,4.2017771251555125,0.31994360358891066,0.5432880707660463,1.9814866225262617,4.028842731009181,2.014609886203124,38.32310986221148,51.806645557310055,25.455153793010286,1.9656906148867315,0.6061003236245954,B0033,42,2455,02455.csv,24,1.6523506333962537,18
306,3218.25,3.377217174172977,1.9491950772703672,4.201164004146235,0.3314869981371732,0.5274799552085412,1.9616007058561897,4.030100031226656,2.0144843895425955,37.01126182016034,51.0135246257672,25.688205255622247,1.9455287581699348,0.6006274509803922,B0033,44,2457,02457.csv,24,1.6143816761595386,19
303,3203.5,3.380792043459977,1.984512151427813,4.201517882926393,0.33657518545612375,0.5232261196185735,1.9543721914924799,4.029009682675262,2.014256437579221,36.45751890099188,50.612625791907234,26.119100758546374,1.9384000000000008,0.5988778877887789,B0033,46,2459,02459.csv,24,1.58697453394504,20
301,3194.39,3.379892729676732,1.9563552671465751,4.20178668140198,0.3396532312865972,0.522969341445441,1.9543735971035472,4.029820948579601,2.0139819946593005,36.245832392874156,50.476231965221594,26.28370562495709,1.9379986710963462,0.5972524916943522,B0033,48,2461,02461.csv,24,1.5818355572787333,21
301,3225.219,3.3335163148815434,1.9541530671990093,4.1779630595627175,0.2902712141845667,0.5823646847734798,2.008024980015611,4.029429516237868,2.0148059531109657,38.88044910257506,52.80944186421341,26.86561485723612,1.9908890365448506,0.617624584717608,B0033,52,2465,02465.csv,24,1.6919769406371152,22
302,3252.985,3.35231211831231,1.9044972660711088,4.196973763278454,0.3083103205165865,0.5624009887172177,1.9876856279987871,4.029363256265371,2.014329279118585,37.68662439550755,52.001298745862094,27.09842846211803,1.971247682119205,0.605546357615894,B0033,56,2469,02469.csv,24,1.6879483800354476,23
300,3245.25,3.359089419531549,1.874834635726596,4.200398891523595,0.3210764177051384,0.5490839914626546,1.9737183465320645,4.030201623675916,2.0141687555503416,37.02885798715912,51.65598739515965,27.56309023470543,1.957668,0.6001166666666665,B0033,58,2471,02471.csv,24,1.6586223007531458,24
298,3235.031,3.3667293867076395,1.897981208291145,4.200117032191553,0.3241420865889317,0.5379403660435544,1.9604650538111639,4.030021583929906,2.0138194799945666,36.84829116229335,51.50939532095622,27.56755762084614,1.9440879194630873,0.5952046979865772,B0033,60,2473,02473.csv,24,1.6420179032789863,25
296,3228.141,3.376711639438572,1.991339490634848,4.199696801054791,0.3218890305113085,0.529311571712511,1.946851923160699,4.029862208715491,2.014209141245925,36.78338270641005,51.25839715822789,27.293687768860316,1.9302371621621621,0.5912567567567567,B0033,62,2475,02475.csv,24,1.6381810791118745,26
294,3217.875,3.367781888938211,1.8710207024150525,4.199468615978848,0.3269708600953183,0.5340891308676756,1.9592125184825684,4.029053434590447,2.013538893021718,37.1454352740502,51.77188968997154,27.60017939029222,1.9431653061224494,0.5892993197278912,B0033,64,2477,02477.csv,24,1.6422892507912386,27
293,3220.219,3.3728392448665945,1.9449657495126544,4.1967559287812986,0.31888987401811475,0.5305055437659152,1.9526430387730103,4.03323407643102,2.014001486353204,37.43950673452506,51.73759469619592,27.065849601536353,1.9363754266211601,0.5854744027303753,B0033,68,2481,02481.csv,24,1.651270876264092,28
291,3210.234,3.374002354868022,1.907571146047148,4.199575185389948,0.32411788952925524,0.5301733254870507,1.9520147906110725,4.029609473738784,2.0137132138854597,37.21232307005263,51.61243426951156,27.086577331976542,1.9359484536082474,0.5869656357388315,B0033,70,2483,02483.csv,24,1.6326559297917211,29
290,3210.546,3.372312698394194,1.853794752061886,4.199545032445997,0.3334977720685503,0.5270659943422276,1.9443849777751434,4.029153463598805,2.0129920896640963,36.823942592131566,51.546238399221565,27.531864321033076,1.9284558620689656,0.5811068965517241,B0033,72,2485,02485.csv,24,1.6260888111680731,30
288,3200.969,3.3827767161652114,1.9738070273097836,4.199505571389485,0.3301297198491497,0.5196404085586392,1.9307231048502151,4.029585877984303,2.0132751159241375,36.46405070511895,51.03143629880169,27.38609641246465,1.9144847222222228,0.5786041666666667,B0033,74,2487,02487.csv,24,1.6079292963823688,31
286,3188.625,3.375532247108578,1.8729343749213587,4.199241343123339,0.33480796517555567,0.5220773742469356,1.9434559105685831,4.029845065383976,2.0130217325983364,36.76266900330653,51.41437811978397,27.6144968867811,1.9277209790209795,0.5789020979020979,B0033,76,2489,02489.csv,24,1.6125361114907395,32
285,3191.735,3.3809635204151607,1.973162822681108,4.196166399561636,0.32566717407923873,0.5190481512710514,1.9370016811131343,4.03055037109141,2.013552412352119,37.105629207043215,51.44638168113912,27.171304607793033,1.9206350877192986,0.5762105263157896,B0033,80,2493,02493.csv,24,1.6218384168987892,33
284,3190.313,3.3849609857132434,1.9801558945564504,4.199389890561037,0.3276255481394453,0.5188858078676115,1.9295248820440578,4.028904787104472,2.013260591695603,36.92446822577901,51.30248392082844,27.073230931932766,1.913325352112676,0.5767359154929578,B0033,82,2495,02495.csv,24,1.6145443029101134,34
282,3182.156,3.3815674619499325,1.8983018980313588,4.199342510279409,0.3366213934986798,0.517766088333047,1.9282728841663244,4.028816718572523,2.012569358026687,36.60695698382364,51.29496206472584,27.52370626944819,1.9127177304964542,0.5737907801418439,B0033,84,2497,02497.csv,24,1.5953958917107596,35
281,3180.156,3.3851857877548657,1.9438604398554955,4.199371542863236,0.3353039637243562,0.516184377761109,1.921129813486492,4.028814615699915,2.012719787837831,36.55039143131212,51.186634675664926,27.489993650988147,1.9053067615658363,0.5721138790035587,B0033,86,2499,02499.csv,24,1.5877243027113055,36
279,3171.953,3.3864604240259375,1.9632916036547936,4.198739953896501,0.33543862277761793,0.514537690163257,1.9205826599101805,4.0293423558858095,2.0128777215080205,36.5823314777477,51.18261676158976,27.43002780603979,1.9046516129032265,0.5710143369175626,B0033,88,2501,02501.csv,24,1.5811840578305605,37
280,3192.172,3.38478424054856,1.966790843925578,4.196658469661701,0.32324415766624987,0.5187650497893417,1.9281771378607613,4.031050217020222,2.0131272968408664,38.03675863150647,52.16803502599322,26.79286083226545,1.9121528571428574,0.5734392857142858,B0033,92,2505,02505.csv,24,1.6128422608267754,38
279,3194.735,3.3828892338054883,1.9197120509411163,4.199179844744276,0.3207668367737573,0.5255232060068309,1.9349757313526765,4.030106767683525,2.013176027211779,38.760697217070216,52.74767841756611,26.634762432133396,1.919316129032258,0.5785913978494625,B0033,94,2507,02507.csv,24,1.61998606328022,39
277,3178.75,3.3844125991586744,1.90479520665137,4.199367783528825,0.3268825576320407,0.5212859667007836,1.9342299527737168,4.030953176534828,2.0131623800322656,38.235160610115415,52.437956139686314,26.419109738268393,1.9184202166064983,0.5783429602888087,B0033,96,2509,02509.csv,24,1.6099381853611876,40
275,3165.359,3.3857968945581733,1.9002006601986492,4.199251268298133,0.3378648523924452,0.515174691048367,1.918884836825397,4.031039705836091,2.0124704706962775,37.20770413073148,51.81197793605918,27.309567710287762,1.9033083636363641,0.5691963636363636,B0033,98,2511,02511.csv,24,1.577097753956516,41
273,3155.25,3.3829095031701564,1.851172103937757,4.199383120313636,0.3453175190459955,0.5144498923689698,1.9177547456039692,4.029997935260405,2.01207487890543,36.9160184906247,51.73653410504897,27.739312674258297,1.9022344322344324,0.5658974358974359,B0033,100,2513,02513.csv,24,1.5708599066554392,42
274,3173.766,3.3669463001908233,1.9532771236637267,4.1862894653699865,0.31968838078875733,0.5238922652740317,1.9555816941670883,4.029710862662991,2.014120147879106,38.272310782775065,52.54160752520686,27.203915880968086,1.939426277372263,0.5771788321167883,B0033,104,2517,02517.csv,24,1.6261581345348248,43
275,3199.485,3.3716190861386144,1.8536215036991408,4.19649142433425,0.3226982472341391,0.5330501972703003,1.9478422681046381,4.0307758077283395,2.0134560602985414,39.1034201890991,53.32326193954195,26.968262656501164,1.9322487272727271,0.57772,B0033,108,2521,02521.csv,24,1.6348129972245726,44
274,3196.015,3.383250579221141,1.8889976705304936,4.1993042516227,0.3282336290392403,0.522643581085811,1.9259198669127366,4.031306085570448,2.0127511714714967,38.33805950325132,52.66626648084271,26.792840877833886,1.9102708029197082,0.5727883211678833,B0033,110,2523,02523.csv,24,1.611705363734261,45
308,3595.281,3.3541040884435995,1.9693514891283213,4.297261420299437,0.28741213714396235,0.7054770760591373,2.003289552090588,4.032672225135528,2.015029958196479,40.78203629126505,55.391416850220025,27.839152406423555,1.9853188311688312,0.6042207792207793,B0033,112,2525,02525.csv,24,1.8851401699720665,46
273,3198.0,3.363721350351351,1.9935504677327176,4.196439332501794,0.3093765314628684,0.5571867525386311,1.9793358017872142,4.031780602841451,2.014855385626045,38.52395699562303,52.73529025292928,26.852684965072065,1.9611787545787545,0.5881428571428571,B0033,116,2529,02529.csv,24,1.6584957887780232,47
271,3183.516,3.366918878823245,1.9102322543360104,4.198801406927717,0.3277958024394289,0.5416832373783644,1.9635759174250933,4.030791007814564,2.014175504314943,37.84185542205372,52.530629852108135,27.61369335945297,1.945963837638376,0.5810221402214023,B0033,118,2531,02531.csv,24,1.62418934644937,48
270,3183.797,3.376033697850269,1.9518631378335147,4.199283799066005,0.33083619474216175,0.5294822186996293,1.9412628883822685,4.0310640182247095,2.0138830155102423,37.464100471383695,52.2186933985822,27.657750070510662,1.9237422222222218,0.5733814814814815,B0033,120,2533,02533.csv,24,1.604172098856364,49
270,3191.516,3.3722882262741316,1.8963514295309496,4.198824744163288,0.3293365663015827,0.5336915749486941,1.9409635566220336,4.03130596458528,2.0134163668806973,38.110532137074216,52.72731536294026,27.75194796847431,1.9236177777777774,0.5722814814814815,B0033,122,2535,02535.csv,24,1.6080016740907346,50
269,3189.985,3.371464716917886,1.8979233738345112,4.1991786619721845,0.3206818886340703,0.5397650513170715,1.9482885137170949,4.03322808557455,2.0139045305435284,39.04860411133125,53.20573413452146,26.98439364527799,1.9313769516728627,0.5802862453531599,B0033,124,2537,02537.csv,24,1.6256752138435595,51
268,3189.734,3.3745591325939,1.9266531976002357,4.196322805258936,0.32276010570397495,0.5306322820856857,1.940750614389643,4.031813043363584,2.013745365407759,38.882226863166906,53.164414772235126,26.707749836126688,1.9235074626865676,0.573660447761194,B0033,128,2541,02541.csv,24,1.617632765910718,52
266,3176.016,3.3793714907223658,1.939997570224548,4.199012202779581,0.331238286831147,0.5240469544111792,1.9251256018615566,4.030821588081266,2.012956533210448,38.10273900805949,52.600411784093296,27.295650553661066,1.9076240601503756,0.5683345864661654,B0033,130,2543,02543.csv,24,1.5973191489094265,53
265,3171.36,3.3812950636091506,1.9585672641473335,4.198460705965928,0.33319810150493834,0.5207247656061083,1.917220591703864,4.032137075383287,2.012985865288145,37.91537679971282,52.46865748904612,27.396270997468797,1.8997471698113202,0.5646943396226415,B0033,132,2545,02545.csv,24,1.5875852250170606,54
264,3170.843,3.3821712339158787,1.9572832344435456,4.198803103697235,0.33559926699529385,0.5190097258840778,1.9091378265076395,4.03124499599466,2.012296459369827,37.92480929373238,52.40979732740365,27.485453631694288,1.891809848484848,0.5611704545454546,B0033,134,2547,02547.csv,24,1.5802530015403684,55
263,3164.672,3.3795623822599756,1.916168037790613,4.198672374221831,0.3347222039655111,0.5207355275246734,1.9160969808869277,4.031640962287776,2.0125409830030327,38.34698157796738,52.834042544635665,27.491010740798174,1.8990311787072243,0.563745247148289,B0033,136,2549,02549.csv,24,1.583036530487776,56
263,3177.453,3.37961009118628,1.9463675093023416,4.195265814954276,0.3274557045473725,0.520274449365639,1.9162536759445385,4.031167247658788,2.012744925224623,39.30988108210959,53.601451975349555,27.174333923184545,1.8995095057034226,0.5613269961977186,B0033,140,2553,02553.csv,24,1.6027138832797037,57
262,3172.375,3.3842875440340876,1.9780549546482915,4.198697754700443,0.3289433786988097,0.5200946725927507,1.9085281127715084,4.032439717618345,2.0128033157242164,38.964980792259276,53.25152711755672,26.68147459226126,1.891449618320611,0.563942748091603,B0033,142,2555,02555.csv,24,1.5930709154513834,58
260,3158.406,3.3822784871834886,1.905966283713238,4.198102779366344,0.3451538867291114,0.51385311111909,1.8916136445674485,4.032672607638048,2.0110757170430724,37.72135386687406,52.64070518740206,27.855609241052296,1.8748099999999999,0.5514384615384615,B0033,144,2557,02557.csv,24,1.5448888685020246,59
258,3141.578,3.3814602813053565,1.90750106961619,4.19847889707735,0.3493256655073446,0.5127435800719558,1.8905533567609432,4.0312142392988,2.0109144454713883,37.45856152891539,52.51312011499367,28.152158922316264,1.8738519379844958,0.5490193798449612,B0033,146,2559,02559.csv,24,1.5352188565640517,60
257,3138.187,3.382560441964418,1.9292976600569,4.198444396938235,0.3512191730964069,0.5110563614401964,1.8823147825791264,4.031802508115526,2.010593640629785,37.2659552140469,52.3982280962388,28.27116697163673,1.8655937743190658,0.5444513618677043,B0033,148,2561,02561.csv,24,1.5252677314227332,61
258,3157.969,3.3801788533503028,1.8981581536679577,4.195342051626477,0.3434439605198835,0.5119485178015069,1.8905502332831872,4.031765665107094,2.0108892864074828,38.74887799470947,53.455944890050766,28.004210090208602,1.8740263565891473,0.545922480620155,B0033,152,2565,02565.csv,24,1.5559492005453626,62
257,3159.281,3.3800922874688264,1.8884361117708075,4.198552819065784,0.33742773324266107,0.5180535558942236,1.8980856969312407,4.032044401412751,2.011293305057216,39.69321386954275,54.15574298880717,27.52898449797524,1.881667704280156,0.5530038910505837,B0033,154,2567,02567.csv,24,1.564802943842715,63
256,3150.375,3.382133740383054,1.8935389971250935,4.1984923238862795,0.34325178695689645,0.5141869788899669,1.8896314109891985,4.031354508468829,2.010981818926622,38.99544744527789,53.69393683990001,27.269102739829897,1.8732281250000005,0.5507304687500001,B0033,156,2569,02569.csv,24,1.5518620461881203,64
254,3134.078,3.3814913105388644,1.904031637069275,4.198232140934075,0.3540574577667707,0.5104156690284807,1.872743521398214,4.032766166622568,2.0099226373890655,37.746988287643894,52.91956948214362,28.27627199799278,1.8561740157480309,0.5406220472440945,B0033,158,2571,02571.csv,24,1.5144550545105004,65
253,3129.797,3.3819655060503893,1.9196175823544368,4.197903885845773,0.35641616771640805,0.5090305385112419,1.8643008386750435,4.032211222443815,2.0094460976863178,37.50735630364932,52.77330169161603,28.48244743887217,1.8477225296442683,0.5348300395256917,B0033,160,2573,02573.csv,24,1.5051936202146428,66
255,3161.89,3.329913840594753,1.852348915398631,4.181130210987576,0.32656878163074576,0.5571100041366304,1.959426158058799,4.031033663843277,2.0136528959640816,38.883555668352116,53.75237854927132,28.826155920135353,1.9423843137254906,0.558443137254902,B0033,164,2577,02577.csv,24,1.605823969917045,67
257,3196.859,3.34671969744035,1.8154710749647816,4.195489950082467,0.3277930018072779,0.5565544454400784,1.9438219079215997,4.031389983040594,2.0129125219984862,39.70651744278487,54.49882525049124,28.24923585794746,1.9274178988326853,0.5614708171206225,B0033,168,2581,02581.csv,24,1.6249005195877049,68
254,3171.906,3.366597142576843,1.9709912361310515,4.197775741628386,0.3336446305154146,0.5298094909560658,1.920785081406269,4.0314763579809485,2.013408363994082,38.69688917568081,53.48032268666943,27.760359737662508,1.9033921259842517,0.5573110236220472,B0033,170,2583,02583.csv,24,1.589785130036615,69
252,3160.8429999999935,3.3665010841717966,1.8937050882323652,4.197620289512095,0.34902864502261927,0.5209241019498938,1.9034302269573002,4.030814834933042,2.0117594884973826,37.93115370815918,53.19212326974819,28.66083765717057,1.8867579365079363,0.5458015873015873,B0033,172,2585,02585.csv,24,1.5552386152299904,70
251,3147.141,3.3683893640779714,1.936708367530743,4.197694092086119,0.3515769958974543,0.5160713495588558,1.8953183205112976,4.0313511318221185,2.011760292497,37.670702628979534,52.91631108720558,28.777169818819438,1.8783513944223107,0.5412430278884462,B0033,174,2587,02587.csv,24,1.539756404636803,71
250,3141.203,3.3686183095745217,1.898472277042985,4.1974767325796405,0.3574088484686325,0.5133728364020391,1.88628180979792,4.031138153963117,2.011230839425107,37.48833504505954,52.95164787724483,29.08245886404388,1.8698775999999995,0.5379839999999999,B0033,176,2589,02589.csv,24,1.5293174002138357,72
250,3151.047,3.3619229093944987,1.8471266740226868,4.196099622186929,0.35105170589877865,0.5191852400075367,1.9022031487355253,4.0316229913950306,2.0111886766881235,39.01194436489727,54.15703950174405,28.95994901990895,1.8855888000000003,0.539424,B0033,180,2593,02593.csv,24,1.547680553576876,73
250,3159.172,3.362373596039391,1.8671703949444944,4.196552042597536,0.34344427803515293,0.5234438608022671,1.9025763083335716,4.031501330592,2.0117608859969733,39.95408175672587,54.90254753232506,28.501609738489893,1.8863032000000002,0.545308,B0033,182,2595,02595.csv,24,1.5659920939439786,74
248,3141.047,3.368466070250841,1.9378745892006957,4.197202431807518,0.3519634564257031,0.5144851918211288,1.88583292092965,4.031293666591443,2.0111637090229944,38.629206981182826,53.80008363828377,28.54061779960633,1.8690346774193551,0.5366290322580646,B0033,184,2597,02597.csv,24,1.5416252851780503,75
247,3135.0310000000027,3.36347185491077,1.8429746742692776,4.197066813581793,0.3646773409848845,0.5114981524442617,1.8764397542454812,4.031684082152135,2.00968331602708,37.93003488357471,53.54505652293522,29.39208700172024,1.8598785425101212,0.5282145748987854,B0033,186,2599,02599.csv,24,1.517590655990168,76
245,3117.984,3.3632359535533882,1.8767034375876257,4.196924945892409,0.3664722862105914,0.509580345198605,1.8755123549256025,4.03165132325304,2.010028902164596,37.62158369702063,53.29577183051126,29.497085556220753,1.8590718367346937,0.5259632653061224,B0033,188,2601,02601.csv,24,1.5075202042593092,77
245,3125.328,3.3583847581016526,1.823408615215652,4.196262893825219,0.37261691620540843,0.5092205381065478,1.8746307341185118,4.030947549189872,2.0094912938922467,37.78621151878811,53.69065218748237,30.151683085465528,1.8584318367346937,0.5178775510204081,B0033,192,2605,02605.csv,24,1.49549282626034,78
244,3120.172,3.3645795285682984,1.914352330463475,4.196791007353091,0.36574600753622427,0.5089248044439847,1.866968412651517,4.031045921440598,2.0097240147793425,37.780545613375104,53.4617189956508,29.589824799524948,1.850385245901639,0.5210573770491803,B0033,194,2607,02607.csv,24,1.4997618811573148,79
243,3116.641,3.3647328172276567,1.9242052922699,4.196494518150467,0.3686741204904684,0.5075554822069077,1.8579631543457258,4.0311405953415935,2.0090462604288586,37.48831223397221,53.31089209854774,29.82113370073305,1.8415547325102877,0.5172469135802469,B0033,196,2609,02609.csv,24,1.4906966807803954,80
242,3110.844,3.360281651978189,1.846946703906843,4.196813869211146,0.3721749458886071,0.5083977036825287,1.8652023718774091,4.030716749693109,2.008936775838879,37.84650784146758,53.6277468644108,29.891560214247896,1.8488793388429747,0.5187148760330579,B0033,198,2611,02611.csv,24,1.4800999425051866,81
241,3101.406,3.3661837656093314,1.912127707319289,4.196812382131576,0.3700076183054515,0.5063544145370504,1.856568813720333,4.031853159151112,2.009097277545085,37.50067380952265,53.311289666668536,29.736017131653565,1.840258091286307,0.5187717842323651,B0033,200,2613,02613.csv,24,1.4676091496100632,82
240,3099.563,3.369029139242048,1.9981993087869525,4.194034862013672,0.3681418108786442,0.5032507281022136,1.848275433975868,4.0314744132737514,2.0087454320395803,37.46771056598812,53.24781973161767,29.786071210809748,1.8312733333333329,0.5123875,B0033,204,2617,02617.csv,24,1.4729818491920503,83
240,3104.64,3.3652385724141607,1.9676969517091,4.196764423571106,0.37045313434070654,0.5059438022149041,1.847975231148244,4.031012283747264,2.0085479333230087,37.59818541161091,53.32567282742489,29.81208435711082,1.8312733333333329,0.5139916666666667,B0033,206,2619,02619.csv,24,1.4742872137206404,84
239,3099.875,3.3618926452165643,1.8011165493797343,4.196547768827336,0.37819789474324744,0.5063256358663741,1.8544013778989676,4.031507871009939,2.007986302132127,37.701434924362204,53.67135316275077,29.926828879599274,1.838107112970711,0.5162594142259415,B0033,208,2621,02621.csv,24,1.4635162808346138,85
238,3093.25,3.363675541904795,1.935722285136851,4.196047705028354,0.37378157223478975,0.5052822527101002,1.8463666206768117,4.03073010593017,2.0082959822553987,37.53461374251148,53.425915759836265,30.013491033743808,1.8298764705882349,0.5114117647058823,B0033,210,2623,02623.csv,24,1.4527095680488362,86
237,3086.688,3.3590605059993033,1.8530896744385117,4.196278080515848,0.3780467998915988,0.5053330460058145,1.8534163332456284,4.030697157978195,2.008302543484767,37.84394106488913,53.80241246385534,30.17501153680897,1.837400843881856,0.5120675105485232,B0033,212,2625,02625.csv,24,1.4557303847230247,87
237,3094.281,3.3651551542737717,1.9965159983729224,4.195876729666962,0.3737589334413028,0.5039092909913099,1.837688288769038,4.030516737306949,2.007886415827521,37.62240216799661,53.538703332548565,30.183360941411568,1.8207392405063287,0.5049451476793249,B0033,216,2629,02629.csv,24,1.459740099618568,88
236,3088.328,3.3585848303538435,1.817348554391127,4.195934498287595,0.38184207583913277,0.5047274250637752,1.8440973546249275,4.030351819973078,2.0070457442885608,37.85402355267617,53.85443523479271,30.309391463995627,1.8278974576271185,0.508343220338983,B0033,218,2631,02631.csv,24,1.448711504158192,89
236,3095.687,3.35905242705326,1.840119681149193,4.196120687135332,0.3778421829364756,0.5055809421146731,1.8441223646043912,4.030995659242972,2.007511269004867,38.470904652851125,54.31271092311757,30.208426711431464,1.8281805084745761,0.5088728813559321,B0033,220,2633,02633.csv,24,1.4666759762884336,90
236,3102.062,3.362682403709533,1.8717606752777656,4.195965348408379,0.37230408249649405,0.5063044303304123,1.8445071611776023,4.031351805704019,2.007682583346092,39.05355467673962,54.717249684368554,29.826180894656243,1.8287966101694917,0.5115805084745763,B0033,222,2635,02635.csv,24,1.4689502109504418,91
236,3107.141,3.3650098815184712,1.9004154638642283,4.196021550334557,0.3681294413445967,0.5066964853881943,1.8447179134276697,4.033249507760725,2.0080459049265103,39.44221992740732,55.03279239327084,29.26628824642117,1.8289457627118646,0.5142711864406779,B0033,224,2637,02637.csv,24,1.471116588522042,92
234,3090.719,3.355774785877264,1.795323655635375,4.19600538145272,0.3860258791342177,0.5047849110863423,1.842164817595224,4.030676382405292,2.0068960205429374,38.22999069332894,54.39303449657184,30.553193517826813,1.8261555555555553,0.5033888888888889,B0033,228,2641,02641.csv,24,1.4473012364654927,93
232,3069.812,3.3539193468726696,1.7802670666869505,4.195641283102845,0.39030657856765627,0.5026277321029653,1.8405698669540937,4.0313459795279805,2.0067382638550195,37.758104647901995,54.05963088053671,30.74624978951712,1.8246379310344827,0.5029784482758621,B0033,230,2643,02643.csv,24,1.4205315547561643,94
231,3064.437,3.3605316490849235,1.921681538108464,4.200886512488945,0.3839164515662625,0.5069444326715531,1.8323017442255853,4.030606905484439,2.007145500101787,37.428049618035296,53.59788130809244,30.631435791491164,1.816135064935065,0.502965367965368,B0033,232,2645,02645.csv,24,1.4241466094817417,95
232,3083.25,3.3547493929832592,1.77881535602872,4.201002724229119,0.38646067958201,0.5098077906443241,1.8406157622829122,4.03028398584487,2.006553747624584,38.5029228575476,54.608136974659445,30.880737779460787,1.824555172413793,0.5022844827586207,B0033,234,2647,02647.csv,24,1.4412820083364295,96
231,3076.484,3.3635996156389574,1.9534408897799111,4.195465495994929,0.37468754147133354,0.5037903256039815,1.8326988121959051,4.0314946704187635,2.0074555319706797,38.83348222581879,54.5574027155619,30.184515679835847,1.816309090909091,0.5048138528138528,B0033,236,2649,02649.csv,24,1.4448965388921615,97
230,3081.297,3.3569917985687048,1.8222744588584343,4.193707044291354,0.382039859393464,0.5029828170061048,1.8393007090179736,4.031940850232371,2.00704542193514,39.052180409304285,54.99418815591436,30.175392288187197,1.8234956521739127,0.5036782608695652,B0033,240,2653,02653.csv,24,1.4540256354795746,98
229,3065.953,3.356737655890981,1.8129227899512983,4.195380315548316,0.38764476209062526,0.5018882451792068,1.8297056790119524,4.0307098776684045,2.0060010073530257,38.021927947894824,54.16320225337546,30.405539938797553,1.8140061135371177,0.5001397379912663,B0033,242,2655,02655.csv,24,1.4226030447542912,99
228,3055.828,3.3595402684946825,1.9001242255219513,4.195068887696935,0.38604444870063004,0.500384775188695,1.820935272582531,4.030808108637904,2.00593051820167,37.73309166360951,53.87733726225828,30.585759139271858,1.8049877192982453,0.4965350877192983,B0033,244,2657,02657.csv,24,1.410196954589097,100
227,3051.468,3.3577795891012125,1.8618268075580215,4.200794831783912,0.38743486536737176,0.5068375146712971,1.8285914763057718,4.031586804182261,2.0062567805287848,37.88253804875795,54.005408924827464,30.71106726419005,1.812843171806167,0.4978105726872247,B0033,246,2659,02659.csv,24,1.4144881298999457,101
228,3069.0,3.3555412354678467,1.7571531937270366,4.201229193181646,0.3867063969037585,0.5098649675334519,1.8371692618255622,4.030442133532166,2.0062086016256737,39.09683297382756,55.01715436055076,30.588051770031885,1.8215482456140353,0.5034342105263158,B0033,248,2661,02661.csv,24,1.431360032946153,102
228,3079.235,3.3594857050424136,1.8292747932433169,4.195456528334941,0.37799614401138343,0.5053330352810739,1.837816023009627,4.0318254325257525,2.007032033378582,39.853212783951,55.56824997306065,30.074109176311808,1.8224868421052633,0.5032324561403508,B0033,252,2665,02665.csv,24,1.4515133236517528,103
227,3070.344,3.358051208135682,1.7807877780971682,4.195112832732734,0.38501851870748516,0.5025775827678802,1.8280436931767001,4.032010763539899,2.0056390951777296,39.04623892631281,54.92871435196593,30.01208689249212,1.8121480176211453,0.5007356828193833,B0033,254,2667,02667.csv,24,1.4230376757726733,104
225,3051.4839999999967,3.3644871236228617,1.93715684685712,4.194675647244639,0.3836011615397454,0.4985727942461575,1.8096113968384206,4.03093756328432,2.00521847423186,37.820538353520355,53.80101502575858,30.10272389479639,1.7935484444444443,0.49567999999999995,B0033,256,2669,02669.csv,24,1.396298696255913,105
225,3054.812,3.3612447904950984,1.8780478013995328,4.200892254113164,0.38889525097271266,0.5046389532854665,1.8091575935883184,4.0314226876275026,2.0047113189253367,37.73310595477053,53.90914216170243,30.67409286867005,1.7935404444444443,0.4927733333333333,B0033,258,2671,02671.csv,24,1.3979060730399124,106
224,3046.532,3.35671886762914,1.8094020919691347,4.2008538258066634,0.3928351811992902,0.5052746858162567,1.8167118076018112,4.031633986852976,2.004876170013481,38.006666099531806,54.23260277977909,30.852533092027862,1.8009705357142853,0.4948125,B0033,260,2673,02673.csv,24,1.4011347560096767,107
225,3071.782,3.359022917654344,1.8197773356081153,4.194606941815903,0.38207568952710325,0.5031618341108941,1.8264479842957797,4.0311970185789185,2.0057941778339283,39.784628994566496,55.63045478699343,30.069270831635173,1.811260444444445,0.4986177777777778,B0033,264,2677,02677.csv,24,1.436782528945267,108
225,3074.532,3.3606718289908803,1.836381881007388,4.194748069677628,0.37897926378114877,0.504329714072127,1.8267902000568095,4.03123727157494,2.0060457832283882,40.35944876635067,56.16713312985831,29.854898089982818,1.8114915555555555,0.5037244444444445,B0033,266,2679,02679.csv,24,1.4370006879546382,109
223,3053.656,3.358394883350331,1.75385880069876,4.1950937664854155,0.38971928977297815,0.5018360902170436,1.8243917057977057,4.033637600592424,2.0052247734267437,39.40096297699252,55.53601912262827,30.15678399431842,1.8087488789237671,0.5015515695067265,B0033,268,2681,02681.csv,24,1.410355528453481,110
221,3031.953,3.3625185980231946,1.977912246538546,4.19415713586591,0.3863962385633532,0.49737723588159044,1.8064608327119611,4.030551182286183,2.005204144516747,38.23202468655914,54.42859597766174,30.439998731758024,1.7898552036199091,0.49367873303167426,B0033,270,2683,02683.csv,24,1.382633397996189,111
220,3023.5,3.352730063565273,1.8406238091435183,4.194421518890087,0.39681328068397,0.497701669264083,1.8133450646172389,4.030891041828917,2.004964225509959,38.186119358463095,54.60293074972065,31.047525087431705,1.7977572727272726,0.4906090909090909,B0033,272,2685,02685.csv,24,1.3699403583067564,112
220,3042.703,3.348905668243179,1.793591568720353,4.193864909249693,0.3999917318914672,0.49909915566773044,1.8127387092209186,4.030314032706555,2.0043694952453803,38.7565059715467,55.29175004355109,31.666165506442997,1.7972018181818181,0.48521363636363635,B0033,276,2689,02689.csv,24,1.3786129327882322,113
320,4424.203,3.457384162912773,1.880422567759453,4.4683580435456935,0.35493508838618526,0.7564428616148198,1.5628707519379117,4.031780531813977,1.9626336533016615,39.21824541685028,57.637403832441095,31.593601052132122,1.548698125,0.463175,B0033,278,2691,02691.csv,24,1.8035959863147193,114
222,3066.766,3.376673863925851,1.9260869684651196,4.192884657368934,0.37183809502166865,0.4999102843109675,1.7979343834169685,4.031488800527161,2.0040867294212226,39.05310062274121,54.65393012817871,29.212156897982922,1.7818306306306309,0.5051621621621621,B0033,282,2695,02695.csv,24,1.4234424290662009,115
220,3046.125,3.373391130621014,1.9774094380313447,4.19449660552562,0.37547930083237563,0.4993113741484727,1.7963463690245949,4.030424136743857,2.004141332783143,38.41375319607374,54.152949724280695,29.55841738504691,1.7798263636363634,0.5025863636363637,B0033,284,2697,02697.csv,24,1.3946003892958665,116
219,3033.625,3.364186626496377,1.8428005555738187,4.194231055547011,0.3858636131635857,0.4995529834934467,1.8032996206609153,4.03138524080446,2.0038662833038754,38.46902673499884,54.53515875704883,30.1616720765837,1.7876730593607306,0.49954337899543383,B0033,286,2699,02699.csv,24,1.3961613987822286,117
218,3028.562,3.358003989298615,1.7746653306163975,4.200536096823805,0.393910406075564,0.5058428720618902,1.8108049336910572,4.031183913719146,2.0042805271692985,38.5100324254832,54.77734925210607,30.72824688513812,1.7951761467889906,0.49863302752293576,B0033,288,2701,02701.csv,24,1.384968608315797,118
217,3020.984,3.36155800725267,1.8460476497404992,4.1938611255659515,0.390076974150413,0.49820124675740196,1.8013083911049832,4.031896597974894,2.0036596013347667,38.40063671961678,54.64702813763124,30.515925754543083,1.7858866359447003,0.49694470046082945,B0033,290,2703,02703.csv,24,1.3715114742475478,119
216,3017.391,3.3646263159375533,1.9599501667839596,4.1912968364535725,0.3864793347809497,0.4943114054470934,1.7919918693222388,4.032512009214244,2.003688479820965,38.39044541549165,54.505104228610136,30.49916543246842,1.7757907407407405,0.4912916666666667,B0033,294,2707,02707.csv,24,1.3616865084879255,120
216,3022.14,3.3608925382067016,1.9111619475065968,4.193746611615085,0.39005257400731064,0.4970222993884943,1.7916272053833764,4.031454503778134,2.0032147002759584,38.413629652125955,54.421332192558104,30.35210686257123,1.775787962962963,0.49165277777777777,B0033,296,2709,02709.csv,24,1.3796301360966086,121
215,3009.016,3.3571675251434945,1.7914848144741025,4.1937859295628215,0.3967392136997358,0.4971309578183343,1.798733884420521,4.031553638984478,2.003101533109231,38.44024987650422,54.599932749714995,30.605555625071094,1.7833581395348839,0.49374418604651166,B0033,298,2711,02711.csv,24,1.364231776003204,122
214,3014.672,3.3650892446963074,1.8461845656811997,4.200650322742635,0.3938861065843762,0.50243617512547,1.7887872050368798,4.030568780479417,2.0022123411293973,38.18714693456589,54.621715057959925,30.767934387774243,1.7734841121495326,0.49368224299065416,B0033,300,2713,02713.csv,24,1.3418414512081456,123
214,3010.703,3.363027417163423,1.8424801617142232,4.2006243085499655,0.3946075123688204,0.5022395587843294,1.7888403713952685,4.031930484527798,2.002471948707453,38.18649962226669,54.55731341596549,30.760598384140604,1.7735121495327102,0.492196261682243,B0033,302,2715,02715.csv,24,1.355221569579225,124
214,3011.75,3.3583632498611675,1.8293764049246997,4.193697387023266,0.39812534052452825,0.4958389369647942,1.7886164084551721,4.031179334434039,2.002099062098337,38.536213089297746,55.041315475822266,31.095280171384474,1.7733168224299063,0.4862336448598131,B0033,306,2719,02719.csv,24,1.3403860264029774,125
213,3005.734,3.3574236498195957,1.7818288008009142,4.200544185864463,0.39856201280713954,0.5027756946942632,1.7964130441048565,4.032120605609321,2.002759529991668,38.552272664006516,54.87421915377841,30.876931631207913,1.7812225352112676,0.49168075117370896,B0033,308,2721,02721.csv,24,1.3594078914195438,126
212,2993.75,3.360766302094452,1.8799745135000576,4.193351413646578,0.3940463929645425,0.4943297930718895,1.787019212781781,4.030698456939857,2.0024264722510705,38.455511167512036,54.605029117345865,30.558282264790527,1.7716009433962265,0.4888301886792453,B0033,310,2723,02723.csv,24,1.3457100861355502,127
212,2998.125,3.3594711162840047,1.8632410129416257,4.200351692306739,0.3966726630663303,0.5013689286931498,1.7868477486398855,4.031396914149324,2.002165014194646,38.45383838785278,54.77196645266215,30.910316815211036,1.7715471698113203,0.4859433962264151,B0033,312,2725,02725.csv,24,1.3477611420854358,128
211,2990.859,3.352476127724087,1.7604885282268967,4.20027821207153,0.4046423702415283,0.5020025893962612,1.794291130556876,4.031628150086961,2.0022270521976826,38.59571101696619,55.081324460303485,31.272964625231474,1.778909952606635,0.485478672985782,B0033,314,2727,02727.csv,24,1.335482103134067,129
213,3024.453,3.3599659156305464,1.8980864731881968,4.192818631069228,0.39313703350271795,0.4962787909235624,1.7787288593777348,4.031721300872744,2.001545574623548,39.84838963202564,56.28817834549751,31.269965809113007,1.7635023474178406,0.4802769953051643,B0033,318,2731,02731.csv,24,1.353154941842234,130
213,3030.765,3.352934086228004,1.765463647928582,4.193616398463828,0.39664490110318334,0.49954766627732594,1.7964190748540645,4.032692621747669,2.002702622792009,40.8588418858713,57.27354368026744,30.694584854942338,1.7814835680751175,0.487112676056338,B0033,320,2733,02733.csv,24,1.3709677706044292,131
212,3020.813,3.343287590707508,1.7789329307031558,4.2001549210390445,0.403504225961821,0.506354578487918,1.8052197287597738,4.031807157333931,2.0038180532636085,40.645674557350794,57.229192207488595,31.40458234767935,1.7898641509433963,0.4837358490566037,B0033,322,2735,02735.csv,24,1.357426672491866,132
210,2998.156,3.3304566806630636,1.9751406850610136,4.199721786449104,0.41324431980837173,0.504586597530158,1.8050862401983077,4.030914484032776,2.0053114083561736,40.22816795562337,57.19704022437858,32.56844825344814,1.7884790476190477,0.46933333333333327,B0033,324,2737,02737.csv,24,1.3443678821106904,133
209,2986.766,3.3209246656155607,1.7718580087129037,4.198848421060828,0.4223886176786754,0.5039555996605185,1.8114911161465173,4.032022945808555,2.004206636251336,40.06014962782639,57.01987269382395,32.932863651081185,1.7961186602870813,0.4656842105263158,B0033,326,2739,02739.csv,24,1.33005823859453,134
199,3032.328,3.340032080385694,1.9154948072138345,4.177372245766921,0.3955126794930838,0.4865815446730388,1.8025490371702977,4.031185839742219,2.0046249584378844,40.062941403566036,55.93330356332492,31.167326258411396,1.7869577889447237,0.4764522613065327,B0033,330,2743,02743.csv,24,1.4033641858066626,135
212,3047.703,3.365998712772332,1.9395710043147305,4.191445596329994,0.38285742517874344,0.4986844638489356,1.7877554107698523,4.03143308473883,2.003003611598265,40.262388264621016,56.299084505467846,30.4617047255499,1.7720688679245284,0.48951415094339623,B0033,334,2747,02747.csv,24,1.3865570950229378,136
211,3034.968,3.3457011047959266,1.9213252989145688,4.193389880737777,0.4007741145727261,0.49981105314595853,1.7957587291291346,4.0333360487412335,2.0038289977470813,39.997401224885536,56.50951504855041,31.28672333357181,1.78000663507109,0.4770284360189573,B0033,336,2749,02749.csv,24,1.3704138176872631,137
209,3011.7339999999967,3.346323103330572,1.9978451295419195,4.200380611368274,0.40547340864896264,0.5045734962679616,1.794492335579572,4.031093353153527,2.004379148392912,39.574089613864224,56.69165778744567,32.21910494600478,1.7779157894736841,0.47633971291866034,B0033,338,2751,02751.csv,24,1.325319393635713,138
208,3002.922,3.5025083166259967,1.4425192802033469,4.2006020565736515,0.4131769630559621,0.42195370025265655,1.3524985291486773,4.031452965753613,1.8998148272540494,35.98333032061264,55.51714083426434,31.317193250593448,1.3447317307692308,0.37998076923076923,B0033,340,2753,02753.csv,24,0.8439684993200656,139
206,2986.718,3.8878704029237765,1.5585045696383768,4.193070577827655,0.36105335939342215,0.17930355770886308,0.4098076101048112,4.030231487651757,1.2088912533810077,30.119688488829738,45.807200259053744,21.58821915465602,0.40757864077669903,0.12135436893203881,B0033,342,2755,02755.csv,24,0.298661803715835,140
207,3006.203,3.9545425965879493,1.203791745361808,4.189611396704824,0.3599830417161458,0.12503584338499074,0.3263585049640118,4.029552223712936,1.0865471711831178,30.940513967139797,46.03459549176176,20.354546725247626,0.3268753623188406,0.09988888888888889,B0033,346,2759,02759.csv,24,0.2344867974702557,141
207,3011.609,3.987610232479158,1.5484910888494308,4.191309904018761,0.32525093264007615,0.11477619681796725,0.27160600734907253,4.0307560097076385,0.9979089987607143,31.002948619577534,44.981619190674095,18.631115471434665,0.27067342995169086,0.08657004830917873,B0033,348,2761,02761.csv,24,0.2025633038072582,142
205,2985.953,3.9673029925231815,1.9233358352697387,4.191105087223256,0.32895212585463907,0.1222289774997467,0.3170883747898487,4.029588332092749,1.078559500367179,30.353188245577265,44.437719613927904,18.991048232605696,0.31213853658536594,0.09836585365853658,B0033,350,2763,02763.csv,24,0.2353199565407024,143
204,2976.312999999994,3.949305726224602,1.477441018016571,4.1909851193067675,0.36875657278262697,0.12629107499579728,0.33378469731868937,4.029344942221334,1.0996303013983095,29.92194766382464,46.16094346830902,21.649211134660764,0.33074607843137255,0.09926470588235292,B0033,352,2765,02765.csv,24,0.2355042783748287,144
203,2964.75,3.7530265184592335,1.7051348869638063,4.19146431605178,0.4135988584622616,0.254369722156913,0.6350119541631206,4.029460110530672,1.4632726463070875,32.39035931572692,51.875290776017344,27.71292792524333,0.6272374384236454,0.16712807881773403,B0033,354,2767,02767.csv,24,0.4304242256752923,145
203,2969.953,3.7437278161410794,0.9861339962587278,4.189169176120785,0.427296688713109,0.25826381038389856,0.647934046296534,4.031115621681116,1.4720509064115601,32.954165794905116,51.767777887259,27.136172863648678,0.6456817733990148,0.1758768472906404,B0033,358,2771,02771.csv,24,0.4643633320269643,146
204,2988.453,3.8025429033127534,1.3263821081867295,4.191809961918757,0.3990997100093289,0.2317288763461014,0.5493515638126133,4.0305675228368925,1.3742521789616593,32.988995755051256,51.02675215928651,25.285674946703857,0.5420686274509805,0.1548921568627451,B0033,360,2773,02773.csv,24,0.3994839380247729,147
205,3001.235,3.2312787223699537,1.8345225826317897,4.190743825523512,0.4349768122258911,0.5230295247751799,1.925947099684237,4.0317416053878485,2.0132768139860193,45.33521672468352,61.13715999731606,34.44623001411131,1.909640975609756,0.4358048780487805,B0033,362,2775,02775.csv,24,1.461469789426299,148
203,2976.234,3.337618232944289,1.9860807469381487,4.1981379242882495,0.3904539590211741,0.5079711324028766,1.8473131233384892,4.030688221689322,2.0097674344372707,40.620147730266055,56.348749401178914,30.828499220804986,1.8304945812807885,0.4913990147783252,B0033,364,2777,02777.csv,24,1.4150999545382532,149
201,2950.39,3.3407978157952662,1.8841219743920603,4.199581881706975,0.39628003065543577,0.5067316040224523,1.844518264194251,4.032404761480388,2.008454357829451,39.683995746406474,55.51777727453801,30.999528020003794,1.8287850746268655,0.4931592039800995,B0033,366,2779,02779.csv,24,1.383632373873956,150
200,2941.719,3.3451260552283553,1.8129527074235323,4.192675713672651,0.4004516569725652,0.4976666917833903,1.8328231495736935,4.031245891627729,2.0067363872451547,39.047236578784684,54.98845662264607,30.956112706280148,1.817159,0.49167,B0033,370,2783,02783.csv,24,1.3705402893609833,151
200,2946.969,3.357137371109369,1.9644189853209997,4.200041578787561,0.3919500673062125,0.5028196315502238,1.814347722959519,4.031735458078508,2.0066149005847973,38.66855198329813,54.53862414235327,30.673612607611823,1.797979,0.492445,B0033,372,2785,02785.csv,24,1.3557042566115398,152
199,2936.171,3.351453240465127,1.8546413788349956,4.199761584906472,0.39774266318982954,0.5032307735802712,1.8222035217148784,4.030243674381958,2.0060753006783947,38.84148471879362,54.72686731387149,30.799777730943738,1.8067768844221106,0.49236683417085425,B0033,374,2787,02787.csv,24,1.3578385793919765,153
198,2927.281,3.346026215342865,1.7877573640818558,4.19986267410377,0.4026565107431423,0.5040684100002784,1.8306905769975232,4.031560389126078,2.0062527711138105,39.052551352201455,55.0046224518596,30.986294001592146,1.8151565656565654,0.49273232323232324,B0033,376,2789,02789.csv,24,1.3609083979571397,154
197,2924.422,3.350979420027859,1.9183209167927544,4.199784078520709,0.3968536144679252,0.502559338831785,1.8209502621473443,4.03102892027672,2.0065597446386105,38.79448240276511,54.71731449617404,30.866961734168225,1.8050761421319794,0.4901979695431473,B0033,378,2791,02791.csv,24,1.3495626547684758,155
203,3023.859,3.342644131880222,1.8528656809384136,4.044618024605659,0.371209823747817,0.39867564074529316,1.5682141898556474,4.03134750995214,1.9648078783173868,38.509868638012954,54.428778601713,28.902288600994115,1.554502463054187,0.40411822660098523,B0033,382,2795,02795.csv,24,1.1888877132486642,156
205,3056.172,3.3518592869527803,1.948475871638004,4.19403031740486,0.3476190847348285,0.5248999372148448,1.887804655777705,4.034595325058306,2.0124917308349155,40.15830993087354,54.890003781719805,28.383884343320503,1.8715717073170737,0.5360731707317073,B0033,386,2799,02799.csv,24,1.5041493934608643,157
204,3045.078,3.3468424673944153,1.8283531317172372,4.19296029632327,0.3618789238487844,0.519787184399302,1.876137336259163,4.031575801276517,2.010553479583794,39.45022733421382,54.47368119654309,28.950202489133154,1.8601186274509807,0.5292892156862745,B0033,388,2801,02801.csv,24,1.4899088638712767,158
203,3034.25,3.3508471294894773,1.888528315752074,4.199907627033468,0.3653222926389154,0.5210843547793242,1.8659348672273262,4.0307713804325,2.0101516083001925,38.94097771129498,54.12307476528604,29.360939785655397,1.8501349753694578,0.5240640394088669,B0033,390,2803,02803.csv,24,1.475330178643193,159
202,3022.609,3.355670268634572,1.924025874710363,4.199827998046917,0.36673337190379635,0.5167299459699888,1.855665165318928,4.030207437491865,2.0097079865923235,38.66654129149028,53.77302966651147,29.35922180082279,1.8395336633663366,0.5209950495049506,B0033,392,2805,02805.csv,24,1.459830765413703,160
202,3028.828,3.353308872329983,1.800492506386291,4.200007095257734,0.37249250173200704,0.5182402397501535,1.8545876842709506,4.030412870193714,2.008436443990862,39.336362061944186,54.609405212648525,29.820957582667255,1.8387603960396044,0.5217574257425742,B0033,394,2807,02807.csv,24,1.4474169057725728,161
202,3037.875,3.355576427429911,1.793120582655924,4.193196345687703,0.3682319320007586,0.5127293916190183,1.8545835473262615,4.031449814259553,2.0083726638343107,40.212462412867474,55.29324534393817,29.171106259258394,1.838980198019802,0.5206138613861387,B0033,398,2811,02811.csv,24,1.4676323674647154,162
200,3023.187,3.3638323924431814,1.8969132609228216,4.191982585507099,0.36789697909248265,0.5057479760624712,1.8336175958984313,4.030133558981981,2.0078513814305983,39.15441493084491,54.26200652741747,28.666934570397807,1.8183540000000002,0.51754,B0033,400,2813,02813.csv,24,1.441552493165527,163
199,2996.922,3.3571376570885594,1.8056023837774513,4.2001706293322,0.381873343726133,0.5121705415220736,1.8420776445598062,4.030903189622477,2.007784134408612,38.472340837695874,54.01880189925328,29.854738416465743,1.8262090452261306,0.5148693467336684,B0033,402,2815,02815.csv,24,1.418392873584403,164
198,2986.469,3.361111422960934,1.862859289057269,4.200074212399141,0.3810055950640312,0.5101726362624577,1.8314804480842135,4.0308406565332655,2.007244413261636,38.10278800382275,53.57147874982123,29.794848592353055,1.816015151515151,0.5118585858585859,B0033,404,2817,02817.csv,24,1.4031824838852518,165
197,2979.219,3.3674136761881375,1.9520601805312336,4.200092034422385,0.37577775176201555,0.5089588300944903,1.8211984659153593,4.031388046198441,2.007207189038199,38.13961733869117,53.4828168564585,29.693979855026868,1.8051015228426395,0.5109086294416244,B0033,406,2819,02819.csv,24,1.3911104661211642,166
198,2995.047,3.3717064606024185,1.9878541604164133,4.192967636550445,0.3704456078301356,0.5022684269373454,1.81241066299999,4.03043168767532,2.0063280381064885,38.75498314355583,53.870140403015185,29.223704951356567,1.7962585858585862,0.5066414141414142,B0033,410,2823,02823.csv,24,1.4086019958134537,167
197,2989.828,3.3721296388578876,1.9566455890224008,4.2005612724264685,0.36888721608231484,0.5100776543753422,1.8216175674206458,4.031090413194844,2.0071306465250385,39.165872874745595,54.16164128030712,29.029891847175257,1.805556345177665,0.5136802030456853,B0033,412,2825,02825.csv,24,1.413770890394895,168
197,2989.391,3.370281011025519,1.893671531145131,4.200390037061694,0.3735673874079417,0.5097226534026964,1.8208743638517628,4.0306763336775155,2.0065688824670014,39.025069457187186,54.16534435153781,28.88158095427303,1.805443654822335,0.5125228426395939,B0033,414,2827,02827.csv,24,1.412472234540845,169
195,2967.2810000000027,3.364268931307196,1.828763483963188,4.200616069155656,0.38514892522385985,0.5077334204558728,1.817964724512839,4.031048376700338,2.0055800493527953,38.3251245457817,53.79228026466776,29.659422011462997,1.8025241025641028,0.5067641025641025,B0033,416,2829,02829.csv,24,1.3831900026575588,170
195,2962.609,3.3720392126554684,1.9584399411299585,4.200037449743801,0.37984169210587204,0.5052129344569023,1.798635457145711,4.030741393214865,2.0049025240794105,37.878182669376734,53.22509160340434,29.482241603996652,1.7826235897435896,0.5027794871794871,B0033,418,2831,02831.csv,24,1.3646098107432565,171
194,2957.016,3.362230190450641,1.8220675972367208,4.1925009960437745,0.39077860615561244,0.498351164131174,1.8064452052591595,4.030600936103562,2.004484906464972,37.905840036253096,53.57857958784029,30.08767959241912,1.791015463917526,0.4973298969072165,B0033,422,2835,02835.csv,24,1.369751365782437,172
195,2973.281,3.3636193969648573,1.7715995765672343,4.200097022210454,0.38521535736714446,0.5087546029989132,1.8174284963018599,4.031272201329734,2.0052835523463997,39.1223902532353,54.498255010844275,29.633209556946543,1.8022728205128207,0.5076153846153846,B0033,424,2837,02837.csv,24,1.3867946911071662,173
194,2968.016,3.3703866336965356,1.8584436263684136,4.191446103300025,0.37660736564141023,0.4997312061073762,1.8069035214035398,4.030774601922593,2.004921294385,39.39196447810482,54.46813289210952,28.911024107057212,1.7921329896907219,0.5087164948453609,B0033,426,2839,02839.csv,24,1.3918615875742792,174
193,2959.281,3.3756959922995033,1.9792800716788903,4.19205219049645,0.37395986808411086,0.4974688006548549,1.7968118920638934,4.030353569731922,2.0049867903735366,38.80564596554866,53.89419947351141,28.638550344015087,1.780622797927461,0.5061243523316062,B0033,428,2841,02841.csv,24,1.377162352180965,175
192,2942.797000000006,3.366639210990064,1.846857607499265,4.20026251718639,0.3878711359889291,0.5046808744710347,1.8043699219153886,4.031215449055759,2.004454272176165,38.29516028833109,53.782251370205934,29.675495270508087,1.7893489583333333,0.5030572916666666,B0033,430,2843,02843.csv,24,1.3599525359390852,176
194,2978.89,3.370719403191649,1.9297681149166703,4.170526417555859,0.37436801864803965,0.47998113578575285,1.786760951683061,4.030724924949867,2.003282536340238,39.482066579608755,54.80009542618075,29.08826343295532,1.7717134020618557,0.4964432989690722,B0033,434,2847,02847.csv,24,1.379779043170725,177
192,2948.891,3.368376555569585,1.9404476337602208,4.193298745157419,0.3824264497858132,0.49843476049323643,1.8055442845093443,4.0312040045445245,2.005445488829668,38.22420789035359,53.59426450012642,29.540809151435546,1.7896770833333333,0.5007812500000001,B0033,438,2851,02851.csv,24,1.3631373661966442,178
191,2938.547,3.3605555096355064,1.8078076221500168,4.200151767615752,0.3929869064740053,0.5057731326084585,1.813761282828491,4.030896618235125,2.0051180183925523,38.212225319933545,53.860038336831,30.074977597085855,1.7980984293193718,0.5024502617801047,B0033,440,2853,02853.csv,24,1.3652295228794809,179
190,2925.484,3.3664344500865964,1.901348395168944,4.199734233391325,0.38770768378214354,0.503916753970381,1.8029442633329373,4.030353141551276,2.004894549852311,38.03726842877258,53.50394440240513,29.82559699983734,1.787481052631579,0.5014263157894737,B0033,442,2855,02855.csv,24,1.3498620694059131,180
189,2917.297,3.360999914466085,1.820065501803385,4.199873842512875,0.3935792927469243,0.5043678206116637,1.8116711409912878,4.032772105959685,2.005246445011757,38.08745383569629,53.71091736477066,30.06109389254006,1.7962126984126983,0.502978835978836,B0033,444,2857,02857.csv,24,1.3529504172332432,181
189,2918.938,3.3597145615560104,1.781542687267246,4.199220802674783,0.39515169224629837,0.5045463896737452,1.8111731864316711,4.031639319345703,2.004735333001605,38.371162533264,53.96609282803159,30.01397669220027,1.7957396825396823,0.5031693121693122,B0033,446,2859,02859.csv,24,1.3535740542605128,182
188,2918.25,3.360790017915932,1.8027051007685868,4.189411926667855,0.39550174000740607,0.49401059560933724,1.799607080950245,4.03064555997338,2.0035719092993496,38.21500087152169,53.89601837110568,30.040390411231225,1.7842648936170213,0.49640425531914895,B0033,450,2863,02863.csv,24,1.3432225183905024,183
188,2915.4839999999967,3.364551990412796,1.845120981293168,4.199234827601777,0.39193357288074343,0.5031537254059719,1.8000478038107868,4.0302353498062145,2.004023640799167,38.068361542357145,53.58335886886063,29.82693824037133,1.784877659574468,0.5005,B0033,452,2865,02865.csv,24,1.3412081769053426,184
187,2906.015,3.370459024271422,1.9386542857041755,4.199099264533491,0.38686367670887195,0.5017015692328517,1.7893303733112242,4.032323959410741,2.0039333292967516,37.98761504071771,53.35830232724686,29.638879002722952,1.7734224598930481,0.49885561497326203,B0033,454,2867,02867.csv,24,1.3277389969987805,185
186,2894.14,3.3647395351261364,1.8652024206914877,4.197710813920559,0.3895395991897164,0.5062310687761031,1.7980277728829637,4.030963918482138,2.0041371936089702,38.3556643629041,53.56872781314004,29.669036599071674,1.78282688172043,0.5008978494623656,B0033,456,2869,02869.csv,24,1.329778900445409,186
185,2892.031,3.3724762289358954,1.9741597310368288,4.194824465751656,0.3807895353045176,0.49783844098662655,1.7871202282133007,4.030066693660676,2.004045849042115,38.587739723836165,54.028944257752215,29.075509222564673,1.771001081081081,0.5032918918918919,B0033,458,2871,02871.csv,24,1.3356045028702497,187
185,2888.719,3.3682526298407938,1.9140482800494216,4.190646284256201,0.3913291297121818,0.4912036212984372,1.7864058289054177,4.03209652047346,2.003253275410994,37.84946765760722,53.32084823607714,29.753827876504563,1.7709935135135135,0.49422702702702703,B0033,462,2875,02875.csv,24,1.3177489685711123,188
184,2875.641,3.368834125820871,1.9249905185886904,4.199787523647983,0.3899685404585822,0.5008615350722896,1.796295261061998,4.030614948818057,2.0045669053929616,37.81892879614016,53.15804525272694,29.70275294994056,1.7806184782608696,0.5000326086956521,B0033,464,2877,02877.csv,24,1.317605472474197,189
183,2860.7810000000027,3.3643721242108837,1.848326319700026,4.198644370031491,0.39463332352380237,0.4997688698315983,1.8053146501565176,4.030716672310753,2.0048863106743613,37.98975162560657,53.44440984728841,29.780760210053565,1.7899956284153007,0.5035464480874317,B0033,466,2879,02879.csv,24,1.3185279522072382,190
182,2852.844,3.3599563575039135,1.7964863123561203,4.199051265280784,0.3987522487975201,0.5006646834932855,1.8145360631140475,4.029789852416358,2.005285920445223,38.110497566784815,53.71116793928585,30.158853419324753,1.7991197802197805,0.5047252747252748,B0033,468,2881,02881.csv,24,1.3215397269813982,191
182,2854.64,3.3696602072768207,1.9550178000855185,4.198244533751371,0.38677436282652505,0.5043845130635223,1.794111926207188,4.030772474345855,2.0048104415290773,38.158711514227996,53.18757385880901,29.496385641007283,1.7782296703296705,0.5033296703296704,B0033,470,2883,02883.csv,24,1.3046615372928705,192
184,2897.844,3.3817276755972934,1.9991954704388992,4.159889361487179,0.3565756398389312,0.47632875851010503,1.7532558725802958,4.031537357097997,2.000116219070547,41.901714617344744,56.49572691828426,27.051494065484572,1.7376880434782607,0.500375,B0033,474,2887,02887.csv,24,1.3280324770208678,193
184,2896.063,3.379780519797374,1.982805388419431,4.195184914935837,0.3663466599092985,0.5014624931828493,1.7969598622906684,4.031834027940411,2.00545874598618,40.72593783748325,55.32081069602003,27.788336497666542,1.7811184782608696,0.5156032608695653,B0033,476,2889,02889.csv,24,1.3634549770713926,194
182,2866.234,3.3656667993678133,1.8088951260538595,4.199591464734624,0.38982106992751414,0.5023279977161152,1.8148755349981136,4.031562224810096,2.0053159453728258,39.388005009279006,54.57622829352292,29.24195868214914,1.7995999999999999,0.5104945054945055,B0033,478,2891,02891.csv,24,1.3291316747402466,195
180,2836.609,3.3648038854052915,1.8655437173642175,4.1997715267621105,0.392456472259384,0.5002585335736098,1.8130851501746217,4.031762836798674,2.0060056115532428,38.64570917130626,54.008789265404765,29.73505007582458,1.79783,0.5070777777777777,B0033,480,2893,02893.csv,24,1.3124201086917682,196
179,2829.516,3.371817482414552,1.994367058308584,4.199637020490028,0.38631626333188396,0.4985881321985386,1.8021184116514508,4.030287733516317,2.006153851000251,38.3036813037848,53.47500454222108,29.403340839466768,1.7857184357541902,0.5063128491620111,B0033,482,2895,02895.csv,24,1.3152825503676355,197
190,1819.406,3.1178767585161347,2.170439265213917,3.854275360971105,0.3541401512782044,0.39325464968724244,1.9933552708919002,4.030785980473215,2.0166044249777597,38.95836982096889,51.867480808484146,28.246832390978344,1.9790526315789476,0.46697894736842105,B0034,0,1805,01805.csv,24,0.7459302957645664,1
338,3260.531,3.3022762078952885,2.184438966859873,4.185182030297302,0.2913840664103091,0.6153086253502833,1.9787750682870877,4.033471908641544,2.0145754219106573,39.10734156415766,53.72590623785784,28.457127805906445,1.9649437869822484,0.5857218934911242,B0034,4,1809,01809.csv,24,1.6623217152845853,2
337,3265.75,3.3294991412960915,2.1716683590196997,4.191235610410253,0.3037582154060591,0.5838336901989991,1.9609699675983687,4.031968315632961,2.0140351119816415,39.20920805238827,54.1404555915866,28.6478339631736,1.9469554896142434,0.5886854599406528,B0034,6,1811,01811.csv,24,1.645087369694532,3
335,3264.109,3.349383007098789,2.182463026326082,4.190305001839791,0.31800877716552517,0.549784009251371,1.9366801187559786,4.0317411764982,2.013482535534468,38.936075977838854,54.228682107998424,29.331056151012262,1.9227892537313431,0.5802328358208956,B0034,8,1813,01813.csv,24,1.620729289277574,4
332,3253.531,3.3541317530780055,2.0979416663773915,4.190367874669205,0.3300326535330117,0.5378878259170707,1.9297094547622624,4.029531376848962,2.0134771559510907,38.60445981652459,54.17641516112459,29.57661678841289,1.916035542168675,0.5764789156626506,B0034,10,1815,01815.csv,24,1.5967402025126003,5
329,3242.578,3.369692035482086,2.177479814637099,4.18989933406868,0.3579940159267995,0.5131417785569621,1.8861362687797627,4.029542744670671,2.010987556570899,37.79484872719341,54.09745559724325,30.310487126621254,1.87270820668693,0.5572522796352584,B0034,12,1817,01817.csv,24,1.4856500618812698,6
326,3234.625,3.3729072074215103,2.164719422934807,4.18599771136978,0.359757487274126,0.507189947030295,1.878804757365194,4.030634355507908,2.010608643909997,37.65277428767197,54.03810589370243,30.22129471080507,1.8653134969325156,0.558579754601227,B0034,16,1821,01821.csv,24,1.4866702197497013,7
325,3235.36,3.376976361461993,2.1685179095920546,4.191866541196004,0.3624910676172739,0.511197905176243,1.872394664693293,4.030934330051056,2.0101375399780546,37.91666092404816,54.56296443841966,30.79900848963916,1.8587335384615384,0.5575076923076923,B0034,18,1823,01823.csv,24,1.4701330958405268,8
323,3236.125,3.3791099564139224,2.159913301643853,4.18853091556387,0.36557773781994063,0.5067889736221507,1.8590611481699029,4.029299173045088,2.009168442298516,37.78228277348195,54.47381276284677,30.679182320131307,1.8455207430340557,0.5509659442724458,B0034,20,1825,01825.csv,24,1.4565041801019636,9
321,3230.25,3.3845619896694177,2.188985459937614,4.188375692870302,0.3652099515688095,0.5051629606496211,1.8455810936527,4.029734922442523,2.008041626106434,37.5830936155511,54.157190141377896,30.40013401993525,1.8320348909657322,0.5507352024922119,B0034,22,1827,01827.csv,24,1.4418961035576472,10
319,3226.078,3.383128626739751,2.161327607707136,4.187976084521654,0.3691553886711596,0.5046584759472008,1.8444852020549727,4.0302542475084016,2.007966699306651,37.550522561172464,54.45256615419595,30.75215761883333,1.8309736677115989,0.5498620689655173,B0034,24,1829,01829.csv,24,1.4370949588970292,11
317,3224.5,3.386094893398142,2.140456418044363,4.185168395505227,0.3641681639760798,0.501720200586103,1.8435455623357722,4.029309919201132,2.0077437610253215,37.681954258546924,54.20147817586685,30.3100753056676,1.8300479495268138,0.5511451104100947,B0034,28,1833,01833.csv,24,1.4458703624967404,12
315,3222.188,3.3916477322319585,2.170940246075281,4.187927929507927,0.3634310733845912,0.5032056740584916,1.8296943355588813,4.029842368131789,2.006561698513958,37.440274736517715,53.813937104977754,29.90267201993434,1.8162057142857144,0.549247619047619,B0034,30,1835,01835.csv,24,1.432104054561837,13
313,3216.546000000002,3.3914152987340267,2.1531556355876535,4.187886599518975,0.36549885001182464,0.5028715971855204,1.8286913393639905,4.029434761163406,2.0065122873738668,37.402773880575964,53.84994246144553,29.9922979947237,1.8150204472843452,0.5473929712460063,B0034,32,1837,01837.csv,24,1.426720633302465,14
311,3211.859,3.3964131813944722,2.182519668385055,4.186569652343309,0.363191827720567,0.5002554754085318,1.8146842425634808,4.029975280063268,2.005112692389723,37.26498054251945,53.61278420241196,29.720872820523688,1.8010289389067529,0.543790996784566,B0034,34,1839,01839.csv,24,1.4230846885129826,15
310,3215.859,3.403051791482094,2.188496149834977,4.186557905906351,0.3534355009465232,0.5001577715796208,1.8075203268976408,4.030231906926906,2.0044601814351592,37.570569601089254,53.35590902048553,29.181554979015313,1.794061290322581,0.5448096774193548,B0034,36,1841,01841.csv,24,1.4409479522418909,16
309,3225.125,3.4002648970649156,2.100542699118501,4.184379902708746,0.3468685778622041,0.5012699975457564,1.8262934110095792,4.030240820244685,2.006353217055609,38.400250729227935,53.83102716771526,28.623075635879932,1.8130355987055022,0.552883495145631,B0034,40,1845,01845.csv,24,1.486901544051865,17
309,3234.343,3.402154252869035,2.1129616454982556,4.187835929449723,0.33657028371271586,0.5066277144687392,1.8395318663142037,4.029885277518154,2.007640680686775,39.102942991019354,53.994059646351175,27.915145575261462,1.8260116504854371,0.5618058252427185,B0034,42,1847,01847.csv,24,1.5245313226850703,18
306,3218.25,3.407206655670774,2.1659225933828385,4.187676357576053,0.3474756334571857,0.5010166388794492,1.8047483945772262,4.030097149456043,2.004323801504105,37.80351021576893,53.39429065914855,28.427232335633775,1.7915228758169934,0.5474738562091503,B0034,44,1849,01849.csv,24,1.4629049605190707,19
303,3203.5,3.404574250610661,2.148786443036186,4.186173516948595,0.357452118988026,0.49794818627010784,1.7960015932329965,4.0299656943263304,2.0033117558714806,37.356060000664904,53.38470633939791,29.11360121405042,1.7825478547854785,0.5412310231023102,B0034,46,1851,01851.csv,24,1.423079450854989,20
301,3194.39,3.4067467727915552,2.1763046045885015,4.183451670510337,0.3595867124925847,0.4932061805602821,1.781271140675487,4.0298811337146,2.0016368951382453,37.06076524279572,53.12872869294344,29.157378378338535,1.7678292358803984,0.5338936877076412,B0034,48,1853,01853.csv,24,1.4051040863603437,21
301,3225.219,3.327594909243545,2.11932965334224,4.171109136894672,0.2940532539871966,0.5929529838160899,1.9422337538733419,4.0304533028138385,2.0138038998674648,39.94613025797719,55.80847324293826,29.866530818752693,1.9270445182724256,0.5882757475083057,B0034,52,1857,01857.csv,24,1.6329463925070862,22
302,3252.985,3.387012528508769,2.1509974200024624,4.183529138373987,0.33333195360809975,0.5105927856866366,1.8689333525333718,4.030924782950583,2.010064611951075,38.718351533776065,55.579127556921776,30.696722621912993,1.8547086092715235,0.5652715231788079,B0034,56,1861,01861.csv,24,1.5687138208259117,23
300,3245.25,3.3938481398345894,2.1142806141482584,4.188330656095053,0.34727619200253435,0.5058056039090708,1.8406484597706716,4.030804599251528,2.0077971179571112,38.131331549186825,55.5590605953301,31.515839455092355,1.8269293333333334,0.5563866666666667,B0034,58,1863,01863.csv,24,1.5149520966053402,24
298,3235.031,3.4020764335853744,2.1801548663736754,4.186643866753638,0.347922074612732,0.5003917800835871,1.8130113115404307,4.029122762673436,2.004891498959767,37.90482918212311,55.43438713431678,31.555404831039567,1.7988879194630873,0.5501979865771812,B0034,60,1865,01865.csv,24,1.4855182940634626,25
296,3228.141,3.400466282848084,2.109657199964041,4.187573632919629,0.3524680611892457,0.5008722182091874,1.8111012727322247,4.031180461653834,2.0049580313468427,38.06681078125698,55.91432751133226,32.01898917936151,1.797563513513513,0.5474729729729729,B0034,62,1867,01867.csv,24,1.480771929049074,26
294,3217.875,3.4030809584663944,2.1306422513355594,4.187294591248425,0.3494578276725216,0.5001587372655321,1.809813107933455,4.029200659426091,2.00480697883509,38.24251669378549,55.78439633575717,31.694104818051116,1.7963469387755102,0.545826530612245,B0034,64,1869,01869.csv,24,1.484026357317059,27
293,3220.219,3.4070525055582563,2.1787867991793113,4.183701675158018,0.3427800974277659,0.4969113161652179,1.802132327160996,4.029558842148895,2.004070500765006,38.56098530062726,55.819046085150106,31.211217393080148,1.789079180887372,0.5427508532423209,B0034,68,1873,01873.csv,24,1.4922153055506522,28
291,3210.234,3.4060276994838254,2.1208148015326507,4.187348905123759,0.3485541977871995,0.4992300012366737,1.800825501537,4.030202721256365,2.003924706081321,38.38922286871294,55.81813101636483,31.37147872406447,1.7874281786941582,0.5449450171821306,B0034,70,1875,01875.csv,24,1.473312924099279,29
290,3210.546,3.408174888188947,2.1326343880232206,4.186484904879302,0.3537418019137349,0.49628668760952,1.7789295191019112,4.029145604132163,2.0015390921421368,37.90831705954933,55.508529806144075,31.562997718502018,1.7657903448275862,0.5349482758620691,B0034,72,1877,01877.csv,24,1.441593178980006,30
288,3200.969,3.405126191511401,2.080806437045425,4.1865382627627215,0.3606991975404457,0.49557284721489037,1.7776809738462258,4.029781810783222,2.00119564429944,37.78900459955153,55.810474269938815,32.223370454309105,1.7641493055555557,0.5304479166666667,B0034,74,1879,01879.csv,24,1.4225873198015788,31
286,3188.625,3.409764436063523,2.153621018125857,4.187164525329423,0.35421454978436356,0.49503162779719156,1.775874175678015,4.02948709506646,2.0010759638110565,37.868460669545925,55.5580463265768,31.81062602803357,1.7625048951048952,0.5329685314685315,B0034,76,1881,01881.csv,24,1.4266489379486664,32
285,3191.735,3.410480218060336,2.16386574936286,4.185560165483177,0.3484265790500008,0.4951039679650302,1.7820113215152444,4.029440202415485,2.0019255032497654,38.32719437027863,55.7456104997617,31.50741328307633,1.7689726315789476,0.5329087719298246,B0034,80,1885,01885.csv,24,1.4596775560238575,33
284,3190.313,3.4102489283524573,2.110862355108561,4.187111715287616,0.3529484912906562,0.4954967335833844,1.7740993914343244,4.029706632370836,2.0010277868378776,38.222749634083,55.88273287086187,31.7015184250114,1.7610154929577464,0.5310352112676057,B0034,82,1887,01887.csv,24,1.4396159938545154,34
282,3182.156,3.414435733868323,2.1889361346194556,4.187953553733828,0.35394019682357414,0.4931093591085678,1.758238315042278,4.028819839160079,1.9990190259954228,37.708662488006475,55.52091947034592,31.79194907840611,1.7449319148936169,0.5282872340425532,B0034,84,1889,01889.csv,24,1.4195512657848512,35
281,3180.156,3.408669177651725,2.076995222056859,4.186573417418747,0.36079626905131507,0.49316732148194786,1.7644936008571876,4.030420227631053,1.9997687558838535,37.8703638417689,56.03798112972515,32.38980368761841,1.751147330960854,0.5261814946619217,B0034,86,1891,01891.csv,24,1.4118101714470452,36
279,3171.953,3.4118322352896917,2.138330613016186,4.187350410759027,0.35697515905164995,0.4924604658341041,1.7625385344166264,4.0299718848239205,1.9996278599898887,37.83489284744581,55.7872631992585,32.09514710929059,1.74935770609319,0.5282795698924732,B0034,88,1893,01893.csv,24,1.4044196701845313,37
280,3192.172,3.412313772481234,2.163289759388807,4.18502843595743,0.34137758271628615,0.4960304140485734,1.7852478572717474,4.029529486082554,2.002352415137175,39.269306296372,56.29505678813318,30.965974562671246,1.772139285714286,0.5379607142857143,B0034,92,1897,01897.csv,24,1.4735059098606866,38
279,3194.735,3.4055246588869954,2.011759892668098,4.186257969039418,0.3441874957078489,0.499855756063571,1.8061297342260072,4.029713711390202,2.004746443258846,40.1506450904851,57.203641711448896,31.132826525823948,1.7928659498207886,0.5433405017921147,B0034,94,1899,01899.csv,24,1.492658600645149,39
277,3178.75,3.412772999015033,2.162343975515107,4.186398813067427,0.3408103727673852,0.4970800796601922,1.7899851853281945,4.029290691786796,2.0031420222152723,39.44313364004617,56.48442346523092,30.484316267018425,1.7768880866425991,0.5403971119133574,B0034,96,1901,01901.csv,24,1.4820260149945934,40
275,3165.359,3.4159307513752806,2.1921995805381784,4.185933256660042,0.34953344285737814,0.49144968654371235,1.7589356071725388,4.029022667107852,1.999224401309349,38.29706396735563,55.71155596776208,31.253015823048113,1.7458203636363638,0.5280254545454546,B0034,98,1903,01903.csv,24,1.423575357658995,41
273,3155.25,3.414462463305671,2.16034888083278,4.187334986366342,0.3546441651434848,0.4913997326428907,1.7569782611764002,4.028805365009421,1.9989941942680842,38.00009263186772,55.725184853786985,31.77638837223589,1.743868131868132,0.5264065934065935,B0034,100,1905,01905.csv,24,1.403825219724535,42
274,3173.766,3.3922002422487143,2.165521364045302,4.176473851854755,0.3356470285708724,0.4972966714495257,1.8535747834116671,4.029740881630216,2.0089546003729226,39.66453202372922,56.68734909187956,31.373478034042368,1.8401306569343066,0.5561313868613138,B0034,104,1909,01909.csv,24,1.5363173478836123,43
275,3199.485,3.3972119520639095,2.0714906018792005,4.186547012412841,0.3359802534449903,0.5066323148014829,1.8470027030693916,4.029196217915029,2.008362037769272,40.503647950320534,57.523569542125074,31.20306928863091,1.8334756363636366,0.5562472727272728,B0034,108,1913,01913.csv,24,1.5440367168176732,44
274,3196.015,3.407734218697208,2.160000438530016,4.1868364391694275,0.33791758824672014,0.5007739973382463,1.809738643568896,4.029145491224896,2.0050702546929537,39.602225792574906,56.64647124225468,30.82907784972423,1.7963014598540148,0.5477919708029197,B0034,110,1915,01915.csv,24,1.507892155360249,45
308,3595.281,3.3050275542473186,2.07023691471502,4.267804722238553,0.28317884058047893,0.7339450023979781,1.951674467634044,4.031177810117895,2.014084577123911,43.00893271743553,61.22071154968515,33.72863282333816,1.935845454545455,0.5836168831168831,B0034,112,1917,01917.csv,24,1.8203060058691092,46
273,3198.0,3.350291194323394,2.0513249674406295,4.183147061073988,0.3273088379760373,0.5485345662257988,1.920877053556143,4.031361471284143,2.013257357300348,40.64495633031262,58.28488787096781,32.41770051524149,1.9054659340659343,0.5684468864468865,B0034,116,1921,01921.csv,24,1.5936575758226643,47
271,3183.516,3.378826251452736,2.126099692893142,4.186094144264648,0.34641924044154077,0.5098528818351729,1.8756334454613608,4.030853452091916,2.0105822754576277,39.63966215341089,57.592019665372526,32.712997864736565,1.8601070110701103,0.5576863468634686,B0034,118,1923,01923.csv,24,1.533070464968097,48
270,3183.797,3.3905180732853615,2.1895562891910765,4.1869069503681295,0.35096779925706845,0.5024629584831275,1.8375586042336385,4.030490983913811,2.007663220075291,39.16680148065847,57.28443182001311,32.77675256703404,1.8224955555555553,0.5457703703703702,B0034,120,1925,01925.csv,24,1.4862143093107285,49
270,3191.516,3.387526907959532,2.074340759266504,4.1855620437934515,0.351915052519172,0.5032142782976865,1.8377216600929431,4.031249179709422,2.0077761879017095,39.82254974386062,57.87208806126728,32.96721048360936,1.8227911111111108,0.5417777777777778,B0034,122,1927,01927.csv,24,1.5029318848267783,50
269,3189.985,3.3911818711119515,2.1265733975652816,4.186540363518264,0.3418169900764171,0.5057596356462395,1.8447646924855277,4.030674776051926,2.0083826062896484,40.67552783597674,58.01475740778219,31.846463326585635,1.8297442379182154,0.5376133828996281,B0034,124,1929,01929.csv,24,1.5202185406928062,51
268,3189.734,3.390835631837091,2.062739747604538,4.182887718757515,0.3466408129862654,0.5008540742535339,1.8363998169086415,4.032090463706321,2.007840448767483,40.582538417129676,58.312052179468594,31.877214340905937,1.821620149253731,0.5308246268656717,B0034,128,1933,01933.csv,24,1.5118194735004464,52
266,3176.016,3.396934021472626,2.1030377322448675,4.183577669537621,0.35380759965598246,0.4969682706755001,1.8048569444391065,4.0317603355933835,2.004557382295106,39.684346755235566,57.74556007237976,32.507828819434216,1.7898684210526312,0.5204135338345866,B0034,130,1935,01935.csv,24,1.464601301820905,53
265,3171.36,3.3994906529891593,2.1244761059896846,4.186336344550888,0.3550201360082227,0.4983362911721505,1.7965459276527906,4.030702202371792,2.0036470413727243,39.47995207463314,57.59063118746153,32.57527384817968,1.7814679245283016,0.5184452830188679,B0034,132,1937,01937.csv,24,1.4546140961511749,54
264,3170.843,3.3981483429417363,2.0601307559265187,4.184762302875813,0.36006141669570507,0.4969143443040642,1.788026401638822,4.030830787176179,2.002715573743414,39.48992781243277,57.76023731619168,32.897946566691715,1.773097727272727,0.5120606060606061,B0034,134,1939,01939.csv,24,1.4333400490204142,55
263,3164.672,3.3988819411159534,2.066307670696809,4.185022396532557,0.35565987675240834,0.4974916906458424,1.7945055340922251,4.030375180809054,2.003628798286033,39.852310270589804,57.843854984407734,32.59673606531136,1.7799779467680605,0.5162167300380227,B0034,136,1941,01941.csv,24,1.449326234639616,56
263,3177.453,3.3979295593430394,2.063118102136468,4.183906394520297,0.34820165054390506,0.49861245267767185,1.8100461507144519,4.031301873680901,2.0051862864681538,40.873690307547484,58.50818415025991,32.122264202027765,1.7954197718631177,0.521060836501901,B0034,140,1945,01945.csv,24,1.495199821798908,57
262,3172.375,3.3987236708202504,2.015578277968309,4.18478065365082,0.3523156446081085,0.49814597248547043,1.8015755609908257,4.030996805872695,2.0044022718968755,40.55984735939729,58.39804679399696,31.863377711175392,1.7869900763358775,0.5184045801526718,B0034,142,1947,01947.csv,24,1.4720590241846008,58
260,3158.406,3.4080267118315732,2.1825208655708153,4.184572904357356,0.35751889261869363,0.4916295476308532,1.7534624908973888,4.0309191249132565,1.9985733221486432,38.988662122088876,57.19671566450291,32.49659955508618,1.738756923076923,0.502523076923077,B0034,144,1949,01949.csv,24,1.4097383014648728,59
258,3141.578,3.407631378055527,2.177635067318021,4.186221928288161,0.3617463159027306,0.4911818321155561,1.7513348268515343,4.0303017769101075,1.9982914664513332,38.71511147644418,57.093582209047106,32.80268829176575,1.736697674418605,0.5001240310077519,B0034,146,1951,01951.csv,24,1.3861944181384176,60
257,3138.187,3.407885887358127,2.1675497721171437,4.185645972879193,0.365101378589832,0.489002616677777,1.7425277851045473,4.032926354694966,1.9968801220000274,38.51149851182021,57.056434523826645,33.018804133714845,1.7278863813229572,0.49530350194552525,B0034,148,1953,01953.csv,24,1.3624125407550536,61
258,3157.969,3.4003875411941866,2.0235981843621835,4.184966155089575,0.35756474413608713,0.4959192342316636,1.782680833777068,4.030419099923807,2.002264638815254,40.112479285456395,57.99096942950453,32.59952656942388,1.768164341085271,0.5089883720930232,B0034,152,1957,01957.csv,24,1.4471377445077278,62
257,3159.281,3.4076622967245975,2.184010507272112,4.181330176160959,0.3442534338874439,0.49342293374019164,1.7740918104733483,4.031508370151624,2.001328855790365,40.84012758949483,58.16328313862759,31.620516633507414,1.759503501945525,0.5107509727626459,B0034,154,1959,01959.csv,24,1.4554483390450048,63
256,3150.375,3.403252905688179,2.0392577121107047,4.186951481965634,0.3550746563797375,0.497103129139183,1.7809841749397886,4.0309270879537475,2.0022104384617547,40.348969230016365,58.29542391419101,31.970875051865843,1.7663406249999996,0.51328515625,B0034,156,1961,01961.csv,24,1.4423952167302958,64
254,3134.078,3.406174357529073,2.0999808615526177,4.1857251578423,0.3648644454317958,0.48993840355211526,1.7471880211297464,4.030689142794633,1.9978212503469346,38.95729074496056,57.375182540416354,32.841430282108234,1.7326322834645669,0.4991417322834646,B0034,158,1963,01963.csv,24,1.377541945989605,65
253,3129.797,3.4049736944362246,2.063136946201327,4.18361645238679,0.3697643818088681,0.48684701097133365,1.7381475651358784,4.030890080533704,1.996582502710518,38.73711200799833,57.42041259082052,33.25562383623323,1.723577865612648,0.4931185770750988,B0034,160,1965,01965.csv,24,1.3539935892900532,66
255,3161.89,3.3580774287935817,2.120762756881349,4.17325067272426,0.33409637440471623,0.5210074576665207,1.8824246476342092,4.031115880527916,2.01135903420885,40.231060876384255,57.71520595046742,32.84872682274583,1.8673694117647055,0.5405450980392157,B0034,164,1969,01969.csv,24,1.5509038861664448,67
257,3196.859,3.38250056099739,2.19170788700899,4.184028931910909,0.3330857457521454,0.513203922983128,1.8524024614367005,4.031336520715659,2.0092822792763814,40.929553501935686,58.17136403259683,31.959745888808364,1.8373206225680931,0.5367548638132297,B0034,168,1973,01973.csv,24,1.5562932697752867,68
254,3171.906,3.390086865994553,2.1203887966971293,4.185455613390746,0.34685000193734206,0.5039213919719856,1.82653591475856,4.031483697642067,2.007116071236726,39.993709319022244,57.753084428922655,32.130296542002014,1.8116779527559053,0.5305944881889764,B0034,170,1975,01975.csv,24,1.5067526605064707,69
252,3160.8429999999935,3.392978809154906,2.0630039985317543,4.183582231077479,0.3599395825673459,0.49692973174779675,1.793004404774759,4.030940436431335,2.003708777388001,39.1022619385273,57.5103657978898,33.05944493525902,1.7780460317460318,0.5144126984126983,B0034,172,1977,01977.csv,24,1.444138733302766,70
251,3147.141,3.400527096110287,2.1811524820912926,4.1831604654402685,0.35912609070513846,0.4930242211214906,1.7679811801475078,4.0314913055403885,2.000736228579424,38.63703610404588,56.86348453612092,32.84653641029996,1.7532494023904384,0.5060756972111554,B0034,174,1979,01979.csv,24,1.4144103811292437,71
250,3141.203,3.4009920061492966,2.155432405052415,4.184589576893444,0.3636309690025758,0.4925977238898467,1.7592553782469809,4.03046907957885,1.9999419770032505,38.457946337552535,56.97607576818629,33.211278740783506,1.744244,0.5030399999999999,B0034,176,1981,01981.csv,24,1.3897574212362729,72
250,3151.047,3.395963139634734,2.0671609840346776,4.1839152437949645,0.3559391723260501,0.4969427633029917,1.7913624328840858,4.030848804967881,2.003498216742575,39.988534225003114,57.956995411354825,32.830844881443824,1.7767127999999996,0.5118400000000001,B0034,180,1985,01985.csv,24,1.449968311475299,73
250,3159.172,3.399629787670528,2.1233368877812127,4.184717109573573,0.34757164660384293,0.4989858857187741,1.7913361269828607,4.032550539055774,2.0036405638325396,40.84025138634754,58.3663921180059,32.02819316917294,1.7767303999999997,0.5164760000000002,B0034,182,1987,01987.csv,24,1.4678653068012166,74
248,3141.047,3.3983167205445777,2.032509026773449,4.184251380689682,0.3611318712468133,0.4944203555082196,1.7734094053339462,4.03311369700898,2.0013999722110136,39.641733784991594,57.883249801186295,32.734568931172916,1.7587741935483867,0.504774193548387,B0034,184,1989,01989.csv,24,1.4290644310445066,75
247,3135.0310000000027,3.398539512076107,2.0100958477489637,4.182749347441237,0.3710619878165209,0.48985547625785486,1.747723781773115,4.031189054300734,1.9981693719946496,38.82196729294636,57.62604602919208,33.58861809861441,1.7332461538461534,0.49261538461538457,B0034,186,1991,01991.csv,24,1.376744834668327,76
245,3117.984,3.4065465230061798,2.1845053475658913,4.182152014334447,0.3666661959660648,0.48521977348620116,1.7290932853839172,4.031129358826585,1.9957233455533672,38.27601981086532,56.803768142247485,33.12173263676197,1.7146277551020408,0.4872571428571429,B0034,188,1993,01993.csv,24,1.3515813262521057,77
245,3125.328,3.4067781130872956,2.1991319506434475,4.1833235259541075,0.36632946490902907,0.4859201652764926,1.7291042035547066,4.031338830626604,1.9955482063789747,38.30615482092432,56.88027382398077,33.40383336475659,1.7146204081632652,0.4872204081632653,B0034,192,1997,01997.csv,24,1.353993472828928,78
244,3120.172,3.4044214192090116,2.1256164107912863,4.18535045289718,0.3681574253236552,0.4888421394594089,1.736102566926026,4.03103413513416,1.9966679962620908,38.50347850214561,57.11228470728586,33.36690729502318,1.7216868852459013,0.48886475409836067,B0034,194,1999,01999.csv,24,1.3577165116893766,79
243,3116.641,3.4020136665550305,2.0595928588832932,4.182766239696235,0.37476979115811343,0.4853966964214247,1.7267121342258214,4.030805323363095,1.9953133219474424,38.25735173096823,57.23777746505438,33.8887360806896,1.7122427983539095,0.4818559670781893,B0034,196,2001,02001.csv,24,1.334169315351027,80
242,3110.844,3.408929572366065,2.196715966153447,4.181823483700895,0.36673764656574664,0.4832167460484902,1.7171808120951697,4.03117795823907,1.9936547076968085,38.29433048905591,56.79550408983589,33.21222343878761,1.7028429752066114,0.4830702479338843,B0034,198,2003,02003.csv,24,1.3372147888783987,81
241,3101.406,3.407512024075691,2.179169443366329,4.1857303262234575,0.3692057466477489,0.4853096068529483,1.7243536634662822,4.031972732432733,1.9948981407407025,38.19006452807094,56.74357378980126,33.28709618793543,1.7098190871369294,0.48631535269709547,B0034,200,2005,02005.csv,24,1.339045224276927,82
240,3099.563,3.4012246723873063,2.0729178734316847,4.180937577273335,0.37427823003175015,0.4831581945249086,1.7314101258115537,4.031005726868246,1.9958495161999803,38.326737735855446,57.1850535860252,33.78486550913033,1.7169474999999998,0.4847666666666666,B0034,204,2009,02009.csv,24,1.3439244604756322,83
240,3104.64,3.4019343263921806,2.0585536221704452,4.185670680684665,0.3748114537405041,0.48711531684302445,1.7315588125572303,4.031139103540076,1.9960688998382103,38.326112920062165,57.131636004992664,33.73167477328224,1.716940833333333,0.48734583333333337,B0034,206,2011,02011.csv,24,1.3454786192090245,84
239,3099.875,3.4080993396118826,2.1859283824053053,4.184780807786567,0.3682504376746981,0.4847398447812852,1.7218693596318888,4.030804616834862,1.994731085030303,38.2504483640825,56.68621589748299,33.07649183918508,1.7073924686192468,0.48666945606694556,B0034,208,2013,02013.csv,24,1.3482263029682544,85
238,3093.25,3.4012585484878985,2.047929270109934,4.184776951807234,0.3766580429795004,0.4857818586025564,1.7290075860455774,4.031692434428726,1.9956680930422508,38.2552215314073,57.14457415944487,33.86811721159326,1.714594957983193,0.48261764705882354,B0034,210,2015,02015.csv,24,1.3373192299576058,86
237,3086.688,3.400118948427692,2.0282334120244614,4.184920385211051,0.37593601212950406,0.4865198756165361,1.7363791085179334,4.031825763441962,1.9966320060781142,38.4827926779255,57.289854087208134,33.77572561024867,1.7218160337552741,0.4866877637130801,B0034,212,2017,02017.csv,24,1.3402523341553034,87
237,3094.281,3.4044380735101045,2.128944717359417,4.181326694340018,0.37315902558622077,0.48118945972330884,1.719228099598437,4.0305186641831545,1.9943362542359948,38.208311929566015,56.90074118043176,33.59593999145818,1.7049122362869198,0.480295358649789,B0034,216,2021,02021.csv,24,1.329096568237912,88
236,3088.328,3.40277614658273,2.080780257241255,4.184466822637345,0.37452150825909697,0.48488171793933965,1.7265727401462612,4.031628581091327,1.9954572718247072,38.37963443029051,57.126183132620525,33.71070734548178,1.7121432203389828,0.4842330508474576,B0034,218,2023,02023.csv,24,1.3323485655766352,89
236,3095.687,3.407661438923026,2.18178697368346,4.185698992912854,0.3652092117002787,0.4869308970239854,1.726654599534716,4.0312424408295175,1.9953885670207627,38.847888287026734,57.09006956503022,33.10517803503929,1.7123483050847454,0.48895338983050846,B0034,220,2025,02025.csv,24,1.3501541310555516,90
236,3102.062,3.406219322901771,2.1600430451609207,4.188177492671976,0.3609092394658272,0.4923695324488637,1.7439880801204648,4.031736173757563,1.9979037840818108,39.55793696996327,57.56129571557157,32.770159368705826,1.7295364406779659,0.49575423728813556,B0034,222,2027,02027.csv,24,1.381523441054128,91
236,3107.141,3.403483836522725,2.0578741386350488,4.181899265811891,0.3619668249274924,0.48807837949713306,1.7439039797874396,4.03159610294282,1.997732931333819,39.995989656775905,58.12885115554352,32.51601214375282,1.7295313559322034,0.4935720338983051,B0034,224,2029,02029.csv,24,1.3835971952817807,92
234,3090.719,3.401643655881062,2.0545776989805833,4.180083219210065,0.3741952107713893,0.48180658624116113,1.7240232458512306,4.031093567396651,1.9951384835515777,38.637111363644244,57.35750604508094,33.5716509932209,1.7096940170940174,0.481974358974359,B0034,228,2033,02033.csv,24,1.33011618620809,93
232,3069.812,3.401100143150002,2.0610721424538947,4.1821779958572005,0.37875619418271567,0.48087278966295344,1.721576289861668,4.031192505233378,1.9945449015188763,38.17458507378806,57.07647448385972,33.91674365621194,1.7071568965517243,0.48171551724137934,B0034,230,2035,02035.csv,24,1.3176982121703231,94
231,3064.437,3.406245698013471,2.1769630360366774,4.1841115419161925,0.37598386759347885,0.4792094359057728,1.7115354875979534,4.030588508612238,1.993362620612257,37.84309122903104,56.56265009891403,33.64810857952362,1.6972207792207792,0.4804242424242425,B0034,232,2037,02037.csv,24,1.3063657719651272,95
232,3083.25,3.404609654515602,2.123117073996824,4.182953933920961,0.37019047470839556,0.4836680724086371,1.7218364755496434,4.031702600821983,1.9946542026581129,38.7849806497393,57.16856231635899,33.48361580832023,1.7075318965517239,0.4838706896551724,B0034,234,2039,02039.csv,24,1.3381567383793782,96
231,3076.484,3.3978374456616303,1.992728560786441,4.185231964742196,0.37284324689364967,0.488885754858265,1.746424610116049,4.031682841427148,1.9979754592978727,39.47058624854092,57.902838661735686,33.68210263898199,1.7322735930735926,0.4916147186147186,B0034,236,2041,02041.csv,24,1.3563258092165067,97
230,3081.297,3.3958647763622594,1.9677573642714887,4.183603781291225,0.37289371039063396,0.48840776820772147,1.7536351163253248,4.03092026898644,1.9988442194223839,39.61654428235802,58.115178902093014,33.35144052689099,1.7398365217391298,0.49238260869565215,B0034,240,2045,02045.csv,24,1.3648997529550058,98
229,3065.953,3.4029256137765205,2.1243524375356397,4.1847480185320505,0.3739159665679014,0.48343530833088266,1.7265318546475839,4.031386898885472,1.9955458478899517,38.42381623938057,56.98035659049231,33.36131413527963,1.7120751091703055,0.48685589519650646,B0034,242,2047,02047.csv,24,1.3337639975535058,99
228,3055.828,3.4052852363977686,2.1817137827751827,4.18481289618272,0.37461632960241353,0.48105075531803765,1.716350035591278,4.031919192937977,1.9941196488684687,38.11461669687029,56.672084425511734,33.524578556784896,1.7020105263157892,0.4828552631578948,B0034,244,2049,02049.csv,24,1.3060123668658763,100
227,3051.468,3.4007629589889867,2.087539695609617,4.182816385597531,0.37765879462222124,0.48112988717046745,1.7241037426046357,4.031463869357844,1.995096472636278,38.33391837467719,57.04472631715234,33.80324919916471,1.70952422907489,0.48292070484581495,B0034,246,2051,02051.csv,24,1.3101868361375808,101
228,3069.0,3.4011297944340977,2.068960188840925,4.182086976575588,0.36958503808959037,0.48494763748762537,1.7342683107975017,4.031164018221237,1.9968930346783653,39.42514383600653,57.64730160708694,33.28180573930361,1.7200070175438593,0.48692543859649123,B0034,248,2053,02053.csv,24,1.3567668941696105,102
228,3079.235,3.3993314164333626,2.0596285731276476,4.181559459677035,0.3641299384578157,0.48798858898372144,1.7519686144906164,4.031125638208525,1.9990877726163834,40.315066740163225,58.29336025761747,32.86367869013046,1.7375710526315786,0.4944912280701754,B0034,252,2057,02057.csv,24,1.3916857433587717,103
227,3070.344,3.3981521617785853,1.995387257098486,4.182529313505233,0.37229461644284395,0.48634381266526105,1.741676575046759,4.03058191664693,1.9973640878921932,39.53448316157278,57.95445943311949,33.194763895885686,1.727577092511013,0.4907312775330396,B0034,254,2059,02059.csv,24,1.3629935079344777,104
225,3051.4839999999967,3.4035091903916523,2.1529421051579973,4.184076900714323,0.37449461090781794,0.48148002759386976,1.7213583653193913,4.030694821958155,1.9948086409368206,38.37203224972586,56.91514213395795,33.35977240890851,1.7069662222222224,0.4845022222222222,B0034,256,2061,02061.csv,24,1.3211711973900628,105
225,3054.812,3.3990218794534157,2.040540120203558,4.184435637134828,0.38124684446568086,0.4822202930965691,1.7213431863858566,4.031009817979993,1.9949118181889154,38.3101923015924,57.19634917626827,34.03901584815155,1.7069386666666666,0.4807555555555555,B0034,258,2063,02063.csv,24,1.3074869015593356,106
224,3046.532,3.405793405509288,2.197033181830859,4.182198079486951,0.3737023442287749,0.4785116434840133,1.711234103073369,4.031095809579006,1.993262617120496,38.27774779605142,56.74944920850043,33.42386688404649,1.6966883928571428,0.4806964285714285,B0034,260,2065,02065.csv,24,1.3105881895483489,107
225,3071.782,3.3956244120578263,1.9756647286286777,4.18257252176705,0.3692120522102305,0.48876255150604564,1.756916276698593,4.03243604396475,1.9992911667553668,40.334191485925615,58.608348897573435,33.113542977886354,1.7429582222222222,0.49353333333333327,B0034,264,2069,02069.csv,24,1.376312668196664,108
225,3074.532,3.400151892919731,2.083403258487322,4.184144535847567,0.3609593984432283,0.4908479600478133,1.7574723585820047,4.0311681176814105,1.9999556944520074,40.79229920392578,58.69313490028398,32.55255277599488,1.742965333333333,0.49770222222222227,B0034,266,2071,02071.csv,24,1.391764929132287,109
223,3053.656,3.395401002342427,1.9776004444482065,4.183745596310435,0.3721405628549689,0.4880703090771603,1.7545789749302803,4.032104651105574,1.9992922201318848,39.999007178029785,58.287617732907975,33.05097826562996,1.7406295964125558,0.4929999999999999,B0034,268,2073,02073.csv,24,1.3649746353453525,110
221,3031.953,3.3978188140801495,2.0648428293008756,4.182564922322223,0.3775177446279733,0.48156542798442414,1.7346140728561315,4.031108958105936,1.9966803551406829,38.793911542282345,57.38456939785952,33.562617702701615,1.7199384615384614,0.4857556561085973,B0034,270,2075,02075.csv,24,1.3219093937291897,111
220,3023.5,3.392562018908607,1.966575784508242,4.184886457411625,0.38497787751231755,0.4837393095470559,1.7419815147499944,4.031562836873329,1.9972064078166896,38.67005005769116,57.58115209169171,34.18219583317039,1.7275918181818182,0.48580909090909086,B0034,272,2077,02077.csv,24,1.3090033888073913,112
220,3042.703,3.40172041057263,2.1711822809863026,4.182256888930097,0.3732509656497098,0.48089151572608024,1.7240372988847368,4.03093916292613,1.9952382185007147,38.826649526191886,57.13289738293001,33.57621320035027,1.709603636363636,0.48327272727272724,B0034,276,2081,02081.csv,24,1.3327005721973733,113
320,4424.203,3.483606791060758,2.069253006874651,4.444767752853825,0.34395434292487503,0.7230149069915792,1.513912006764154,4.031271454898872,1.951199282521044,40.05350414099234,61.43732341776916,34.24089988012979,1.5007137499999996,0.45588437499999995,B0034,278,2083,02083.csv,24,1.7423975189669398,114
222,3066.766,3.4027541068274787,2.1429326564674485,4.182008963324631,0.3613250977679768,0.48689238939406865,1.7448643036753848,4.031083297465372,1.998086505092949,39.89751111071057,57.73883179659806,32.351846686957984,1.7303387387387388,0.4959774774774775,B0034,282,2087,02087.csv,24,1.37734756281946,115
220,3046.125,3.399518032588874,2.0661656290024695,4.183084128990252,0.36957786183702745,0.48576611662724245,1.7422904387538094,4.030963240325162,1.9978905406610372,39.197243061406944,57.386080612263264,32.93618691272159,1.7275590909090905,0.4931636363636364,B0034,284,2089,02089.csv,24,1.34875988767775,116
219,3033.625,3.4048948132853294,2.1996082620797504,4.183718969246597,0.3661330864144184,0.48357972959037854,1.7317655890635542,4.031380713903483,1.9963009950714488,38.90698912730004,56.89633685865634,32.66595979613673,1.717165296803653,0.49273059360730587,B0034,286,2091,02091.csv,24,1.3501504559881146,117
218,3028.562,3.3989458032986057,2.0698222657269465,4.184086373500983,0.37297505761796523,0.48505353083807945,1.7394712458278938,4.0308516181486045,1.997562333754125,38.9149334799284,57.238769179765264,33.21290150174118,1.7250229357798166,0.49268348623853203,B0034,288,2093,02093.csv,24,1.3387814875085953,118
217,3020.984,3.402552549263599,2.1637591808058576,4.180084668986179,0.3695846892100426,0.4803258279710554,1.7291852801439969,4.030838932270787,1.9959322381269242,38.753372299612906,56.92287178370967,32.96200770858659,1.7145474654377881,0.48982488479262676,B0034,290,2095,02095.csv,24,1.3253371210402685,119
216,3017.391,3.3917372089469744,1.9665760341302796,4.182272685375916,0.3787642571958433,0.48474665240484827,1.7552053099717762,4.030667531854442,1.999111695733181,39.091854428154555,57.63060311370659,33.697811158325514,1.7410027777777775,0.49470370370370376,B0034,294,2099,02099.csv,24,1.3308160596334049,120
216,3022.14,3.399163910018903,2.0993400599564533,4.183571382297645,0.37284639567371536,0.4841804670185428,1.737149313452521,4.031261774539943,1.9971638232745041,38.79791433490267,57.01462861282404,33.09664347780742,1.722487037037037,0.49234722222222227,B0034,296,2101,02101.csv,24,1.333083376618503,121
215,3009.016,3.396151910618556,2.051523215347617,4.183893272585923,0.3757845896801064,0.4845350327294713,1.7450526641182944,4.031883079901577,1.998313555300159,38.87342544692156,57.17373710163345,33.317927893443084,1.730486511627907,0.49240465116279064,B0034,298,2103,02103.csv,24,1.3333226534895923,122
214,3014.672,3.3999185413871995,2.127535513157563,4.184006388641318,0.3731199239718793,0.48324221492489494,1.7342053921612108,4.0317878151340585,1.9968806376659354,38.72429474171124,56.96912010183172,33.13152656297105,1.7198831775700931,0.49059813084112147,B0034,300,2105,02105.csv,24,1.3264281097516477,123
214,3010.703,3.397850235603045,2.0823277676119383,4.181910454160974,0.37561708510433356,0.481302161187096,1.7344236592760864,4.031344486974082,1.9968121263360992,38.693927613601694,57.103594586187974,33.34570897601626,1.7198794392523364,0.489714953271028,B0034,302,2107,02107.csv,24,1.323971040986857,124
214,3011.75,3.399278705498605,2.1365617064803337,4.181304092373182,0.3730976776162239,0.48061328356293664,1.73446757181658,4.031165844112306,1.9967557214446223,38.83689474258564,57.068326741336485,33.206230711296826,1.7198953271028037,0.49037383177570093,B0034,306,2111,02111.csv,24,1.3249364225071156,125
213,3005.734,3.393991029909916,1.9941210557405096,4.181467747221002,0.37878426712372854,0.48238799501806495,1.7422959477100837,4.031283330684273,1.99797391992986,38.98262569198278,57.42601185667435,33.484908656693435,1.7279596244131454,0.4908779342723004,B0034,308,2113,02113.csv,24,1.3283067675570923,126
212,2993.75,3.3920728040875394,1.9772527709370784,4.184933925854431,0.3810216610259313,0.4847635849253318,1.750607068915268,4.031390232489055,1.9989057182503978,39.051031869034375,57.61101162387096,33.7194229242096,1.736106603773585,0.49395283018867925,B0034,310,2115,02115.csv,24,1.314584348909226,127
212,2998.125,3.399111046109847,2.126873333723975,4.183605741258281,0.37545176195728497,0.48196090710326,1.7318011089547243,4.030190775657842,1.9965545360374173,38.79001119015603,57.13778358983724,33.303202931717536,1.71723679245283,0.489245283018868,B0034,312,2117,02117.csv,24,1.3166841798543305,128
211,2990.859,3.395190942431077,2.039511489521072,4.18498220766507,0.3797193868780283,0.4834350592418364,1.7399925580186633,4.030832991804198,1.9977482953741315,38.89401391225135,57.23603082155364,33.44066716927095,1.725379146919431,0.4908293838862559,B0034,314,2119,02119.csv,24,1.3041727649654071,129
213,3024.453,3.3964846031258618,2.0358214749013905,4.181710702444723,0.3713668035196366,0.4847030441528535,1.7427011000827153,4.031156962815287,1.9979873322882928,40.171574663158054,58.39093066235441,33.44031281308572,1.728356807511737,0.4917276995305164,B0034,318,2123,02123.csv,24,1.3534450073572306,130
213,3030.765,3.394474869519725,1.973042506261499,4.184181072689387,0.368077239161867,0.49031294984976803,1.761185018309163,4.031505060697891,2.000406570789153,41.036063659744045,58.90073826779548,32.51766176771071,1.7472225352112676,0.49983568075117374,B0034,320,2125,02125.csv,24,1.371294082513786,131
212,3020.813,3.396433031795198,2.0280193684749017,4.18330455406694,0.3691704532541151,0.4869341962960405,1.7510127934789865,4.0310979373493865,1.9993714597545402,40.43961489235273,58.27129279916865,32.46181580039119,1.7365603773584903,0.4972358490566038,B0034,322,2127,02127.csv,24,1.357699321922511,132
210,2998.156,3.391155270712207,1.9435482703621492,4.183090426902681,0.38096358575592437,0.48448593330457923,1.7476808993643003,4.0324414576282885,1.9982505141027473,39.651877682602084,58.03064804249352,33.41593387956539,1.733638095238095,0.49151428571428574,B0034,324,2129,02129.csv,24,1.3286903090919502,133
209,2986.766,3.395487164367482,2.0636905936063763,4.184001846460157,0.3787518316119877,0.4824531148602733,1.737132841849628,4.030608268179589,1.9975439648500637,39.179107326892364,57.376456720947886,33.29601226602354,1.7227521531100483,0.48896172248803826,B0034,326,2131,02131.csv,24,1.3143943268181724,134
199,3032.328,3.3795305779550775,1.9437968709766944,4.173319870139646,0.37530560974909727,0.4829585297969712,1.7833514969895126,4.030934744594092,2.002610180685131,40.11810121003218,58.48728985101988,33.799857287912914,1.769269346733668,0.5022663316582915,B0034,330,2135,02135.csv,24,1.3866783030110723,135
212,3047.703,3.392303218262864,2.071041778175654,4.181768359109135,0.36305650953762036,0.4907198445141532,1.7702350019120185,4.031180224182523,2.0014381425125727,40.80596825835928,58.63748276638773,32.86861859563163,1.7554471698113203,0.5046084905660377,B0034,334,2139,02139.csv,24,1.3868330458429208,136
211,3034.968,3.4001334063326003,2.185338383273266,4.182301042571854,0.3648851280008113,0.48594195558249176,1.7401783923806775,4.031782992778244,1.9977494476062896,39.68459882372221,57.63608525053667,32.58418098678533,1.7255791469194313,0.4968341232227488,B0034,336,2141,02141.csv,24,1.3548037379291014,137
209,3011.7339999999967,3.393642423268678,2.0310061849780774,4.178121720093713,0.37628448957748,0.4808963242445228,1.7373454408025162,4.030909285227107,1.9974265048500963,39.35391690299883,57.60594379182819,33.18590503760744,1.7227636363636363,0.48916746411483253,B0034,338,2143,02143.csv,24,1.3255787669951669,138
208,3002.922,3.4010015677885193,2.190661126627099,4.181856458554027,0.37182930787422236,0.4810664172707577,1.726421739308256,4.031391102007752,1.9958899349807593,38.774974385595264,56.80159282025973,32.65355157657278,1.7118019230769232,0.4887019230769231,B0034,340,2145,02145.csv,24,1.3119728676377551,139
206,2986.718,3.400303147037451,2.142279706628003,4.183618050676316,0.3770901615783518,0.48083246962211756,1.7242103804366378,4.032301237199556,1.9953619201250687,38.265844006523615,56.21047251769452,32.1818428600179,1.7089941747572814,0.4861019417475728,B0034,342,2147,02147.csv,24,1.3064487948795198,140
207,3006.203,3.4014259376568985,2.160163197204225,4.180694864027114,0.3666560276102828,0.4826953374427725,1.7352631240732406,4.032232493006905,1.9971097699235087,39.684480872315234,57.153953136576106,31.512234976918435,1.7205265700483092,0.48990821256038647,B0034,346,2151,02151.csv,24,1.3418431880549024,141
207,3011.609,3.3937688197583187,1.955449063066795,4.184699791551839,0.3724399365048578,0.48977740105054535,1.7542912065406973,4.032459345523554,1.9992007363116018,40.52184920089412,58.22840707938393,31.888451395649096,1.7398657004830917,0.4942512077294686,B0034,348,2153,02153.csv,24,1.3609210170759327,142
205,2985.953,3.40281516420186,2.186393196562525,4.184264442346774,0.3689190235363038,0.4835049630076793,1.7326335898363263,4.031899555003315,1.9967947132906123,39.34384441360489,56.896536733279625,31.41974241687872,1.717663414634146,0.49002926829268295,B0034,350,2155,02155.csv,24,1.329960367739497,143
204,2976.312999999994,3.402086089777065,2.1725626411969494,4.1832269410899645,0.3749883885307953,0.4796409968239823,1.7211553304454028,4.031537675655013,1.99496786530993,38.612144786286876,56.43024249534344,31.898496315001402,1.706162745098039,0.48432352941176465,B0034,352,2157,02157.csv,24,1.299069387625936,144
203,2964.75,3.3974407926386454,2.107521375414201,4.18242247093296,0.37887788618762536,0.4794672878862478,1.7293251908726686,4.031552007887981,1.9963504200118103,38.61589548680076,56.60428484008346,32.46579273141612,1.7145339901477832,0.48438423645320206,B0034,354,2159,02159.csv,24,1.2984544371955695,145
203,2969.953,3.3900153291758635,1.9724956503793716,4.181677931125044,0.381880256411887,0.48242011787629613,1.748688834226016,4.031822718744165,1.9984392252111405,39.405725006770766,57.47493245382511,32.903759532189326,1.734369458128079,0.48615270935960586,B0034,358,2163,02163.csv,24,1.317648609161009,146
204,2988.453,3.4000590460263824,2.15288424756184,4.184377456853175,0.3677607684311418,0.4860240334745365,1.7409400126466616,4.038795954400871,1.9981528211272066,39.93466601122023,57.43585109945852,31.671534586532644,1.7261911764705884,0.4918676470588236,B0034,360,2165,02165.csv,24,1.3360648564106594,147
205,3001.235,3.3987353103697178,2.175170885643991,4.1820883067461185,0.361081844041198,0.4873101684259473,1.7514878598438763,4.033056340172318,1.9995488509930766,41.55493252456659,59.12207312090748,32.44646397919996,1.737322926829268,0.496009756097561,B0034,362,2167,02167.csv,24,1.3635797361860138,148
203,2976.234,3.3928187346829195,2.0442124222047857,4.181101635503988,0.37451526718924305,0.4828880300928362,1.7489965075817655,4.031676887900432,1.99918718698671,40.30936955838523,58.23289082409849,32.71827814092495,1.7345950738916251,0.4914532019704433,B0034,364,2169,02169.csv,24,1.3333112541544827,149
201,2950.39,3.3901374196096965,2.030057772957424,4.179766813903975,0.38130273086019195,0.4795608212595104,1.746342778912585,4.031008497658909,1.9988822720529231,39.63376472877464,57.69877961341635,33.18054644321428,1.731638805970149,0.48832338308457707,B0034,366,2171,02171.csv,24,1.3023273463118925,150
200,2941.719,3.3844914074498393,1.960005305735824,4.180263086800403,0.38855976948485504,0.47965270060731324,1.7543721585445997,4.031145578011882,1.9994125492280501,39.39726410153058,57.777112656377554,33.78601449475681,1.740252,0.4864099999999999,B0034,370,2175,02175.csv,24,1.2888728444455877,151
200,2946.969,3.3921220546792745,2.097517979952191,4.1809918219864,0.383092259995234,0.4778006621469082,1.734722489944609,4.0312307343283,1.9972771292777656,39.0556543100656,57.23966158430743,33.41618639981317,1.7202560000000002,0.48353999999999997,B0034,372,2177,02177.csv,24,1.2902746194203034,152
199,2936.171,3.389816955641987,2.063176636612858,4.181979956691477,0.3845416886275648,0.47959160440605375,1.7433596394548498,4.0307864323142,1.9985360933239047,39.19214857830457,57.39229514777536,33.49738322894176,1.7288964824120605,0.48517085427135676,B0034,374,2179,02179.csv,24,1.292407565676824,153
198,2927.281,3.3881964986011384,2.050195394002453,4.1832960690677,0.3848190873290828,0.4812164148579363,1.7522539962144894,4.031891788952559,1.999821580766699,39.3246784315448,57.49397345620112,33.49178035236915,1.7376242424242427,0.48754040404040405,B0034,376,2181,02181.csv,24,1.295409150510234,154
197,2924.422,3.392372693620385,2.142448068324373,4.1823492523016785,0.3823794025630359,0.4782817999958535,1.740660404263611,4.030519452398561,1.9982490705081142,39.020958953665634,57.117778050999135,33.285280073491926,1.726143147208122,0.4848477157360407,B0034,378,2183,02183.csv,24,1.283229881592695,155
203,3023.859,3.3581270184036267,2.132265781269793,4.166622490761778,0.3516395582689491,0.49572868419450167,1.8482512574133536,4.031364436387261,2.010099264838128,41.16886509114223,59.0081622348613,33.54823202489118,1.8332679802955665,0.5175221674876846,B0034,382,2187,02187.csv,24,1.4557454024367815,156
205,3056.172,3.3640532409111272,1.984934774787036,4.183046790056729,0.35829407438196875,0.5080036013276423,1.8494655045222,4.031501683106394,2.009954396276788,41.53076127734769,59.53806687629183,33.11392176866636,1.8349024390243898,0.5238439024390245,B0034,386,2191,02191.csv,24,1.454676342673242,157
204,3045.078,3.38037517618057,2.1394084619831197,4.180727864826346,0.3608968705199766,0.4954840117654675,1.7995371699014029,4.030744595022684,2.0055655464557773,40.35674808373947,58.40787633507069,33.04631826085631,1.7850401960784312,0.5108627450980393,B0034,388,2193,02193.csv,24,1.423427718198495,158
203,3034.25,3.379746726032651,2.04587233974925,4.182665046607197,0.37145378906220844,0.4945785354182197,1.7883518694322504,4.031671799370217,2.0044123039131345,39.90529016402678,58.34388806897325,33.681523419760964,1.7739231527093593,0.5046551724137931,B0034,390,2195,02195.csv,24,1.392551210363313,159
202,3022.609,3.383744830197482,2.0970875648564333,4.183546703480425,0.3722153509964961,0.4932521640409191,1.7775400800465013,4.030922111155082,2.0029844258657565,39.6263343523975,58.00881689774913,33.63763092361734,1.7628475247524755,0.5018168316831683,B0034,392,2197,02197.csv,24,1.3765732493746907,160
202,3028.828,3.382914022586479,2.0432611124631137,4.184556412259601,0.3722657342375584,0.4948173307113217,1.77740370496807,4.0316407463870965,2.003206774046206,40.251117050644716,58.52325787492752,33.76381856546004,1.7630742574257423,0.5025792079207921,B0034,394,2199,02199.csv,24,1.3810190828982352,161
202,3037.875,3.378266732241365,1.961939116178396,4.183306721542989,0.3706640763890211,0.4966726139687063,1.796976944461578,4.031325299834524,2.004464989774977,41.28365494023095,59.50837827191451,33.49859159888837,1.7829118811881186,0.5059405940594061,B0034,398,2203,02203.csv,24,1.4007568321672863,162
200,3023.187,3.386601516930242,2.0966495970812926,4.186122527731293,0.3701796466376844,0.49520174434376196,1.7752061939046586,4.034378256939229,2.002875754451782,40.27720417425089,58.58184665309335,33.189022584027086,1.760718,0.501695,B0034,400,2205,02205.csv,24,1.374645303479972,163
199,2996.922,3.3873478555743035,2.126944667717326,4.187372242173173,0.3770147232298689,0.49245629402200075,1.7638618290732972,4.031792301917485,2.0013456166440244,39.458737885900284,57.97580640887124,33.83570648816756,1.7493758793969851,0.49505025125628144,B0034,402,2207,02207.csv,24,1.3345924114397838,164
198,2986.469,3.3839254722198504,2.0654092965524384,4.194441292072135,0.3826586605863433,0.49850909869175464,1.7726002537700687,4.031054086064945,2.0025301237214044,39.29135666075848,58.05700140061033,34.42023182444933,1.7580969696969697,0.49634848484848487,B0034,404,2209,02209.csv,24,1.336396621564738,165
197,2979.219,3.389334235413473,2.148229610932935,4.178978876708447,0.3791620157944327,0.48250815815665327,1.7406273194455324,4.030876471673389,1.9982769423794124,39.19247737595363,57.78193242469556,34.08724781794541,1.726544162436548,0.48477664974619294,B0034,406,2211,02211.csv,24,1.3069152971756248,166
198,2995.047,3.3898762516669514,2.1586251956084066,4.180760079138194,0.37339879780049423,0.4862291941230228,1.752369528791636,4.03123362422716,2.0000215265628105,39.892115077092285,58.20713739139197,33.673529724401234,1.7381030303030305,0.4901818181818182,B0034,410,2215,02215.csv,24,1.341539456674081,167
197,2989.828,3.387534636174606,2.095346963555327,4.1815749331430805,0.37339370001217254,0.48871361255740453,1.7614729733820915,4.0317407805437995,2.001184051878282,40.35117578100876,58.613406449206195,33.58246769460718,1.7469269035532997,0.4921776649746193,B0034,412,2217,02217.csv,24,1.346388970161922,168
197,2989.391,3.3867620663269333,2.0626265502864713,4.182056202732491,0.37571409289264307,0.48853210883261156,1.7613022715477178,4.031049977481575,2.0010841435299334,40.23284401135697,58.64476637032693,33.4386352885556,1.7469065989847716,0.4911878172588833,B0034,414,2219,02219.csv,24,1.344989807277774,169
195,2967.2810000000027,3.3856540718379167,2.076505393409293,4.185552990507065,0.38219830202116506,0.4887421265113976,1.7587841210720874,4.031503094164638,2.0007666896328122,39.47675997912519,58.05107392892897,33.952359742176355,1.7441671794871791,0.49015384615384605,B0034,416,2221,02221.csv,24,1.3158760805047784,170
195,2962.609,3.380989577809656,1.9787021969242389,4.185152280694706,0.38956874985965145,0.48847531306753167,1.7582560608451738,4.030548710192742,2.00042859403924,39.32483875925542,58.291445432401005,34.60471719324573,1.7440697435897434,0.4846923076923077,B0034,418,2223,02223.csv,24,1.2972766889740088,171
194,2957.016,3.381603206447632,2.0077745341235347,4.178887193827684,0.3904020942586836,0.48122226689808345,1.7466327134137827,4.030657074815704,1.9990739793850707,39.06556270503843,58.02893221948005,34.66632475626291,1.7322639175257735,0.4788505154639175,B0034,422,2227,02227.csv,24,1.2851255211005648,172
195,2973.281,3.3826507314858842,1.984631695912844,4.18021178705338,0.3817525031320282,0.48618884945350604,1.758399711843396,4.032180179891317,2.000429576943233,40.25366972386004,58.80693345869639,34.08504340694225,1.7443158974358974,0.4857641025641026,B0034,424,2229,02229.csv,24,1.3190209156530253,173
194,2968.016,3.3872757037197703,2.120505374633019,4.185160711724249,0.3732849469833782,0.49100046254697727,1.7678047326355646,4.030907491504972,2.002024203212701,40.60644361981523,58.770145898372334,33.43405622985267,1.7533154639175257,0.493298969072165,B0034,426,2231,02231.csv,24,1.3410097849290994,174
193,2959.281,3.3863391572789534,2.082697161198142,4.179746730828125,0.3781144675679346,0.48457215995017044,1.75604455190909,4.031263715522782,2.000561868214461,40.11087407785343,58.49257429310864,33.49632683632,1.7416497409326424,0.4865025906735751,B0034,428,2233,02233.csv,24,1.326126983882746,175
192,2942.797000000006,3.3808981042387045,1.9993127386412168,4.185599509953072,0.3876464621531847,0.48829867734865484,1.7649023611871897,4.031557050834733,2.0016440820584323,39.61213844688629,58.33204656703581,34.245440495476984,1.7506041666666665,0.4894010416666666,B0034,430,2235,02235.csv,24,1.3091442679990724,176
194,2978.89,3.3749959210790252,2.0166716234512476,4.169799130983922,0.37415979728876675,0.4811771069043429,1.7884175858149567,4.031997801811629,2.004269571680101,40.95422192099372,59.3603280691461,33.80001041450994,1.7739309278350512,0.49431958762886596,B0034,434,2239,02239.csv,24,1.363001289617145,177
192,2948.891,3.385047602248052,2.1864172793825265,4.1802176939000715,0.37759875180591657,0.4837539642316955,1.7651175661948963,4.031055760751357,2.0015271198618994,39.368332915328914,57.712318998766975,33.793793290834884,1.7505229166666665,0.48864062499999994,B0034,438,2243,02243.csv,24,1.329285701687194,178
191,2938.547,3.3857894711790375,2.1668802335410113,4.179741845595007,0.3809121230018713,0.48208869032589385,1.7533361843271522,4.031015029033163,2.000184304179068,39.15337098937444,57.633102922228126,33.98220790346766,1.738696335078534,0.48461256544502623,B0034,440,2245,02245.csv,24,1.2969085930621855,179
190,2925.484,3.380809465968222,2.073777619248528,4.181172769902619,0.38647928206835724,0.48373790922393045,1.7623544327636462,4.031067192634773,2.0014051320753774,39.243985033148604,57.87686984231968,34.3242827058625,1.747736842105263,0.48493157894736844,B0034,442,2247,02247.csv,24,1.2986285924941396,180
189,2917.297,3.385818012946154,2.1762844479074928,4.179417995861986,0.3831808515241939,0.48020001802780987,1.750192491651476,4.03051089021253,1.9997545306354334,39.03574242025546,57.47417762924851,33.95465411792445,1.7357343915343917,0.4821746031746032,B0034,444,2249,02249.csv,24,1.2840657611821942,181
189,2918.938,3.3852891991053005,2.178495224886361,4.192681708507562,0.3811624281527764,0.4931340355321039,1.7716415609189622,4.031529673129687,2.0026656383558046,39.362600417809674,57.69186868894567,33.979635891075255,1.7570253968253966,0.49222751322751324,B0034,446,2251,02251.csv,24,1.3021015914136362,182
188,2918.25,3.375861800258899,2.003802772888259,4.1874346087886645,0.3910448621635059,0.4890818238748511,1.7808467524862919,4.031358409625566,2.003363118290785,39.45158799429391,58.235126532756595,34.730761074323304,1.7662989361702126,0.4862074468085107,B0034,450,2255,02255.csv,24,1.3089076351731337,183
188,2915.4839999999967,3.3766457982542852,1.978757159009704,4.179967885403278,0.3937140316300134,0.481564273300608,1.7593469071219419,4.030358918119561,2.0004253693560545,39.280231448753895,58.159040648414255,34.66781144449911,1.7450021276595742,0.48040425531914893,B0034,452,2257,02257.csv,24,1.2722519696513912,184
187,2906.015,3.383954937211064,2.137223761530643,4.180528142405268,0.3873920608810005,0.4799061163141558,1.7475161646907458,4.031297723634209,1.999429629125795,39.093994194844335,57.66508009332591,34.205335833770235,1.73295614973262,0.47945989304812836,B0034,454,2259,02259.csv,24,1.276011534360331,185
186,2894.14,3.378072965642498,2.026812719380422,4.179166028461803,0.39298677685441263,0.4793683896505425,1.7569362618147326,4.030974316014234,2.0007928710691854,39.19231540051725,57.950977227160536,34.55550316452812,1.7422774193548385,0.47885483870967743,B0034,456,2261,02261.csv,24,1.2605053003103004,186
185,2892.031,3.386411304876093,2.1955750105431733,4.18010360467577,0.385839023072673,0.4779057362110519,1.744631720395958,4.031011123253645,1.9992133771059182,39.05035096355298,57.50629199129354,33.95794379305323,1.7300940540540541,0.4781729729729729,B0034,458,2263,02263.csv,24,1.2660681251347117,187
185,2888.719,3.3853753800263027,2.198015566541252,4.177719373483749,0.3865557724258965,0.4753919829868014,1.7446100069469985,4.0313116805798215,1.9990800273963558,38.99238106302636,57.45114086897508,34.10196387589083,1.7300454054054055,0.47757297297297296,B0034,462,2267,02267.csv,24,1.265829016865281,188
184,2875.641,3.3831949117830207,2.1741564738787473,4.1806916832597745,0.38831770802035837,0.4778171940597131,1.7538811483261647,4.030793702940819,2.0003190195994285,39.013996139611024,57.51486337636169,34.21152332726244,1.7394445652173909,0.4811684782608696,B0034,464,2269,02269.csv,24,1.2655873898206993,189
183,2860.7810000000027,3.3703776888462564,1.959703796663527,4.184107730812699,0.3986793770569706,0.4839190847526069,1.7848158750715826,4.030759976825486,2.003758697490923,39.39352264576831,58.24937682662199,34.9110831055033,1.77075956284153,0.48708196721311475,B0034,466,2271,02271.csv,24,1.2663598323027554,190
182,2852.844,3.37385872825505,2.0588486889378887,4.19339113872627,0.39327999107323564,0.49163899380235465,1.795227519811869,4.0308791079707555,2.005471240922586,39.40321172109691,57.97580626211991,34.692792876258586,1.7804879120879122,0.49391758241758243,B0034,468,2273,02273.csv,24,1.2868479432728903,191
182,2854.64,3.3788676910292508,2.147269943612274,4.184650326377129,0.39034923271410915,0.48219417297158973,1.7733004083919222,4.030910228339476,2.0029411465550484,39.209002406361016,57.6936935982226,34.36215682629453,1.7585373626373624,0.4881868131868132,B0034,470,2275,02275.csv,24,1.270026164613209,192
184,2897.844,3.3775187954558987,2.046243465893371,4.179142866728917,0.37625564781463505,0.486219494333747,1.7981891817251408,4.031161376886709,2.005705087443661,41.7029996329405,59.714275603056464,33.20252047449081,1.7833521739130433,0.4975652173913043,B0034,474,2279,02279.csv,24,1.34598253292492,193
184,2896.063,3.3764102425962137,2.0152140329169153,4.183823497630528,0.37972954849966495,0.4900171490744025,1.7979822250919189,4.031304782841973,2.0057907295525954,41.54042703429465,59.59622829096066,33.47433620814107,1.783348913043478,0.49895108695652174,B0034,476,2281,02281.csv,24,1.3286875315413778,194
182,2866.234,3.374457339617825,2.0220579671885415,4.183386852109095,0.38620402908562507,0.4864525620531208,1.795586068723611,4.031456327316925,2.005611167720046,40.70765268927143,58.94389183765572,33.868064279347124,1.7809351648351648,0.49673076923076925,B0034,478,2283,02283.csv,24,1.31203071983408,195
180,2836.609,3.369493571122545,1.9943823501630709,4.193391153250369,0.39277089910499835,0.49400348033766006,1.815444212082474,4.031480010018408,2.0073414371755094,40.21142863220933,58.684673836382025,34.586344272935555,1.80062,0.5020388888888888,B0034,480,2285,02285.csv,24,1.295125492961198,196
179,2829.516,3.3671763894263442,1.961659201159055,4.182734512107648,0.39700942027879793,0.4836448310130317,1.8021623313447368,4.030531863908069,2.0058895481778887,40.0046687891377,58.63989407541342,34.700561115927634,1.7883195530726257,0.4939944134078212,B0034,482,2287,02287.csv,24,1.2802601605963335,197
190,1819.406,3.3100621558905616,2.692363558999662,3.848136609578083,0.15161363955524115,1.155773050578421,1.9773749348609406,2.0038601695058262,0.20422373332793073,24.892073733003087,25.25510878948548,1.342131592458589,1.9779442105263156,2.2936894736842106,B0036,0,3514,03514.csv,24,1.001982588175331,1
338,3260.531,3.4631992414146664,2.685636595881031,4.176656530010924,0.20489338571664242,1.49087444223566,1.9856445663953957,2.00280826348544,0.15331468369566711,25.959062630105592,26.547068220384585,1.6670296793183965,1.987169230769231,2.447180473372781,B0036,4,3518,03518.csv,24,1.8011007566288924,2
337,3265.75,3.4699576163352273,2.662489466857697,4.183288040976774,0.20886553611989916,1.5207985741190773,1.9861832158636734,2.004317840985689,0.15370833172786927,25.802571879383937,26.495839445842005,1.9542421808372126,1.9871347181008903,2.4564213649851636,B0036,6,3520,03520.csv,24,1.8044229856020628,3
335,3264.109,3.4705857000702847,2.6573808763123017,4.1841614854004145,0.20836507949549748,1.5267806090881129,1.987062297874344,2.006820885715504,0.1543233853426193,25.60229945293067,26.383869073507284,2.1643096711177563,1.9870674626865672,2.4571044776119404,B0036,8,3522,03522.csv,24,1.804388833772829,4
332,3253.531,3.4698672359538234,2.663543957344219,4.18413822475754,0.20917673549268204,1.5205942674133208,1.98745848474138,2.009500231963076,0.15499758008889178,25.340807182068417,26.038513721787695,2.030135646506295,1.9869602409638554,2.4568734939759036,B0036,10,3524,03524.csv,24,1.7989248871784247,5
329,3242.578,3.463667726287471,2.6678994227263173,4.184490871998835,0.20838139231782007,1.5165914492725179,1.9875372326723815,2.010118970470753,0.15507399168518848,25.066700521969093,25.52893924273116,1.778929135987518,1.9868498480243164,2.4502796352583585,B0036,12,3526,03526.csv,24,1.792996521672392,6
326,3234.625,3.4626756481952135,2.6568692251182435,4.18002707662199,0.2091941562800017,1.5231313357118461,1.987391854073237,2.010514808331086,0.15562682162693087,24.87901399238054,25.434898613415253,1.650112503605861,1.986740490797546,2.441460122699387,B0036,16,3530,03530.csv,24,1.7885507985621891,7
325,3235.36,3.466538555244563,2.682881821919537,4.184814968147981,0.20761841334047063,1.5019331462284438,1.9874986659392755,2.0087014787729163,0.15573757182674192,24.962178834594535,25.49992828339642,1.7133033457390425,1.986702153846154,2.4509107692307692,B0036,18,3532,03532.csv,24,1.7890856930727703,8
323,3236.125,3.465990459572376,2.643495320901669,4.184936056128164,0.21114198295170838,1.541440735226495,1.9873121102019284,2.0083926934667744,0.1562677208236183,24.97176766201835,25.538807420659257,1.6858028489570067,1.9866247678018576,2.450328173374613,B0036,20,3534,03534.csv,24,1.7893137312833287,9
321,3230.25,3.466849428071611,2.6529146015025353,4.185159966585472,0.2108210149831719,1.5322453650829364,1.9871920484366135,2.0080365229044976,0.15680245089993183,24.904899107239256,25.42021899627584,1.623171242944288,1.9865482866043618,2.4510280373831774,B0036,22,3536,03536.csv,24,1.7860759459480868,10
319,3226.078,3.467879751690846,2.6640070437952477,4.185259470361049,0.21023961368516486,1.5212524265658014,1.986994298783672,2.01068659468518,0.1574382589037869,24.82894570331574,25.3761734466722,1.6675930848071978,1.9864689655172416,2.4523354231974923,B0036,24,3538,03538.csv,24,1.7836324249650817,11
317,3224.5,3.4680189335962623,2.6528698625456295,4.180678430986266,0.2103237054128583,1.5277859434050587,1.9872186588415872,2.0086522990303357,0.15808286479594527,25.10525347823647,25.609167303887254,1.6053410863180737,1.9863917981072559,2.444208201892745,B0036,28,3542,03542.csv,24,1.782972873807272,12
315,3222.188,3.470195201959518,2.6683619850669116,4.185452668161143,0.21022237397359572,1.5170906830942315,1.986822691116423,2.0085875375423945,0.15839927302267137,24.951154809529978,25.488141454729305,1.5907658479644269,1.986311746031746,2.4531746031746033,B0036,30,3544,03544.csv,24,1.7813775963259668,13
313,3216.546000000002,3.471307979909313,2.6856316852084854,4.185644073979811,0.2092174483075782,1.5000123887713253,1.9870379004309504,2.007649933368399,0.15879666016873795,24.904434158959226,25.39250622395775,1.5935334002702,1.986230031948882,2.45411821086262,B0036,32,3546,03546.csv,24,1.7785359545932946,14
311,3211.859,3.4716713367418284,2.683085255855837,4.1855690457286165,0.2096538638331053,1.5024837898727794,1.9869312681166182,2.008607853673341,0.15922984297433054,24.887170444449442,25.45190297763985,1.6398984881921663,1.9861485530546625,2.454106109324759,B0036,34,3548,03548.csv,24,1.7759043090943398,15
310,3215.859,3.474226898019182,2.6821176155277855,4.185513751822039,0.2093534464057981,1.50331907227863,1.986804032971213,2.0086196509255365,0.15967857097001423,25.527212929862493,26.00580839279124,1.6189975984843166,1.986105806451613,2.4550612903225804,B0036,36,3550,03550.csv,24,1.7780426649905914,16
309,3225.125,3.4759464645675298,2.659668132739057,4.18175155698921,0.21047166534888723,1.5220834242501526,1.9866252110882103,2.0076953086780285,0.15997316494301497,26.409994049975936,26.845307972510515,1.3805245242802044,1.9860673139158576,2.44752427184466,B0036,40,3554,03554.csv,24,1.7830029333591657,17
309,3234.343,3.4817927176696424,2.6726649868851067,4.18601707914653,0.21030622467513083,1.5133520922614232,1.9868092429179043,2.008081368217133,0.15990257650205816,27.24956363748299,27.815052029087457,1.7832349046794675,1.986084789644013,2.4578058252427186,B0036,42,3556,03556.csv,24,1.7883000424613875,18
306,3218.25,3.4752876993515778,2.6506943508802054,4.185429868468947,0.21254194463472273,1.5347355175887412,1.9866026335678093,2.008162082198497,0.16057297493725153,25.79213906476866,26.20275128566912,1.2712647324422157,1.9859392156862745,2.4551993464052284,B0036,44,3558,03558.csv,24,1.779294712578026,19
303,3203.5,3.47360641557491,2.6668651734647586,4.183946382168659,0.2109270072045939,1.5170812087039005,1.9863244377080878,2.0075377155882173,0.1613442604887194,25.237865068781456,25.704404765618435,1.2545117429466224,1.9858079207920796,2.454452145214521,B0036,46,3560,03560.csv,24,1.7709235500451854,20
301,3194.39,3.474225056890293,2.699376305602087,4.184483195811819,0.20857328254680194,1.4851068902097322,1.9862809909576005,2.0083438501355793,0.16198841761457353,24.99097283085835,25.460838794232757,1.4827119021887754,1.9857202657807311,2.456601328903654,B0036,48,3562,03562.csv,24,1.7659050180801104,21
301,3225.219,3.476093760887936,2.627373237504619,4.166505229896513,0.20624049920467838,1.5391319923918942,1.9858147027956174,2.0057770721024144,0.16208013849162922,32.80125252337081,37.62543555779899,11.644269851382308,1.9857102990033226,2.461764119601329,B0036,52,3566,03566.csv,24,1.7826929241469245,22
302,3252.985,3.478693083596387,2.6486517814110364,4.181691190398081,0.20806107024751472,1.5330394089870447,1.9840774818957672,2.004156260870839,0.16151251071632208,31.56958368042232,36.14360152332376,11.228064335955231,1.985758940397351,2.4563509933774834,B0036,56,3570,03570.csv,24,1.7964662072920203,23
300,3245.25,3.4750535971066037,2.6240374089622858,4.184954917937507,0.21058121015375675,1.560917508975221,1.9825278870850223,2.0004115908491005,0.16244730134487526,30.90999308530252,35.625609247013934,11.518190288990358,1.9856733333333334,2.4573300000000002,B0036,58,3572,03572.csv,24,1.7909083533422898,24
298,3235.031,3.473958373265381,2.626618792448541,4.186460975475055,0.21090945963425872,1.5598421830265137,1.982424743717115,2.0072075263014764,0.16313714184324227,30.76520980990786,35.57170100720283,11.667322386872382,1.9855845637583898,2.455241610738255,B0036,60,3574,03574.csv,24,1.78518002808874,25
296,3228.141,3.473907031933396,2.6336670386490053,4.186163586614144,0.21066344847745774,1.5524965479651383,1.9820980837755804,2.0011835530290827,0.1634380111888261,30.827871356237775,35.70160875626844,11.760124322769357,1.9854959459459465,2.4548986486486486,B0036,62,3576,03576.csv,24,1.7811343176546524,26
294,3217.875,3.4760652075601257,2.663548100827095,4.186271381082588,0.20867149928364034,1.522723280255493,1.9821580301612136,1.9997810779112133,0.16409756336780762,31.04477819361822,35.94641088579465,11.810120541599371,1.9854034013605448,2.455482993197279,B0036,64,3578,03578.csv,24,1.7755577789223569,27
293,3220.219,3.4762696586688855,2.645759955186599,4.182325498451744,0.20961849306436595,1.5365212310105294,1.9821407736423282,2.0013538888973295,0.16430131476060067,31.495558048290054,36.334410213773005,11.665898915210125,1.9853583617747441,2.4459419795221846,B0036,68,3582,03582.csv,24,1.776885870616115,28
291,3210.234,3.4773296157781552,2.682232775431839,4.185344353963488,0.20775293238524137,1.5029661489007613,1.9819872402861454,2.002938928489475,0.1648855360119119,31.22858520243483,35.97981353599547,11.494594416995213,1.9852632302405502,2.453714776632302,B0036,70,3584,03584.csv,24,1.7713083410378214,29
290,3210.546,3.4741834201518116,2.636976729427503,4.186613141003604,0.21131158263039646,1.5496364115761008,1.9818200869731324,2.0014781325623847,0.1652139395749544,30.77808307184711,35.59540889841283,11.604830227941541,1.9852158620689657,2.4526172413793104,B0036,72,3586,03586.csv,24,1.7713348840874137,30
288,3200.969,3.4723504122251145,2.625473231549502,4.185053437368516,0.21200748123370608,1.5594863525416343,1.9817861525113654,2.0000787195640046,0.16561038406910453,30.558421734854203,35.45428075393079,11.762921264649773,1.9851208333333341,2.4496493055555555,B0036,74,3588,03588.csv,24,1.766084286640505,31
286,3188.625,3.4751627339527484,2.6876812013759497,4.184793481944206,0.20774811058962814,1.4971122805682566,1.9817252941957082,1.9998831268277344,0.1663550210629027,30.72558468538039,35.64366066127881,11.796672981529447,1.985025174825175,2.4508111888111888,B0036,76,3590,03590.csv,24,1.7592793663412327,32
285,3191.735,3.476326267904414,2.68500337747393,4.182513698980909,0.20745566105782864,1.497510321506979,1.9817660120442022,2.000169457336012,0.16666921597726514,31.23295964013785,36.101132129359335,11.746888573502755,1.9849747368421053,2.440936842105263,B0036,80,3594,03594.csv,24,1.7610368813762425,33
284,3190.313,3.475057563311369,2.6519664988321767,4.185287638546102,0.2105088325603277,1.5333211397139253,1.9816902385826145,2.00085802240166,0.1670255140188284,31.072817634800376,35.918627450147724,11.632979572785661,1.9849253521126764,2.4496232394366197,B0036,82,3596,03596.csv,24,1.760242767365706,34
282,3182.156,3.4727432532131424,2.6336440877825646,4.1849685069062055,0.21190515593255974,1.5513244191236408,1.981485223109768,2.0011850366519277,0.16753357615873826,30.6408857593701,35.53291026153138,11.702388261121769,1.9848248226950358,2.449553191489361,B0036,84,3598,03598.csv,24,1.7555899416034395,35
281,3180.156,3.472459772164966,2.627746605322606,4.186322425483099,0.21258987445996316,1.5585758201604931,1.9815563461101453,2.0031177298192384,0.16784289000889546,30.615000516436165,35.58661163053266,11.851509145769626,1.9847736654804276,2.4490711743772247,B0036,86,3600,03600.csv,24,1.7545602176655593,36
279,3171.953,3.4727100432360887,2.6356796620702037,4.184832493551693,0.2118729299661347,1.5490492795076847,1.9813008900975513,2.00104997373674,0.16839172541196773,30.62198587167864,35.60387176093939,11.862211483149544,1.9846716845878138,2.447136200716846,B0036,88,3602,03602.csv,24,1.7499108336094895,37
280,3192.172,3.4792060334218475,2.6450931525551966,4.182846104868844,0.21065883013063255,1.5374904951102732,1.9813367014782532,1.9993340625649576,0.168122910762082,32.233363947568954,37.150900989394586,11.739007218118324,1.9847242857142857,2.4451821428571425,B0036,92,3606,03606.csv,24,1.7610225525303758,38
279,3194.735,3.483370799287766,2.6704116794436663,4.185109686462477,0.2095866194885565,1.5146242679934412,1.9812253431229576,2.000008736535748,0.16839699696893767,32.95844838713035,37.80882382148786,11.644401159076132,1.9846759856630825,2.454541218637993,B0036,94,3608,03608.csv,24,1.7624094574337117,39
277,3178.75,3.481411230676488,2.6837393111584085,4.184971879756314,0.20960951937688327,1.5007003490330968,1.9811725960467894,1.9991453648649236,0.16888768693159387,32.33796562819801,36.91705917872691,10.922497752945318,1.9845696750902528,2.453913357400722,B0036,96,3610,03610.csv,24,1.7536170397120676,40
275,3165.359,3.4750001030504976,2.654784886935533,4.184935582810448,0.21137165570567534,1.5300727727789245,1.981126497626356,2.0009460733693505,0.1696087740505407,31.201004004004968,36.08766208839117,11.612675942985764,1.9844647272727276,2.4491054545454545,B0036,98,3612,03612.csv,24,1.746204477519168,41
273,3155.25,3.4729861560107773,2.650821200008131,4.184405459993748,0.21156085517137582,1.5335698426089484,1.9810182087266737,2.000441618004775,0.17047334769189398,30.844212128034435,35.833124475553674,11.81545543469148,1.9843575091575096,2.4489010989010986,B0036,100,3614,03614.csv,24,1.7406176172769725,42
274,3173.766,3.4793522768122993,2.6761945611553157,4.173893175797129,0.20626915483387637,1.4976024425497627,1.9808915610510243,1.9997650450659452,0.17005549660936753,32.19294879984907,37.01706025174733,11.602415328390656,1.98441094890511,2.446368613138686,B0036,104,3618,03618.csv,24,1.750690404425682,43
275,3199.485,3.4863598949467836,2.679442027657799,4.18216296627966,0.20773800431798156,1.5027209386218607,1.9811169585618567,2.00201926010616,0.16972284257124776,33.061467350604964,37.72356956982813,11.315833849119802,1.984466181818182,2.4506981818181814,B0036,108,3622,03622.csv,24,1.765112055153915,44
274,3196.015,3.4833864674331436,2.656640378340114,4.185045339068736,0.21024714645586007,1.5284049607286225,1.9811266494742925,2.0016102751277476,0.1699158124340852,32.35366819628823,36.98324646085538,11.13429033530246,1.984411678832117,2.4558394160583945,B0036,110,3624,03624.csv,24,1.763188826756488,45
308,3595.281,3.521360251690921,2.697143455219266,4.290021871695731,0.2314998466462357,1.592878416476465,1.9836817212075872,2.002785284914044,0.16026300085672612,34.70040609904863,39.35953919640877,11.798991346043522,1.9860220779220783,2.485834415584416,B0036,112,3626,03626.csv,24,1.9854929528970957,46
273,3198.0,3.4817614471677625,2.6612712387136295,4.182247008545814,0.2085051838079029,1.5209503403338775,1.9822350506501858,2.0023005852526374,0.17015323653927963,32.421923396380706,37.027075053721425,11.142377709919035,1.984349450549451,2.447080586080586,B0036,116,3630,03630.csv,24,1.765355730813324,47
271,3183.516,3.4797578588851743,2.6908838763824483,4.184685800633224,0.20633980262531135,1.4938019242507754,1.9820268271645947,2.001465969186636,0.17080550233428285,31.609192155405946,36.34456840908186,11.432453713367774,1.9842243542435423,2.4506125461254613,B0036,118,3632,03632.csv,24,1.7571880383127276,48
270,3183.797,3.4759650916373124,2.6365640724626367,4.184560765856749,0.2105711346821979,1.5479966933941123,1.9820222805220724,2.001496102641748,0.17102494299755938,31.31596403602263,36.1535770040422,11.585635084994191,1.9841718518518514,2.448162962962963,B0036,120,3634,03634.csv,24,1.7573770661844437,49
270,3191.516,3.4781154314639453,2.6235919177171154,4.186186804679722,0.2114540504366797,1.5625948869626067,1.9821008022150315,2.0024012820224604,0.17136815464245655,31.998588265349394,37.00649086775502,11.927923994725575,1.9841866666666663,2.4476555555555555,B0036,122,3636,03636.csv,24,1.7617376127979814,50
269,3189.985,3.4830514284703322,2.66145718134933,4.184681735978706,0.20858479131384972,1.5229991415722002,1.981813383736276,2.002520901659237,0.17153628796757053,32.98892411466723,37.85686718856992,11.633631852211941,1.9841368029739777,2.4508996282527877,B0036,124,3638,03638.csv,24,1.7606892547636663,51
268,3189.734,3.4809173250237535,2.640601067759597,4.1823560692950785,0.2104216482377297,1.5417550015354817,1.9819214923373463,2.001235039662058,0.1717345852978273,32.83558656237567,37.45005504798,10.988752357350783,1.984073880597015,2.443339552238806,B0036,128,3642,03642.csv,24,1.760669562156983,52
266,3176.016,3.478940078791892,2.6732282064652693,4.1845961576838935,0.2078920102912764,1.5113679512186242,1.981676320977873,2.0006531469147206,0.1724584054924784,31.97863874379167,36.77795934417618,11.505675197629955,1.9839563909774436,2.4481090225563906,B0036,130,3644,03644.csv,24,1.752963802649152,53
265,3171.36,3.4777534118948465,2.668754575341305,4.184643118766144,0.20828052627196875,1.5156459316773576,1.9818237973110902,2.0032893275629737,0.17299294889908376,31.7958885352369,36.644215074090106,11.62167582224549,1.9839033962264152,2.446494339622641,B0036,132,3646,03646.csv,24,1.750535708024147,54
264,3170.843,3.4766647808370212,2.658195971284472,4.184427133733743,0.20877907395536033,1.5262311624492706,1.9816263251080133,2.002146271467598,0.1729088071110082,31.804649399184477,37.138598100953445,12.239525550911846,1.9838484848484848,2.4456666666666664,B0036,134,3648,03648.csv,24,1.7500761995337284,55
263,3164.672,3.4791247798630294,2.684649370373972,4.184330747490862,0.20711520042265166,1.49950166893692,1.98151142532868,2.002911547065684,0.17352696221595604,32.18425444090601,37.11821986816654,11.811244509881753,1.9837908745247148,2.447155893536122,B0036,136,3650,03650.csv,24,1.7465957802278385,56
263,3177.453,3.4818392989655798,2.668665957651981,4.1823205235968235,0.20817577406324886,1.5136545659448424,1.9814622792671595,2.000461299971232,0.17344476045808727,33.27019350164624,38.21028860245779,11.73045918538778,1.9837946768060835,2.437851711026616,B0036,140,3654,03654.csv,24,1.753614286788707,57
262,3172.375,3.4813626313858914,2.6672344803975685,4.1847408536372885,0.20940851091320495,1.51750637323972,1.9813436819375347,2.0031635045230707,0.17366122311209356,32.91813190932092,37.5096400873081,10.966449103533677,1.983734351145038,2.4459847328244275,B0036,142,3656,03656.csv,24,1.750725029920349,58
260,3158.406,3.473301690187071,2.627654590987336,4.184091920673459,0.21193079937848797,1.5563295896309635,1.9815304164901288,2.0017017371036148,0.17457554974117717,31.48100878915281,36.38797733722857,11.626577014958695,1.9835876923076923,2.4396,B0036,144,3658,03658.csv,24,1.743305349081011,59
258,3141.578,3.4736758521826694,2.6888969070187216,4.184211671090554,0.20750245229363926,1.4952028938440178,1.9810876831465265,2.0016383842160304,0.1750714974971108,31.127100398792322,36.0550831310012,11.746551251414374,1.9834751937984494,2.441488372093023,B0036,146,3660,03660.csv,24,1.733662505277619,60
257,3138.187,3.4715154587275445,2.6648936078550007,4.1841757466144065,0.20933973058316976,1.5190970318825028,1.981234977739969,2.0017049702320833,0.17548400150373308,30.925481627228724,35.91912656959304,11.853674053977524,1.9834062256809337,2.4389727626459146,B0036,148,3662,03662.csv,24,1.7319207051538927,61
258,3157.969,3.476844269698795,2.652977190328466,4.181891771142459,0.20927948750906464,1.5289145808139928,1.9812570591809957,2.001207887684657,0.17500275757916542,32.53816915596416,37.598391918046985,12.097683799099787,1.9834984496124028,2.43341472868217,B0036,152,3666,03666.csv,24,1.7428604522751463,62
257,3159.281,3.482802133435059,2.69728379874788,4.184541597131144,0.2070109648379891,1.487257798383264,1.980916655360661,2.0007340815697723,0.17526941993224485,33.5082870689835,38.473409883226125,11.839425630048844,1.9834451361867704,2.4437431906614786,B0036,154,3668,03668.csv,24,1.743306971099712,63
256,3150.375,3.478717992363499,2.666438804228148,4.1846109764992505,0.21022429051877595,1.517862183320117,1.981005969530254,2.0010982344783113,0.17571621362082648,32.72223824057796,37.37835847467748,11.075279929347744,1.9833664062499996,2.4406171875,B0036,156,3670,03670.csv,24,1.738524506272696,64
254,3134.078,3.47116141622232,2.644225504233063,4.184012676032451,0.2114859264861034,1.5396517082289156,1.9809786114709511,2.0028092511949036,0.17646586335876546,31.339643544788586,36.32515383321495,11.773163729488449,1.9832070866141729,2.4352244094488187,B0036,158,3672,03672.csv,24,1.7295622663746972,65
253,3129.797,3.469009856426531,2.6270672485920983,4.184121216441852,0.21270709297056561,1.5567540643961788,1.981059447271351,2.002674380722973,0.17675647407735212,31.09122546658414,36.17136327433497,11.925586576809124,1.9831581027667982,2.433782608695652,B0036,160,3674,03674.csv,24,1.7273036765742085,66
255,3161.89,3.475700880273514,2.681073460503821,4.1715485738177795,0.20318196942189076,1.4904751133139587,1.9810177631821901,2.0008253955001223,0.17607902286246935,32.074525923461515,36.94271187003511,11.950081208268827,1.9832901960784313,2.4441450980392156,B0036,164,3678,03678.csv,24,1.7449370491071912,67
257,3196.859,3.4820950413929173,2.6173518629094725,4.182622974222649,0.21118375841937304,1.564906441766912,1.9810749842802888,2.0015065236323593,0.1752889454085631,33.167208512161885,37.96104323229247,11.625865183607857,1.9834319066147859,2.436392996108949,B0036,168,3682,03682.csv,24,1.7642432071133691,68
254,3171.906,3.4802443576083624,2.6882522902609858,4.184454856344911,0.2074805883465415,1.4962025660839253,1.9809975649315257,2.002256958212359,0.17641640276113865,32.14047774193924,36.73214755581345,11.102881407205139,1.983214173228346,2.4431141732283463,B0036,170,3684,03684.csv,24,1.7504882032049596,69
252,3160.8429999999935,3.473582906957752,2.639398647353621,4.184476537283623,0.21097065584242236,1.5446599666650322,1.9807582643680772,2.0017569852229236,0.17718330571008975,31.245399132402053,36.082389553135755,11.58332221928918,1.9830595238095237,2.4401230158730156,B0036,172,3686,03686.csv,24,1.7442710815479925,70
251,3147.141,3.4722242034096427,2.6623791019309224,4.184024889589791,0.20960929834069172,1.5214621792345642,1.9805282406081717,2.0013369678430784,0.17745220937945955,30.941808328244683,35.84834420893077,11.74155515540561,1.9829872509960156,2.4389840637450195,B0036,174,3688,03688.csv,24,1.7365413923373951,71
250,3141.203,3.4700774937906473,2.6561014633579925,4.184261427009467,0.21030994668807643,1.5278738369315823,1.9804746484714413,2.0049715818869926,0.1778406456028569,30.729579296950984,35.70394071930231,11.856579886713707,1.9829111999999998,2.4387760000000003,B0036,176,3690,03690.csv,24,1.733223093105756,72
250,3151.047,3.4765508294649767,2.6878503046332485,4.182041097453936,0.20730790497819093,1.4941116375472623,1.98039190119071,2.0012836292683827,0.17787871739525846,32.241219078736684,37.23120350609712,11.9965452798188,1.9829687999999999,2.430076,B0036,180,3694,03694.csv,24,1.73860622908762,73
250,3159.172,3.478023823464381,2.606635521236163,4.183342596486669,0.21338595949724026,1.5767070752505057,1.980509113557296,2.0018795801112828,0.17817401925180282,33.273484981762124,38.21827936701842,11.809163991994009,1.9829944,2.438936,B0036,182,3696,03696.csv,24,1.7432134953746192,74
248,3141.047,3.4748978056910036,2.684954312438798,4.184140679167282,0.20883028003739984,1.4990190049486927,1.9805025193431718,2.0029462861761083,0.17878422925080115,31.82186022608825,36.626274908995,11.442124957154103,1.982847580645161,2.438008064516129,B0036,184,3698,03698.csv,24,1.7332698214832971,75
247,3135.0310000000027,3.468132135397358,2.6296325002671597,4.1842480944363025,0.21277564544870084,1.554418415491464,1.9804477654001489,2.000410764991185,0.17897557286929622,30.953485299150877,36.01597323994527,11.948601714178356,1.9827578947368416,2.432878542510122,B0036,186,3700,03700.csv,24,1.7298906291663272,76
245,3117.984,3.4677152773874327,2.676552998785705,4.183757537025025,0.20987530602963458,1.5072045382393204,1.9802957447258618,2.0017891626777025,0.1799050851433332,30.594113322212998,35.64214686208444,11.917179507685823,1.9826285714285707,2.4331102040816335,B0036,188,3702,03702.csv,24,1.7204403348841348,77
245,3125.328,3.464870080840597,2.62514939238803,4.18290280302208,0.2133195284739802,1.557679642050143,1.980214273095734,2.002006842786516,0.17974644082216829,30.621050708667628,35.82141559167005,12.26557253278731,1.9826114285714282,2.420669387755102,B0036,192,3706,03706.csv,24,1.724420729012913,78
244,3120.172,3.4658543618027586,2.628502877540015,4.183818903348512,0.2134341980017984,1.555316025808497,1.9800833052331595,2.002435123952101,0.18002382271039702,30.73760557478901,35.84687241575459,12.044503898405292,1.9825393442622945,2.4296598360655732,B0036,194,3708,03708.csv,24,1.7214872814061166,79
243,3116.641,3.463489697714707,2.619866867748,4.183839437859511,0.2142485967342935,1.563972570111511,1.980268967910438,2.000876302512133,0.18036508902458945,30.475687104433288,35.6948403215532,12.279328058652613,1.9824666666666664,2.4275925925925925,B0036,196,3710,03710.csv,24,1.7197448773569262,80
242,3110.844,3.4657104202129614,2.6612878285284127,4.183940441185628,0.21136622170888203,1.5224767689114698,1.980057929657538,2.001371004807907,0.18089402312423505,30.665478038053948,35.819676472043525,12.169157116991915,1.9824157024793385,2.430888429752066,B0036,198,3712,03712.csv,24,1.7164304142145894,81
241,3101.406,3.4645909946616262,2.6699917743429817,4.184066892064025,0.21123956813550435,1.513773437979728,1.9800230190313004,2.0017748549858165,0.18107028030882052,30.48169086494209,35.629734084261784,12.121591202520225,1.982328630705394,2.429634854771784,B0036,200,3714,03714.csv,24,1.711202925329962,82
240,3099.563,3.4629772764216105,2.6688661295694205,4.181908017913433,0.21103243091645568,1.5130418883440129,1.9800140007357074,2.0016093124428225,0.18157167020169374,30.501790386236017,35.66196676336087,12.18862933341573,1.9822541666666662,2.4219125,B0036,204,3718,03718.csv,24,1.7102343231599222,83
240,3104.64,3.4616288821771044,2.6222751020303923,4.1838810012271175,0.21502118034590292,1.5616058991967252,1.9800726726918083,2.000651458121082,0.18145548847554518,30.48295279202987,35.75183992747387,12.308311754247839,1.982243333333333,2.4268875,B0036,206,3720,03720.csv,24,1.713096882151029,84
239,3099.875,3.4628964155593924,2.643376209522438,4.183938680731157,0.2136644335518549,1.5404835725491597,1.9799210298032588,2.0016604514473157,0.18181909143446456,30.592002581671938,35.77783462667514,12.11708803815445,1.9821882845188277,2.42681589958159,B0036,208,3722,03722.csv,24,1.7103708617208135,85
238,3093.25,3.4611295820153054,2.6362266436030413,4.183997413375148,0.21416990044708714,1.547536697136,1.9796449702564978,2.0021616961773727,0.1825464287142277,30.424569049276556,35.713721223369035,12.365634145396811,1.982117647058823,2.4250714285714285,B0036,210,3724,03724.csv,24,1.7064617296121434,86
237,3086.688,3.4632231738970973,2.6753943315026825,4.183680554471844,0.2114706624920288,1.5082862229691618,1.9797208473969017,2.003300958949492,0.18267222372122338,30.570652220376168,35.725860691702124,12.176816834058847,1.9820421940928266,2.4264345991561176,B0036,212,3726,03726.csv,24,1.7029429979110946,87
237,3094.281,3.4594353969848526,2.626280067476453,4.182869408506432,0.2152376889675531,1.5565632534829912,1.9798193556242383,2.000588867008761,0.1827124398229115,30.460459721443804,35.768527567848494,12.434045533451151,1.9820447257383962,2.4196793248945143,B0036,216,3730,03730.csv,24,1.7072612643840062,88
236,3088.328,3.4619323762511636,2.6699754309728454,4.18373987583806,0.21193785713835872,1.5136495413856648,1.9796708243361156,2.0009417894069323,0.18310334813653822,30.547691944309644,35.84926876193408,12.389189571522348,1.981961016949152,2.4260169491525425,B0036,218,3732,03732.csv,24,1.7038637196766078,89
236,3095.687,3.4640211108291785,2.6485692977117936,4.183750461912779,0.2130571487646167,1.5351811642009854,1.9796986341756921,2.0016782403661075,0.18288846614623122,31.189572257243857,36.56783936040424,12.542614033718682,1.9819940677966095,2.4257627118644067,B0036,220,3734,03734.csv,24,1.7079617948422274,90
236,3102.062,3.4674082899150327,2.652784779103966,4.183786894340978,0.21301765280002535,1.531002115237012,1.9795447080949824,2.000349526256562,0.18306307073811057,31.8980817857202,37.22026804863562,12.414835747421876,1.9820127118644062,2.427686440677966,B0036,222,3736,03736.csv,24,1.711302283362779,91
236,3107.141,3.467669094088933,2.61112320884266,4.183945554245884,0.21713822117705178,1.5727498375272364,1.9794620575291975,2.0000502199199452,0.18282177218804063,32.32306890954346,37.24354714231705,11.581352414995276,1.982017796610169,2.426173728813559,B0036,224,3738,03738.csv,24,1.714122057472244,92
234,3090.719,3.4590063160949422,2.6171931724123265,4.182910559206333,0.216848705411608,1.5657173867940068,1.979668515306621,2.002235017468337,0.18405174292889354,30.83436798904695,36.101954503621805,12.258254908099474,1.9818290598290595,2.417623931623931,B0036,228,3742,03742.csv,24,1.7053324925701605,93
232,3069.812,3.4580229191527696,2.6630699292303373,4.183616020558508,0.21378025297240685,1.5205460913281703,1.9792552718561545,2.0029223930258224,0.18466031075263065,30.287043848864634,35.590895284221084,12.369202604380341,1.9816629310344824,2.4223749999999997,B0036,230,3744,03744.csv,24,1.6934609472531408,94
231,3064.437,3.4563349020618155,2.659720848238619,4.1835063699815285,0.2144180680845757,1.5237855217429095,1.9792443099751138,2.001361539543119,0.18492382241139294,30.072000414523774,35.41708929698686,12.439698769730523,1.9815670995670989,2.4221385281385284,B0036,232,3746,03746.csv,24,1.6905244127230223,95
232,3083.25,3.460450149170936,2.6273527452578365,4.1862295732164165,0.2162241654144971,1.55887682795858,1.9791194191351382,2.0008765508581288,0.18434226265264786,31.093661069729663,36.542285984903515,12.799837712629994,1.981715517241379,2.4211896551724137,B0036,234,3748,03748.csv,24,1.7007774858498304,96
231,3076.484,3.463960681885895,2.679397409659904,4.183727110735532,0.21166166881932014,1.504329701075628,1.9791613878366452,2.00062745119498,0.1848954675383172,31.60762351123511,37.06815080209899,12.773630826866707,1.981641558441558,2.425398268398268,B0036,236,3750,03750.csv,24,1.6971104467944576,97
230,3081.297,3.4630674142567415,2.6638409912727004,4.182211079560967,0.2137470009819146,1.5181603510686617,1.979091763193608,2.002252540622426,0.18544542665545963,31.68782676208534,36.82684422999281,12.021521591889464,1.9815469565217387,2.4215565217391304,B0036,240,3754,03754.csv,24,1.6997924522951835,98
229,3065.953,3.456673276206162,2.638750759665419,4.183505107711148,0.2167153877999977,1.5447543480457289,1.9790766827277793,2.002183949867592,0.18573602184452043,30.64130472367544,35.92988720620677,12.26869670322025,1.981439301310043,2.4178908296943233,B0036,242,3756,03756.csv,24,1.691270477395412,99
228,3055.828,3.455027058159508,2.6521564133104056,4.183301376056718,0.21566359992390702,1.5311449627463127,1.979038060944376,2.0015266346217415,0.1862574229088104,30.35775664232519,35.781290058222865,12.572475319894288,1.9813421052631572,2.417223684210526,B0036,244,3758,03758.csv,24,1.6857127009469863,100
227,3051.468,3.4563883170293215,2.6736629264226712,4.183248853903273,0.21401796917366783,1.5095775185321827,1.9788327303856927,2.0011249665699338,0.18666387457123923,30.46760275047682,35.83938701624516,12.524953565590206,1.9812819383259905,2.4186167400881056,B0036,246,3760,03760.csv,24,1.6832093771286156,101
228,3069.0,3.4620724098422353,2.665966871855665,4.183494017304386,0.21383293234134312,1.517527145448721,1.9788745442826565,2.0009993271431443,0.18625918691999985,31.690335464880064,37.17156479403066,12.720877242225995,1.9814254385964907,2.422,B0036,248,3762,03762.csv,24,1.692886364169521,102
228,3079.235,3.466006130026554,2.6818321771597287,4.181646831165721,0.21227026004884753,1.4998146540059922,1.9787981178503085,2.0019187157474807,0.1862153058079388,32.58002111430287,37.84191340591018,12.332835886192786,1.9814289473684206,2.4207763157894737,B0036,252,3766,03766.csv,24,1.6984668174144633,103
227,3070.344,3.4601239314707923,2.6354438765341697,4.183467994187793,0.2174244389353835,1.5480241176536231,1.9788051627908367,2.0007727144601377,0.1864090590266205,31.69291039725797,36.94021929474592,12.141735547408427,1.9813136563876645,2.420506607929515,B0036,254,3768,03768.csv,24,1.6935813413828429,104
225,3051.4839999999967,3.453593464720813,2.633581331346773,4.1834014802387,0.21856795731334122,1.5498201488919272,1.978575532876541,2.0007517737509772,0.18738033234046877,30.608400390292736,35.979852438003704,12.390636663798507,1.981118222222222,2.4160399999999997,B0036,256,3770,03770.csv,24,1.6830951253781283,105
225,3054.812,3.4519795194744436,2.6164895194312585,4.18648088216282,0.22027238249293654,1.5699913627315611,1.9787606413982342,2.001600027914263,0.18749907268860436,30.399652022711006,35.91143435448471,12.718964494084272,1.9811146666666664,2.4158933333333334,B0036,258,3772,03772.csv,24,1.6850462226942986,106
224,3046.532,3.454434064432584,2.662037646915503,4.18650094380192,0.2167134218414852,1.5244632968864167,1.9785255298300461,2.002715175952081,0.1877263172649556,30.547315574796166,36.0224357923641,12.668193092913484,1.9810392857142851,2.4179419642857143,B0036,260,3774,03774.csv,24,1.6803098840017598,107
225,3071.782,3.4638257834252806,2.670589438884728,4.182814594549196,0.2148366398301947,1.512225155664468,1.9786658818521448,2.0021347290579303,0.18740614291157878,32.47851626978816,37.65075812929836,12.099567421354529,1.9811831111111107,2.419951111111111,B0036,264,3778,03778.csv,24,1.6944038437227715,108
225,3074.532,3.4669219935055278,2.668638829617292,4.183640043729965,0.21484550666748692,1.514829972290407,1.978303548943712,1.9999099102761289,0.18739662992657843,33.085111849545555,38.27191158762031,12.073685492329457,1.9812035555555552,2.423795555555556,B0036,266,3780,03780.csv,24,1.6955686127180103,109
223,3053.656,3.4626538753824714,2.6931351824491827,4.1835457131046185,0.2140198415089324,1.4903714868769775,1.9783071872539106,2.002549456337823,0.18828167847566432,32.12056072268224,37.26845925037034,11.966751789041364,1.981010762331838,2.4218968609865477,B0036,268,3782,03782.csv,24,1.6841854728350405,110
221,3031.953,3.4554390863736857,2.6913462011853904,4.183400261585032,0.2148229418682675,1.4920540603996413,1.978252788411394,2.001711879687912,0.18905338152220122,30.90915966232928,36.23919416621716,12.351429344568384,1.9808253393665152,2.4180814479638006,B0036,270,3784,03784.csv,24,1.6722180144870118,111
220,3023.5,3.453636642746737,2.6988025346836504,4.183219724741507,0.21455193401712624,1.4841812404483643,1.9782840417249774,2.001654493324268,0.18933259009160325,30.586499493516442,35.989930424393194,12.529017704194054,1.980735454545454,2.4168363636363632,B0036,272,3786,03786.csv,24,1.6675976965747183,112
220,3042.703,3.4530724754532334,2.6523436778902467,4.182242945113323,0.21729206935113934,1.5298992672230765,1.978213800283229,2.0002866611264074,0.18938983312690713,31.078305845971443,36.752805224654765,13.096848667976392,1.980764545454545,2.413300000000001,B0036,276,3790,03790.csv,24,1.6781873787039017,113
320,4424.203,3.626510481777051,2.691307184686052,4.519252349646744,0.3239464219610577,1.8279451649606924,1.9837057741381123,2.0022312748692235,0.15718015958261802,33.98757612493629,38.49714613607372,11.533109597903813,1.98647125,2.587928125,B0036,278,3792,03792.csv,24,2.4440624320786557,114
222,3066.766,3.466145279289297,2.6565288043863395,4.181498148571605,0.21717112734402233,1.5249693441852656,1.9781440584613479,2.0014196256892336,0.1887423284625496,32.26010764297862,37.31224141481378,11.827226385838191,1.9809180180180175,2.423563063063063,B0036,282,3796,03796.csv,24,1.6913403148932205,115
220,3046.125,3.4640146950069006,2.680162151919943,4.183547797387942,0.216330566727925,1.5030740304383392,1.9784600594573567,2.001357263558416,0.18955613835993296,31.42619925446257,36.59740421257035,12.06118665949635,1.9807263636363632,2.426427272727273,B0036,284,3798,03798.csv,24,1.6802787096613283,116
219,3033.625,3.4626259258314476,2.686423419926791,4.183620162153654,0.21613680830852292,1.4970362754527469,1.9781834973907695,2.0017591814515625,0.18999365693137338,31.20956154006514,36.44126696853565,12.127321336686375,1.9806438356164378,2.426059360730594,B0036,286,3800,03800.csv,24,1.673147301023026,117
218,3028.562,3.4609363258654184,2.672431142055385,4.183446864929328,0.2173591587967091,1.5110157228739434,1.97816336280146,2.0011032611231436,0.19053691574852302,31.078110221174402,36.32670051789851,12.167298192138865,1.980547706422018,2.425362385321101,B0036,288,3802,03802.csv,24,1.6704292090032429,118
217,3020.984,3.4616449511434926,2.690675565426353,4.183128389159035,0.21607818549062358,1.4923464392700505,1.9778390299632154,2.002868210918479,0.19088541436696027,31.053614094154142,36.29811998606583,12.187642518233346,1.980470967741935,2.4247419354838713,B0036,290,3804,03804.csv,24,1.6659903350115992,119
216,3017.391,3.46014320685645,2.697829479340451,4.180942847373935,0.21522580163698793,1.4831133680334845,1.9780641124929104,2.000358859987671,0.19123467525336788,31.06053283354067,36.31566540517328,12.275298989339944,1.980367592592592,2.4199953703703705,B0036,294,3808,03808.csv,24,1.664241575272447,120
216,3022.14,3.4580980197093147,2.6506127411002423,4.182939031295494,0.21983407908247266,1.5323262901952521,1.9780348126637537,2.0016029724530995,0.19135689268682593,30.97728291917627,36.31712206468977,12.3293552465971,1.9803509259259255,2.421087962962963,B0036,296,3810,03810.csv,24,1.6668450767774965,121
215,3009.016,3.459389982444422,2.690672074169337,4.183242834674278,0.21646826887472473,1.492570760504941,1.9777931454666962,2.001572594962202,0.19167902641728612,30.93918723715448,36.228571111440864,12.296649801603493,1.9802725581395342,2.423590697674418,B0036,298,3812,03812.csv,24,1.6594501560667536,122
214,3014.672,3.455631406481116,2.62722492525996,4.183686841202558,0.22231179243393961,1.5564619159425979,1.9775654046883246,2.0029223519412267,0.19207419796104408,30.926289651305336,36.35810336081934,12.44182816526293,1.980191588785046,2.4203037383177572,B0036,300,3814,03814.csv,24,1.662412523067319,123
214,3010.703,3.4549175745634897,2.6243035932050947,4.183358354217051,0.22276035932305432,1.5590547610119567,1.9777096278151205,2.0012842672903166,0.1921201616203387,30.863054927475556,36.29901438256062,12.44479076244015,1.9801719626168217,2.419196261682243,B0036,302,3816,03816.csv,24,1.66035260832257,124
214,3011.75,3.4567232383364708,2.6669662761212,4.182728484057378,0.21911821106267762,1.515762207936178,1.977833418220376,2.001199210852871,0.19223365778095702,31.038017243387284,36.42868217427085,12.454717410741093,1.9801794392523355,2.416822429906542,B0036,306,3820,03820.csv,24,1.6610231379633236,125
213,3005.734,3.4566056806279244,2.657342749492438,4.183421219857983,0.22015856010979,1.5259191590742476,1.977513435934886,2.002800542011826,0.19250480913148413,31.04050751190746,36.39664144336581,12.352141003608505,1.9800948356807504,2.4198638497652585,B0036,308,3822,03822.csv,24,1.6575187557321611,126
212,2993.75,3.457263997632369,2.6914302974482167,4.183196106021016,0.21731364320070795,1.4916821329167531,1.9773123626836613,2.0009413249047436,0.19328109858183115,30.957302786226403,36.31743524658528,12.383640756612479,1.9800066037735842,2.421948113207547,B0036,310,3824,03824.csv,24,1.6507877959674548,127
212,2998.125,3.4540018182289085,2.641029666264374,4.183209699462281,0.22193556164054357,1.542041167474582,1.9773999985000372,2.000552819210372,0.19296290119175175,30.945276932009087,36.40596657880105,12.523466256868893,1.9799877358490559,2.4182735849056605,B0036,312,3826,03826.csv,24,1.653257006211014,128
211,2990.859,3.454729708764956,2.6663067674348446,4.183138406019062,0.22002183067494985,1.5168316385842178,1.9775454272489617,2.0053749047084093,0.19368255377033622,30.888914324823496,36.28093983069052,12.422041431356082,1.9799052132701416,2.419383886255924,B0036,314,3828,03828.csv,24,1.6494214846772686,129
213,3024.453,3.4602322781016106,2.652024511951085,4.182486390609512,0.2198150778622886,1.5304314678115762,1.977556174123632,2.001066605318924,0.19255326201605827,32.321489418619095,37.95295717388789,12.875773463417286,1.9801549295774643,2.4160657276995297,B0036,318,3832,03832.csv,24,1.6678591915666705,130
213,3030.765,3.4653467037084007,2.650846498933422,4.183464386226038,0.2201671874101054,1.5326178872926155,1.9769835735935626,2.002186569861677,0.19254804747909837,33.23510488083581,38.41829396059596,11.990959046096183,1.980177464788732,2.423525821596244,B0036,320,3834,03834.csv,24,1.670862764324967,131
212,3020.813,3.4612961227490118,2.636443131108017,4.1834582213062665,0.22206114883321787,1.5470150901982493,1.9774113966642073,2.0017749202505266,0.19297029156693218,32.672384089467116,37.82488704281872,11.912965157119544,1.980048113207547,2.4223160377358495,B0036,322,3836,03836.csv,24,1.6658118164053368,132
210,2998.156,3.4568319834213184,2.6573768263158466,4.183218486473692,0.22107800293757485,1.525841660157845,1.9773199609696597,2.0007169882370412,0.19395459895412026,31.627875999689845,36.92206046060923,12.19059179067995,1.9798323809523806,2.420347619047619,B0036,324,3838,03838.csv,24,1.6532998517617,133
209,2986.766,3.454274871932744,2.661750337550587,4.183226539078387,0.22092131304405493,1.5214762015277996,1.9771073220010116,2.001325557175692,0.19443016225095094,31.234092745007935,36.61884081007243,12.431416762654191,1.9797454545454545,2.418913875598086,B0036,326,3840,03840.csv,24,1.6468787023528522,134
199,3032.328,3.459039144301172,2.6766475071440374,4.174285560234163,0.21611363128577601,1.4975411899158249,1.9761775564887945,2.001284732598154,0.19922880335444235,31.95070753872921,37.26760229905419,12.470240613890795,1.9788050251256275,2.4202060301507538,B0036,330,3844,03844.csv,24,1.6718953249703756,135
212,3047.703,3.466556169993412,2.683234032060573,4.181276067644604,0.21608136265251462,1.4980420355840312,1.9775382652377456,2.008795403935178,0.1930298220006757,32.94223311807837,38.25722659181597,12.370901800054849,1.980068867924528,2.424966981132075,B0036,334,3848,03848.csv,24,1.6807743463585727,136
211,3034.968,3.4591810827626084,2.622356052772389,4.18302191595724,0.22316178902200762,1.560665863184851,1.977527154273711,2.0031957722825595,0.1935806543960671,31.941852555671353,37.22999793294153,12.103147762309014,1.979922274881516,2.421748815165877,B0036,336,3850,03850.csv,24,1.6737717086703074,137
209,3011.7339999999967,3.4577876655294553,2.6656468752025866,4.183316981130492,0.21984306642029874,1.5176701059279054,1.9769664559960938,2.002178261848821,0.19442342452209652,31.44720711271493,36.750095375605376,12.229962724175877,1.9797330143540668,2.4210717703349283,B0036,338,3852,03852.csv,24,1.6605773762487392,138
208,3002.922,3.454417180570097,2.6416903037262225,4.183031434193402,0.22280512461440066,1.5411800436764675,1.9771854714072983,2.0011693562380435,0.19485778697893688,31.12482497372082,36.461339694064534,12.219842806694743,1.9796346153846152,2.417903846153846,B0036,340,3854,03854.csv,24,1.655987781146086,139
206,2986.718,3.4527482715790674,2.6595878021770023,4.182347238057592,0.22239046385891068,1.5226996930710532,1.9768884059107226,2.000533909313961,0.19560419903771198,30.75545169222773,36.121581178683655,12.030632863829517,1.9794524271844656,2.4160631067961162,B0036,342,3856,03856.csv,24,1.646862318389844,140
207,3006.203,3.460599249296477,2.687257575540443,4.181133837276345,0.2188614242633451,1.4938262475039168,1.9767960110088925,2.0017889891565974,0.19525127441831724,32.32491302674166,37.62901534109348,11.87776056796535,1.9796193236714972,2.4178888888888888,B0036,346,3860,03860.csv,24,1.6574621175432849,141
207,3011.609,3.463474146193779,2.6749338603361448,4.18258237874211,0.21997510461098424,1.507648518405965,1.9766590715947012,2.002031476486703,0.1955978518325153,32.9527098749988,38.17206500603514,11.7437764737676,1.9796260869565212,2.4215652173913043,B0036,348,3862,03862.csv,24,1.6603991175216894,142
205,2985.953,3.4589316936414067,2.6883490982654625,4.182469644453435,0.22005303534884346,1.4941205461879723,1.9763441035961147,2.00172153934365,0.19614978871331604,31.963338156822648,37.074417465672504,11.523657967655385,1.9793882926829265,2.419209756097561,B0036,350,3864,03864.csv,24,1.6460789092837111,143
204,2976.312999999994,3.4515443093644445,2.6341133806914536,4.182289875103196,0.2254575581318634,1.5481764944117424,1.976398819741924,2.000574694144919,0.19678756179633705,31.192560893948695,36.555960407488875,11.934073711378439,1.9792686274509799,2.4139852941176474,B0036,352,3866,03866.csv,24,1.6408366462659327,144
203,2964.75,3.451340191696518,2.6535520046660226,4.182381246517502,0.22375890105837917,1.5288292418514793,1.9763560129084317,2.0014919406194833,0.1972533333533194,31.01189616418059,36.35822055804636,12.095477982072058,1.9791655172413787,2.4143201970443346,B0036,354,3868,03868.csv,24,1.63444089202816,145
203,2969.953,3.4541105051819967,2.682065697865543,4.18080325573756,0.22031097244335315,1.4987375578720172,1.9764726236625383,2.001201969879881,0.19722903884028656,31.59342641124915,37.04815005782166,12.361243049032211,1.9792029556650241,2.412,B0036,358,3872,03872.csv,24,1.6374039186504212,146
204,2988.453,3.456542656900933,2.623022825320866,4.1824485661725594,0.22574004376823661,1.559091120165362,1.9761971299509842,2.000826197482675,0.19678500763710924,32.451352345308976,37.78142773101782,11.96456140560091,1.9793068627450974,2.4148774509803923,B0036,360,3874,03874.csv,24,1.64738207540524,147
205,3001.235,3.462836576734922,2.638877668106794,4.182854046942437,0.2223670426370147,1.5436182543257777,1.9764358998879015,2.0019806638375113,0.19617080934156947,33.70907658061942,38.98412239569435,12.228876667388924,1.979452682926829,2.417658536585366,B0036,362,3876,03876.csv,24,1.6545646441622357,148
203,2976.234,3.455642847223531,2.6345026369215763,4.182728439067422,0.22437597112956967,1.5481891235380445,1.9764723723079625,2.001594188579669,0.1972462085761278,32.3628652503866,37.65911041193654,12.070413579631378,1.9791970443349751,2.4137142857142857,B0036,364,3878,03878.csv,24,1.640896560729935,149
201,2950.39,3.453765407751183,2.6856425973144904,4.182876278594965,0.22038233953339062,1.4972336812804747,1.9762622330108464,2.0004095548319234,0.19803527551815195,31.558941182174713,36.92167189475025,12.30253203016407,1.9789751243781089,2.4141044776119402,B0036,366,3880,03880.csv,24,1.6265229979339637,150
200,2941.719,3.4500406564088526,2.68786797873656,4.180649883777921,0.2204822665104526,1.4927819050413609,1.9761878164815234,2.000900382690503,0.19871075366298743,31.135887556686384,36.59954969750561,12.497103679534138,1.9788579999999996,2.4081750000000004,B0036,370,3884,03884.csv,24,1.6217349144630455,151
200,2946.969,3.447400483446299,2.63020606842625,4.182879997125387,0.22582011200156013,1.552474096568714,1.9763905482451505,2.0016097915484665,0.19880333156747299,31.04112225235265,36.62217023847058,12.671341578562512,1.9788429999999997,2.40942,B0036,372,3886,03886.csv,24,1.6248200059639546,152
199,2936.171,3.449026045033965,2.6641914790243417,4.182616597040702,0.22305922638038922,1.51842511801636,1.9763256382870515,2.0020912722122786,0.19921093162766743,31.054879323980543,36.590898812608955,12.591761461409028,1.9787537688442205,2.4113015075376887,B0036,374,3888,03888.csv,24,1.61880119736137,153
198,2927.281,3.450376630404453,2.689303373660729,4.1825067669668625,0.22093661764734826,1.4929935085386887,1.9759798296965352,2.0014458177637215,0.20007402461090606,31.10833607101402,36.59234456560626,12.510357005928164,1.9786414141414133,2.4105404040404044,B0036,376,3890,03890.csv,24,1.6137350490334217,154
197,2924.422,3.447000121773302,2.65147651386545,4.182535478785295,0.22471790023656585,1.5310589649198447,1.9758094796920174,2.000167970309902,0.20025588001390057,30.944663670795183,36.48018480302178,12.577571985991263,1.9785340101522833,2.4114619289340102,B0036,378,3892,03892.csv,24,1.612012823654141,155
203,3023.859,3.4669760884346075,2.6896892125914618,4.1690491680104165,0.21071238140779167,1.4792371337456305,1.9763325577592548,2.003950808278935,0.1973258940200016,32.6791979812127,38.23567263982747,12.709715501358549,1.9792029556650246,2.4212758620689656,B0036,382,3896,03896.csv,24,1.6671032556887178,156
205,3056.172,3.4736386683731344,2.6628469651561684,4.181271830692525,0.21689891613592036,1.5184142789808233,1.9764828677632524,2.0015010947067746,0.19633577654798728,33.03296653786076,37.930952706812825,11.445935761196022,1.9793834146341458,2.4313414634146344,B0036,386,3900,03900.csv,24,1.6850133383886254,157
204,3045.078,3.467958204671299,2.626900680068646,4.1830606408887965,0.22018929080048047,1.5558895444130103,1.9762113672371753,1.9999016673464969,0.196550778646257,32.14080730031082,37.19257582780181,11.74408254608828,1.9792558823529407,2.4294460784313725,B0036,388,3902,03902.csv,24,1.6786654987614698,158
203,3034.25,3.4632760700749996,2.6081515730092875,4.182456210343196,0.221696664084082,1.574304637333909,1.9764506704962272,2.000618099416812,0.19739507707977827,31.54659714469647,36.76201438343683,12.02847716312355,1.9791458128078814,2.42556157635468,B0036,390,3904,03904.csv,24,1.6729763502191373,159
202,3022.609,3.4628276335315356,2.6357331981420877,4.182764774519028,0.21964348922267907,1.5470315763769404,1.976336702286546,2.003239061725877,0.19774687260217322,31.32211217550974,36.54833629882202,12.088368335279913,1.9790396039603952,2.4255990099009903,B0036,392,3906,03906.csv,24,1.666489034299654,160
202,3028.828,3.4646012546935614,2.629018498984386,4.183320176415955,0.21954685837906868,1.5540083998643035,1.976177626775224,2.002639753916218,0.197922966623516,31.944476209251814,37.37954300419149,12.540545857038651,1.9790623762376236,2.4257425742574257,B0036,394,3908,03908.csv,24,1.6698420840710908,161
202,3037.875,3.4679372219489957,2.6266603184816235,4.180963257164536,0.2197618206405605,1.5543029386829126,1.9760041905736137,2.003823480038933,0.19783139441486786,32.95970790517297,38.17965570439169,12.089364868554036,1.9790910891089106,2.423618811881188,B0036,398,3912,03912.csv,24,1.6746744228027035,162
200,3023.187,3.462497796397771,2.602450788874241,4.182710427278442,0.22343995983932058,1.5802397080291635,1.975873938296025,2.0015896507781563,0.19880935388044105,31.94954978552722,37.06880928199277,11.701887140021647,1.9788789999999998,2.42043,B0036,400,3914,03914.csv,24,1.6665045335145643,163
199,2996.922,3.4597555835668237,2.662872873818505,4.182466447324255,0.21841796432569036,1.51959357350575,1.976044015388604,2.0013924851522065,0.19910638896845156,31.016509562928245,36.3207199175235,12.218162300084842,1.978751758793969,2.419316582914573,B0036,402,3916,03916.csv,24,1.652222084834727,164
198,2986.469,3.4575027462160053,2.6641259048235493,4.182351343336321,0.21857821910459638,1.5182254385127716,1.9757551706068877,2.00099190176043,0.1997843425461449,30.717850318637232,36.10688426616758,12.394161269784064,1.978645454545454,2.417919191919192,B0036,404,3918,03918.csv,24,1.6462718275099526,165
197,2979.219,3.4593887120996203,2.6980994427054057,4.182757605057146,0.21569743182908152,1.484655302708477,1.9758263113357128,2.0008556099009356,0.20032403432492168,30.879779806825745,36.31248307899438,12.567630693586342,1.9785583756345173,2.419187817258883,B0036,406,3920,03920.csv,24,1.642399234692521,166
198,2995.047,3.459697403340653,2.649240292513478,4.180861110367055,0.21935537640477606,1.531620817853577,1.9759776263748132,2.0021284907747647,0.19966295855977925,31.650221324336044,37.07549861586275,12.482432281371025,1.978667676767676,2.4152828282828285,B0036,410,3924,03924.csv,24,1.651178607099992,167
197,2989.828,3.464129590458387,2.691344905562854,4.182794520703595,0.2164303247179339,1.4914496151407413,1.9757190023217348,2.000822145661288,0.20008845660346672,32.06625589927076,37.414877687125575,12.32806062586775,1.9785705583756341,2.418918781725888,B0036,412,3926,03926.csv,24,1.6481683120281931,168
197,2989.391,3.460169463632063,2.6312837349184783,4.182556061512275,0.22231611723941622,1.5512723265937969,1.9757064745971158,2.0017549416670004,0.20049347878300136,31.895952062496796,37.09639528593206,11.897233589694231,1.9785634517766495,2.4155736040609135,B0036,414,3928,03928.csv,24,1.6478887725428395,169
195,2967.2810000000027,3.4561756716228116,2.6584363442335084,4.182810830291452,0.22040419568213576,1.524374486057944,1.9757629054586396,2.000542886554803,0.2012249453306708,30.985495506316067,36.36605166703309,12.301722284726651,1.9783323076923072,2.414646153846154,B0036,416,3930,03930.csv,24,1.635843650915682,170
195,2962.609,3.452053305545746,2.6231998193879877,4.182635286848819,0.22353050988476272,1.559435467460831,1.9757208321303017,2.0019331296363676,0.20114661077691476,30.72140290899611,36.234238027710575,12.542023736869943,1.978335384615384,2.410282051282051,B0036,418,3932,03932.csv,24,1.6332362811945516,171
194,2957.016,3.4498706612134633,2.633671931011382,4.180865480888278,0.2227940794857058,1.5471935498768965,1.9753838232885894,2.000836252082105,0.20158021926107364,30.525764579406868,36.13330283566238,12.733817702031597,1.9782226804123708,2.4063556701030926,B0036,422,3936,03936.csv,24,1.629926467682987,172
195,2973.281,3.4562888987795763,2.613160298710749,4.182371604193263,0.2240191225314323,1.5691178227164668,1.9753747226034408,2.0005565957229483,0.20122861549672372,31.861104818689885,37.40631592104371,12.611409076626405,1.9783651282051278,2.4103179487179482,B0036,424,3938,03938.csv,24,1.6387862629287224,173
194,2968.016,3.4606240664312637,2.664776371262019,4.182870580087216,0.21982320701898808,1.5180942088251967,1.9753588071492805,2.001606404211715,0.20176681115364067,32.31201872670814,37.77076533558071,12.419961942376762,1.9782804123711337,2.4127010309278347,B0036,426,3940,03940.csv,24,1.6359654863840771,174
193,2959.281,3.456019242182233,2.632939371611515,4.1827611176443975,0.2238039584463121,1.5498217460328827,1.975257971644178,1.999731674892746,0.20222966114147659,31.79301024802491,37.14813436098321,12.124369533550496,1.9781326424870462,2.408901554404145,B0036,428,3942,03942.csv,24,1.631137043967566,175
192,2942.797000000006,3.450712115143618,2.6282834158429433,4.182395237195288,0.22456291584673035,1.5541118213523446,1.9752191259041325,2.0012097377908966,0.2029175284274215,31.01748043918613,36.53239990681521,12.482584886726237,1.9780093749999998,2.4066718750000002,B0036,430,3944,03944.csv,24,1.6220189720888465,176
194,2978.89,3.457628617948717,2.6382695335398956,4.174632559195338,0.22079205441617025,1.5363630256554424,1.974872083562542,1.9999922943569637,0.20172845736417463,32.52627247756125,37.81511547301817,12.210048580994084,1.978282474226804,2.406396907216495,B0036,434,3948,03948.csv,24,1.6416044978422155,177
192,2948.891,3.453055943057908,2.666855394758346,4.180584396863127,0.22055104367711992,1.513729002104781,1.9750892690302662,2.00062580916902,0.20275264720755126,30.971239918679984,36.404593910301536,12.443295139990443,1.978007291666666,2.404578125,B0036,438,3952,03952.csv,24,1.6253090231457803,178
191,2938.547,3.450668341610227,2.645771603606621,4.182361662503121,0.22291140709285817,1.5364862764359724,1.9750429933939881,2.0014979554620873,0.20326241166481698,30.76463270446893,36.31178502135717,12.612599045942734,1.9778963350785332,2.4046963350785338,B0036,440,3954,03954.csv,24,1.6196134522239485,179
190,2925.484,3.450902810317066,2.6749192828697232,4.1825612222864805,0.2208731954949112,1.5076419394167573,1.9749799926549043,2.000194014400567,0.20386635155408256,30.660177115279623,36.180551238597374,12.584439227309097,1.9777915789473677,2.4059684210526315,B0036,442,3956,03956.csv,24,1.6124236174774371,180
189,2917.297,3.4500594839606094,2.6772635289500464,4.18253016588314,0.22106585657649452,1.5052666369330936,1.97477870534949,2.001710053938121,0.20465564734741504,30.586674094126863,36.10348020899565,12.564617135487794,1.9776708994708987,2.405306878306878,B0036,444,3958,03958.csv,24,1.6077701029913394,181
189,2918.938,3.449110812692783,2.651409246777448,4.1821683496152,0.2233862479303938,1.5307591028377519,1.9749290488260167,2.001450125981973,0.20459266880853255,30.83253477381729,36.39815845242427,12.619768162960177,1.977667724867724,2.40426455026455,B0036,446,3960,03960.csv,24,1.6088077531981582,182
188,2918.25,3.4458169090139847,2.6359845840555653,4.180085195716553,0.22481643940189633,1.544057994086896,1.9747449903353,2.0003216371109183,0.20477823811405596,30.68860522383244,36.348677496156625,12.806330434019927,1.9775659574468079,2.3968244680851063,B0036,450,3964,03964.csv,24,1.6083556258734268,183
188,2915.4839999999967,3.4453799620249113,2.6203632515294,4.18247008024948,0.22691200622276375,1.56210682872008,1.9747270429184278,2.000496172241536,0.2048104284230087,30.620490468656016,36.30340414585353,12.784617632941774,1.9775553191489355,2.4003085106382978,B0036,452,3966,03966.csv,24,1.606820251901154,184
187,2906.015,3.445133112798374,2.6353503124760125,4.182402126830995,0.22598774873953206,1.5469657073079932,1.9748519715505966,2.000440096213439,0.20548541028158532,30.598226708173872,36.26566178605087,12.786776932788392,1.9774406417112291,2.4012673796791444,B0036,454,3968,03968.csv,24,1.601770977206713,185
186,2894.14,3.4458558996634645,2.665160202735034,4.182271283338991,0.22356219309669184,1.5171110806039567,1.9743987343803497,2.0023852081074316,0.2059350007806618,30.522404975221356,36.17313667131571,12.776513031539281,1.9773204301075264,2.402236559139785,B0036,456,3970,03970.csv,24,1.594911734692208,186
185,2892.031,3.4444897117952333,2.6439462094074133,4.182247103438741,0.22573879717162304,1.538300894031328,1.9743953769070435,2.000686110880547,0.20660174499782671,30.572012594415884,36.20038317528244,12.70322442887058,1.9771999999999996,2.4001729729729733,B0036,458,3972,03972.csv,24,1.5938139125387372,187
185,2888.719,3.4452529094036595,2.680823910703161,4.182668785784587,0.22291638795713103,1.5018448750814262,1.9745565504466334,2.001943170893987,0.2065228461140504,30.525594309542488,36.12974352283867,12.745235679217785,1.9772032432432427,2.3969675675675672,B0036,462,3976,03976.csv,24,1.5920273129504596,188
184,2875.641,3.4433682977623126,2.6584332895177942,4.182325389472558,0.22506718440056847,1.5238920999547636,1.9743485288471663,2.000646231962556,0.20720655690018258,30.460152624234137,36.15128962766672,12.81739802093054,1.9770891304347824,2.3988206521739133,B0036,464,3978,03978.csv,24,1.5847361549778751,189
183,2860.7810000000027,3.444044633354944,2.6858136443865597,4.181890851070748,0.2227649420177643,1.4959059686848404,1.9740794817151763,2.0006735329251524,0.20766168636888857,30.42634729502671,36.06503580876304,12.747372042722994,1.9769672131147533,2.399469945355191,B0036,466,3980,03980.csv,24,1.5763429363936798,190
182,2852.844,3.4436657042772842,2.686590802386354,4.1819812339971225,0.22288844568349384,1.4953904316107685,1.9739791964844613,2.0000797727236295,0.20837554427294896,30.477932880980596,36.12802521407918,12.77391945793105,1.976848351648351,2.399137362637363,B0036,468,3982,03982.csv,24,1.5720229174642286,191
182,2854.64,3.4414697554582165,2.656968060548768,4.182031710997783,0.22574515653050697,1.5250636504490145,1.9739892815959978,2.00109190486848,0.20820397145769168,30.47370962894708,36.26774799217623,12.987694039505293,1.9768494505494498,2.3972747252747255,B0036,470,3984,03984.csv,24,1.5729874285512353,192
184,2897.844,3.4563046908197936,2.676038889381632,4.1803143719336,0.22272757650615718,1.5042754825519675,1.9743635806531246,2.0025068680909213,0.20694857770854558,33.14386747805384,38.43630283495838,12.045829577205012,1.9771630434782606,2.4017336956521738,B0036,474,3988,03988.csv,24,1.596985400389019,193
184,2896.063,3.452089547010762,2.6188084347235887,4.182098322143219,0.2282094096382682,1.563213258111436,1.9739686530082488,2.0019322952392344,0.20710200104847554,32.934539010545976,38.52063845392343,12.490289868048649,1.977144565217391,2.4006847826086957,B0036,476,3990,03990.csv,24,1.595726023703856,194
182,2866.234,3.4477573593842226,2.645949573946669,4.182097383940862,0.22696889554935146,1.5361478099941928,1.9740791048008228,1.999949850664628,0.20831896293044008,31.954024468442526,37.489412293667954,12.427982581679952,1.9768802197802193,2.3987967032967035,B0036,478,3992,03992.csv,24,1.579500338340559,195
180,2836.609,3.4451953986146564,2.6883439532038187,4.181667072254369,0.2234982956707496,1.4932916372902723,1.9736801463901485,2.000910525563825,0.2092928810435343,31.19189073934152,36.78751789975617,12.612652767500954,1.9766299999999994,2.397827777777778,B0036,480,3994,03994.csv,24,1.5629469877520186,196
179,2829.516,3.4432584336378476,2.67894320816739,4.182118777318184,0.22483681792875135,1.5031755691507942,1.9737323749924904,2.0009899510970475,0.21001887799328436,30.99297651094941,36.62637340717898,12.694474825142148,1.9764815642458096,2.3963296089385477,B0036,482,3996,03996.csv,24,1.5591129431541175,197
104,982.938,2.883239659655731,2.1981645845929387,4.053116638334503,0.27146813750790943,1.854952053741564,3.952127452371893,4.035077323306341,0.5555387706574638,38.8265055747093,51.69377810006099,26.647949221401493,3.9240615384615376,0.9347211538461537,B0038,0,2291,02291.csv,24,0.8980573709676724,1
156,1489.953,3.171331675099785,2.173538006790758,4.1851064801192095,0.39146555138677125,0.44586959816613225,2.99722690705762,4.032209213478597,1.763153005343104,40.49651673815248,51.136880141242045,24.94038695044267,2.975197435897436,0.7986346153846154,B0038,4,2295,02295.csv,24,1.1026236331914077,2
154,1479.703,3.1803732612872655,2.191128315273502,4.18694152805074,0.3929149788544346,0.4412831753611499,2.957884019744667,4.0325975109048535,1.7847327131649924,40.3082686076966,51.3517572303697,26.124055729982697,2.935907792207792,0.7890064935064935,B0038,6,2297,02297.csv,24,1.0885801879473431,3
152,1468.172,3.2014600077361552,2.174928379064222,4.187310082648276,0.3945157941745048,0.43244318643906077,2.890891500138237,4.0324499487623875,1.8186318442967142,39.93347404849829,49.541551118224994,23.901438343269522,2.8692526315789473,0.7749934210526316,B0038,8,2299,02299.csv,24,1.0613249847591086,4
150,1457.0,3.201114659808254,2.1623047751632316,4.185977695675653,0.4018660352599157,0.42904465746362597,2.875691989787786,4.032706809614358,1.8260004298249077,39.949996492029705,49.94400434434952,24.19165511549802,2.8541640000000004,0.7693466666666667,B0038,10,2301,02301.csv,24,1.0347062057983545,5
146,1437.047,3.1928056969575156,2.1523889970129018,4.187105297284753,0.4075631617738768,0.42954190556708705,2.899480377067548,4.0346441626746445,1.8153665219019093,40.03056196708513,50.47284162905345,24.531106509544724,2.877546575342466,0.765582191780822,B0038,12,2303,02303.csv,24,1.0269978594353013,6
119,1170.531,3.0561380160526412,2.1947161370182617,4.18045914385637,0.31824732912991427,0.48861105174271735,3.65723892716497,4.031721347243717,1.1703474902694635,39.44913263410249,49.83589725328242,24.252419926828694,3.631203361344538,0.9725210084033615,B0038,16,2307,02307.csv,24,1.078501971098942,7
144,1436.141,3.1814505445090466,2.1463956973341785,4.183492564102866,0.3953127388544161,0.4339189286422491,2.967468445105371,4.032751905126723,1.7802468524990138,40.058567746287395,50.058224679961086,24.538457214778898,2.9453,0.7846597222222224,B0038,20,2311,02311.csv,24,1.0638897478802845,8
143,1420.172,3.192741049083457,2.1983669967426582,4.186120317256443,0.3944328608526779,0.43039258599747976,2.9319888511060146,4.0320532789938826,1.7987300203627612,39.916070861462195,49.70254627455938,24.101793513718633,2.909937062937064,0.7836643356643356,B0038,22,2313,02313.csv,24,1.0366551223324425,9
140,1397.0,3.167665290347624,2.1858064268526136,4.185843165124554,0.4022001339191302,0.43350242954785534,2.994495446145827,4.032203977721678,1.7657670551808573,40.27645391572808,51.354295522888854,25.050809779183304,2.97228,0.7847428571428571,B0038,24,2315,02315.csv,24,1.030941327482094,10
139,1393.25,3.1781927267469925,2.151862863027953,4.185966509890458,0.4053551503893067,0.43005518444776003,2.9580193436340854,4.031826212038417,1.7853447679375918,40.17546694300759,50.44246795838984,24.598691982771005,2.936094964028777,0.7788201438848921,B0038,26,2317,02317.csv,24,1.0140084541034655,11
137,1380.938,3.1613474600189155,2.164578187429903,4.186351056855524,0.40809281508734946,0.4337227974785094,3.001260117107958,4.031995207198451,1.7618279238863486,40.41336717515726,51.33205933952721,25.06669291235418,2.9789562043795623,0.7824233576642337,B0038,28,2319,02319.csv,24,1.008516095994519,12
636,6375.828,3.608926624109929,2.180206803089782,4.177730241404494,0.2664204161005442,1.633584168510445,1.0022813853258807,1.012296953255635,0.06892275998807161,44.29688064198706,49.52801806570102,20.44823149740035,0.9941336477987421,3.1320251572327042,B0038,32,2323,02323.csv,44,1.7419245088095905,13
653,6574.671,3.6118191487524745,2.1921466685430167,4.186620638463225,0.27276800455024963,1.4312414378030858,0.985523491989515,1.013910723004294,0.14554206938403905,47.195451017988766,49.28701938671706,3.836766716527009,0.977281776416539,3.0928836140888203,B0038,36,2327,02327.csv,44,1.779741859708433,14
650,6571.156000000003,3.614149636005495,2.16658130125341,4.188933311711306,0.27106777480632144,1.4458219261425618,0.9870171236405828,1.0102287651459148,0.14075809892083127,47.146072926598166,49.17905905171433,3.758519652656986,0.9786603076923076,3.1027246153846155,B0038,38,2329,02329.csv,44,1.7815666306452766,15
646,6569.11,3.6144683724527336,2.1366453580856253,4.189402399305119,0.27063855844700857,1.4599510941041771,0.9884125593394552,1.010971995271496,0.13568592933924226,47.127641701986995,49.180910484252195,3.810237482018458,0.980059442724458,3.105922600619195,B0038,40,2331,02331.csv,44,1.7834859577156017,16
642,6558.75,3.6165883435722845,2.1909799678189845,4.189825570933335,0.26325490575812305,1.4422627193775504,0.9883523609236716,1.0107718854484014,0.1360629380348572,47.09918641441624,49.05688408240341,3.7220008690144937,0.9800610591900312,3.107702492211838,B0038,42,2333,02333.csv,44,1.7864411650415677,17
639,6567.516,3.6160610851845387,2.166402675362294,4.191065310739852,0.2653801190050024,1.450296713627485,0.9884509077751611,1.010981301037933,0.13642571539881088,47.133209565495285,49.13032050804125,3.75881938445103,0.9800488262910797,3.1056541471048513,B0038,44,2335,02335.csv,44,1.7859997608067948,18
624,6430.172,3.6257089708628913,2.145739105715045,4.18123625379194,0.24244948069239203,2.0352631781119883,1.003966417823918,1.011456158958353,0.056840693623248006,47.15436113022586,49.23198595690627,3.854071330198991,0.9955987179487178,3.146701923076923,B0038,48,2339,02339.csv,44,1.7769523773001608,19
632,6554.327999999994,3.613285312724596,2.139096537674337,4.185716420658905,0.26650862300631023,1.4540184753790064,0.9879674131883375,1.0106507915352578,0.13720339497202227,47.16342394557887,49.16417337699806,3.7734356440234578,0.9796651898734176,3.0994731012658225,B0038,52,2343,02343.csv,44,1.781428917321899,20
630,6560.922,3.615119723068455,2.1550256706410824,4.189329902417763,0.26445819939996773,1.4508724734796865,0.9878904726854575,1.0102198577009358,0.13737058764579832,47.14213994735863,49.04035070342245,3.6070945235492147,0.9795901587301585,3.1067285714285715,B0038,54,2345,02345.csv,44,1.7859452772697195,21
627,6559.047,3.6158365688729885,2.1776344857025127,4.189967846272303,0.2622689797009199,1.4434641400231185,0.9878187430421663,1.011735169153586,0.13769357570092997,47.07812277465954,48.97912041843542,3.639408896713384,0.9794912280701752,3.107430622009569,B0038,56,2347,02347.csv,44,1.785208429691551,22
624,6553.781,3.615503145763947,2.1804158381574807,4.18974503175606,0.2618878639256431,1.442059663376753,0.9877368963424067,1.010295900186465,0.13807510191006442,47.07326100880017,48.978872169562095,3.65952768089479,0.9794108974358974,3.1065881410256413,B0038,58,2349,02349.csv,44,1.783596609584544,23
620,6540.187,3.6139392243174577,2.107500672331327,4.188353739927258,0.2663090638476672,1.4685301238927853,0.9892953816503839,1.0110939875613183,0.13278379084019798,47.08146790123274,49.04045996790738,3.721452616395389,0.9808887096774193,3.1083032258064516,B0038,60,2351,02351.csv,44,1.7796783152744713,24
616,6535.922,3.61791112455575,2.1931517470679913,4.1880636486598535,0.2557858078978426,1.4504543107749677,0.9906537351245918,1.0105864257560286,0.1269470965566838,47.087615537529175,48.958853345028835,3.6382014129507,0.9823850649350648,3.109939935064935,B0038,64,2355,02355.csv,44,1.7841102592788645,25
615,6544.078,3.615792342161085,2.1577326042974923,4.18971330698209,0.2612087400255614,1.4535839362201899,0.989093271752985,1.010810008103469,0.13311955253445096,47.09422579980021,49.017772603097235,3.646376974020484,0.9807326829268291,3.11020650406504,B0038,66,2357,02357.csv,44,1.7833032331592191,26
611,6531.187,3.6151540820598718,2.1621899189117855,4.188131880621521,0.26060594239995866,1.449103524785727,0.9890153352338132,1.011662328995332,0.13369002572915806,47.083185115341905,48.99249018111872,3.646417990490569,0.9806284779050737,3.1076448445171847,B0038,68,2359,02359.csv,44,1.7796186141356956,27
608,6528.562,3.616195897791124,2.199945094089768,4.188924695577913,0.25757546423635996,1.438105261162824,0.9888803362572581,1.0098072976535653,0.13400222151989313,47.06402084308688,48.94618497316047,3.6130790439874403,0.9805427631578947,3.107743421052632,B0038,70,2361,02361.csv,44,1.7816592334352586,28
605,6525.187,3.6135506508279374,2.1302151249881103,4.187542870745614,0.26346374100639763,1.4556647531755833,0.9888411357420203,1.0104773124547506,0.13429646815237853,47.07142767555465,49.0209427982368,3.6914837768226008,0.980457520661157,3.105046280991736,B0038,72,2363,02363.csv,44,1.7775911304124037,29
602,6515.938,3.615401963428833,2.164304791761506,4.1857951584704445,0.2576471606229655,1.450670548515114,0.990311695204241,1.0109802413886324,0.12833190597493865,47.094941474493815,49.014180829264426,3.6690303557601354,0.9820252491694351,3.1044584717607973,B0038,76,2367,02367.csv,44,1.777701881971679,30
601,6532.015,3.6125287354843523,2.103101288221301,4.187443417451479,0.26555233247950444,1.4606228338243747,0.9886847879265132,1.0098115227107507,0.13469285347173654,47.0995133510692,49.08755174393166,3.7259533392912942,0.9803347753743761,3.103495840266223,B0038,78,2369,02369.csv,44,1.7789547618270618,31
598,6527.922,3.6160020417093457,2.1449886066523933,4.1900372622396045,0.2597580240634279,1.4601036779885121,0.9902725483840611,1.0118882343579725,0.1287556340669794,47.07452189489319,49.000307836809725,3.6749680452043947,0.9819020066889629,3.112001672240803,B0038,80,2371,02371.csv,44,1.7807753731135043,32
595,6519.328,3.6145930156040587,2.1205293855533207,4.188861157517333,0.2618570479596698,1.4675423702793648,0.9902807469221099,1.0109780766463656,0.128995216768698,47.12153419194554,49.05042538685695,3.6853037395463133,0.9819862184873949,3.109178151260504,B0038,82,2373,02373.csv,44,1.778415319026661,33
592,6510.063,3.616664144234103,2.1339834463152427,4.190060028748116,0.2585332615912423,1.4740184718095635,0.9919115001416685,1.0107722282787006,0.12297493415898729,47.15829653400459,49.08198729235301,3.663298180043462,0.9836175675675676,3.1138885135135137,B0038,84,2375,02375.csv,44,1.7789773899108463,34
589,6501.718,3.616763225911199,2.1093887147366805,4.187583021759709,0.2574341236399855,1.489970978482079,0.9933993302020114,1.0108021856673532,0.11634346593636109,47.161612217353984,49.132796873113755,3.7250477821956878,0.985132427843803,3.110220713073005,B0038,88,2379,02379.csv,44,1.7792479347236043,35
587,6509.047,3.6149940792944446,2.098244904990502,4.1891099360693005,0.26120700431715,1.4808761730948015,0.9915864068538185,1.010302645629404,0.12351252365974966,47.155567707969865,49.13552693190528,3.7186358047245776,0.9833516183986372,3.113081771720613,B0038,90,2381,02381.csv,44,1.777920457368508,36
584,6502.438,3.6159145027179576,2.1367946107881166,4.18915400521565,0.2579609710712902,1.4689759901375994,0.9915566919647096,1.0140415606547912,0.1238402683262109,47.13225621283967,49.04172173314357,3.668687350788275,0.9832489726027397,3.113371575342466,B0038,92,2383,02383.csv,44,1.779227040224144,37
582,6502.047,3.6146610547862235,2.103206542363035,4.188887533318818,0.260909626913657,1.4794320134928678,0.9916693008676862,1.0115553715036771,0.12397587474344095,47.13346886842004,49.09468753497383,3.6955939126999766,0.9833580756013746,3.111353951890034,B0038,94,2385,02385.csv,44,1.7760634320079352,38
579,6498.86,3.6150827947076762,2.1895312972615004,4.187944942179681,0.25635423939385604,1.4425561411106411,0.9899211411709551,1.012686564574278,0.13096520260558087,47.176385542899524,49.057064718364046,3.659250868168712,0.9815561312607946,3.104245250431779,B0038,96,2387,02387.csv,44,1.775103937963957,39
281,3162.047,3.4389023365216986,2.1594623220347016,4.182064571336064,0.2432686712350413,2.0226022493013627,1.998396970742944,2.0155210780038173,0.16931968968156866,50.154407994251926,54.42193934195762,9.087402851570609,1.9838227758007114,2.461750889679715,B0038,100,2391,02391.csv,44,1.733064100138742,40
281,3173.141,3.437169559941295,2.023065783993831,4.186725946685351,0.2535131328346398,2.163427681183902,1.9984105082586832,2.0179602336684033,0.16937805856057,50.1979427615177,54.61602412701822,9.249992085495798,1.9838249110320283,2.4591459074733097,B0038,104,2395,02395.csv,44,1.7394892806215223,41
280,3169.844,3.4370308930893247,2.0028176202456365,4.189706586585002,0.25550569337229756,2.1868889663393656,1.9986993566870939,2.016707594147861,0.1697616822479329,50.18895736512512,54.621843575697525,9.219969584649597,1.9837342857142857,2.4673678571428574,B0038,106,2397,02397.csv,44,1.7378064360392924,42
278,3156.563,3.437230626486004,2.061244397117138,4.188139594837195,0.2513685673717057,2.126895197720057,1.9982781324264294,2.017081976460273,0.170170404601127,50.178407502665095,54.57283441287881,9.21197496222878,1.983627338129496,2.4669424460431655,B0038,108,2399,02399.csv,44,1.730028145799833,43
277,3155.047,3.4363115548278413,2.030738155835073,4.189030830558383,0.2538293585779216,2.1582926747233095,1.9983559715990522,2.0158658223081836,0.17055484431617166,50.182509844874,54.65884815489962,9.279097545376537,1.9835696750902523,2.4670216606498196,B0038,110,2401,02401.csv,44,1.7290404566542985,44
275,3142.312,3.4394075704239655,2.1901431826977382,4.189306425000166,0.24381942086518602,1.9988258355314419,1.998333813768599,2.0167581638360677,0.17103678264820057,50.173666427799,54.51993729622157,9.150483133923672,1.9834749090909092,2.4691563636363636,B0038,112,2403,02403.csv,44,1.7286072907068817,45
129,1485.047,3.0455602167949416,2.11587711023423,4.17467236177005,0.27686879260817304,2.0587952515358197,3.967012008013358,4.032121081634592,0.4995907205261105,58.41948951650429,69.28796559754325,23.90903290132445,3.93897519379845,1.0716356589147287,B0038,116,2407,02407.csv,44,1.52573884649634,46
129,1489.313,3.0241360171924403,2.052769819032336,4.186501078488458,0.2792511767316262,2.1337312594561224,3.9673854309358183,4.032714355951809,0.49954736050300996,58.954810986890266,69.86974573152932,24.456620259001213,3.9389782945736433,1.0609457364341084,B0038,120,2411,02411.csv,44,1.5301475534434217,47
104,982.938,3.3780267772090253,2.4897962179516666,4.078325990995359,0.5407773400015593,0.2183582984779946,1.721873697269778,3.9816536301725503,1.9789410010354245,34.70141183965182,41.68577610887712,17.061696129295782,1.7295807692307692,0.3522596153846154,B0039,0,1109,01109.csv,24,0.1190383185934176,1
156,1489.953,3.5388339739777925,2.4756646285889476,4.201433690744269,0.5074733563346525,0.28328116287074856,1.377883039884962,3.9797908406119102,1.8969388188878327,34.602296282226774,42.96184230643531,17.0587343318409,1.383707692307692,0.3095,B0039,4,1113,01113.csv,24,0.4729861500927512,2
154,1479.703,3.5283987355327224,2.497942856856816,4.202601079177913,0.5149257221894764,0.2860760816130017,1.3957044211986636,3.979067055149875,1.9027184940397268,34.706915531211784,43.606076550083,18.68136116296732,1.4016753246753244,0.3083831168831169,B0039,6,1115,01115.csv,24,0.1628079382920206,3
152,1468.172,3.523734020299432,2.480114715641411,4.20285727861485,0.5162968310971816,0.2874932977229583,1.4141865198152141,3.9790518292907846,1.908604602711483,34.771517765327,43.90627471664096,18.50329919689953,1.420115789473684,0.3139868421052632,B0039,8,1117,01117.csv,24,0.4787632853388766,4
150,1457.0,3.5290210250014034,2.4872303300157066,4.203125866428561,0.5151874316102146,0.2852847037132711,1.406337937934001,3.9782527352191823,1.9062491810204543,34.709560141583104,44.013774813837145,18.52211238959115,1.4124066666666664,0.3145533333333334,B0039,10,1119,01119.csv,24,0.4711383364607152,5
146,1437.047,3.528853302126734,2.489183697067473,4.203130606417118,0.5140949777695465,0.284785132223619,1.4176566556276204,3.9809499540372766,1.9099434998159188,34.65890294500357,42.922031048645835,17.252068143958468,1.4237383561643833,0.31867808219178084,B0039,12,1121,01121.csv,24,0.4668172561120673,6
119,1170.531,3.4540436783572668,2.498492440398465,4.199225453541231,0.5248802482397517,0.28217940100368955,1.705473881331845,3.978769669734932,1.975341653368674,35.44499437757343,43.24542727979999,17.886738459456616,1.713203361344538,0.38397478991596634,B0039,16,1125,01125.csv,24,0.4699932676625547,7
144,1436.141,3.53257704827921,2.4971812527928607,4.201734819728371,0.5132883949364054,0.2822374598235804,1.4096838491066868,3.978907974339011,1.907475357571867,34.6176662375867,43.86578283702087,18.532129379101878,1.4158486111111108,0.3138819444444445,B0039,20,1129,01129.csv,24,0.4627052684317185,8
143,1420.172,3.5299976922060075,2.4988010332333745,4.202672121596153,0.5157902130772893,0.2822916715377515,1.4194566436507896,3.9785204745154576,1.9106251544856414,34.65017232704175,43.67270130471354,18.27629399244695,1.4257552447552446,0.31594405594405595,B0039,22,1131,01131.csv,24,0.4604944782656097,9
140,1397.0,3.5156652919077627,2.487295552712161,4.202779797627703,0.5274415176283863,0.2834236749382848,1.4501638910864296,3.979713822284995,1.9198022390467022,34.822277873738145,43.79137016976176,17.765632283302594,1.4563014285714282,0.3172857142857142,B0039,24,1133,01133.csv,24,0.4412227248835694,10
139,1393.25,3.5295294248045366,2.4958019219001284,4.202689684084776,0.5162590354244766,0.28090108654926693,1.4320028867788326,3.982043712047701,1.9143824060074148,34.67233382014022,43.92654641714406,18.312729953767896,1.438020143884892,0.32036690647482013,B0039,26,1135,01135.csv,24,0.4435442194396584,11
137,1380.938,3.52826089394077,2.498934011647546,4.202868370613372,0.5263834317058762,0.27822854133844777,1.4238313498211541,3.979711977994799,1.9119252146021595,34.74469432520436,43.36143647499468,17.386484218632546,1.4298335766423356,0.31413138686131387,B0039,28,1137,01137.csv,24,0.4126655541164234,12
636,6375.828,3.6461406726770127,2.498706230452002,4.197294023274615,0.2319543290140354,1.6985877928226136,0.9931771469825759,1.0009808343171922,0.05568371282475593,44.007524345018545,48.10057733769074,18.260905479248624,0.9968886792452829,3.133114779874214,B0039,32,1141,01141.csv,44,1.7461791006389626,13
653,6574.671,3.64392186740937,2.473002904156423,4.204972433209606,0.2565060422313166,1.340480419545976,0.9751844959464301,1.0025756987118928,0.14399517337804468,46.67611297517316,48.36094927051516,3.1404277077373877,0.978616539050536,3.0766692189892804,B0039,36,1145,01145.csv,44,1.7695250734505363,14
650,6571.156000000003,3.6463500592094675,2.4894344650176916,4.208448210539393,0.2529905556190479,1.337904031279932,0.9752001313830849,1.0031061081836674,0.14447558338462754,46.6383045331837,48.205077970133914,3.016242502693437,0.9785187692307692,3.086803076923077,B0039,38,1147,01147.csv,44,1.7715391419501945,15
646,6569.11,3.645585479395615,2.473981445559395,4.206898230242775,0.2537624727483,1.341405284484734,0.9750119009804336,1.0000100485815209,0.14485222156858277,46.624310116631904,48.181498766889746,3.02444307174121,0.9784027863777089,3.0879674922600624,B0039,40,1149,01149.csv,44,1.770625483958279,16
642,6558.75,3.6468115454863126,2.4673788761032256,4.207946244454896,0.25233451479226326,1.3496399553667038,0.9763225329640914,1.0011404247002111,0.14010263170598272,46.60181681852236,48.22285805925047,3.0904816028362205,0.9798056074766356,3.0902476635514016,B0039,42,1151,01151.csv,44,1.7704040639447296,17
639,6567.516,3.6451349051966417,2.458737817987512,4.207227267233697,0.254535546924118,1.3446018252370524,0.9746122484452725,0.9997689271977604,0.14559173792694058,46.64079559317347,48.311132730789595,3.143823202280693,0.9781367762128326,3.083553990610328,B0039,44,1153,01153.csv,44,1.769508178880176,18
624,6430.172,3.6561026070574316,2.4562277920171924,4.197666044398925,0.23054349139851604,1.5074488633975363,0.9916407159003714,1.0007520082133683,0.0688890159498084,46.65269866016946,48.31988246057892,3.151544236506844,0.9952349358974357,3.125665064102564,B0039,48,1157,01157.csv,44,1.7638356274269416,19
632,6554.327999999994,3.6458870173477007,2.4379313646643412,4.2045074487347165,0.25226304722600934,1.3656784536516802,0.9776620652375614,1.0001244493615749,0.13571242809567546,46.637301691869546,48.191612511475654,3.016597631845393,0.9810699367088608,3.08664082278481,B0039,52,1161,01161.csv,44,1.7715725869786123,20
630,6560.922,3.645766068703999,2.4476008226100348,4.208084129481043,0.2531637614231051,1.356100442047917,0.97593374546125,1.0009890843051303,0.1413814025154582,46.62385161772923,48.22746339794149,3.0500062780608985,0.9794266666666666,3.088346031746032,B0039,54,1163,01163.csv,44,1.7701196454489685,21
627,6559.047,3.6446971444609972,2.467377500135635,4.207142953751636,0.2528528608886301,1.338826572381933,0.9744225907364069,0.999878987544532,0.14696712834173573,46.59535143073503,48.171946839870586,3.025288563209976,0.9777342902711322,3.082609250398724,B0039,56,1165,01165.csv,44,1.766756975286052,22
624,6553.781,3.6438349804131214,2.457416820096295,4.207099547920701,0.253686291990705,1.3385082656167309,0.974188913140975,0.9998571461225196,0.14730143072667756,46.59281927437506,48.20204512091098,3.0700674938301944,0.9776323717948718,3.0817115384615383,B0039,58,1167,01167.csv,44,1.7648743629092642,23
620,6540.187,3.6455211713700875,2.4702283951852175,4.2078293027865055,0.2507823798865532,1.3377135944733034,0.9756125007255608,1.0000003263864057,0.14263266608558414,46.595538716376765,48.208085483124755,3.0882424457256974,0.9791048387096773,3.0875032258064516,B0039,60,1169,01169.csv,44,1.763838685943225,24
616,6535.922,3.6442867502271574,2.47756542534469,4.20415549392574,0.24971298240061954,1.3287694415528586,0.9755813105292195,1.0004178749173285,0.14303435699152828,46.61592285314662,48.216947901934525,3.06865784032739,0.9789681818181818,3.0811590909090913,B0039,64,1173,01173.csv,44,1.7657225752056789,25
615,6544.078,3.6438395995465793,2.480137502417058,4.2074857099225,0.2515759584624443,1.3217900165398877,0.9738266911786536,0.999529179518921,0.14842397883996053,46.61306744285817,48.23861432117145,3.060538058591,0.9773066666666667,3.081508943089431,B0039,66,1175,01175.csv,44,1.7645632809383045,26
611,6531.187,3.6432430775983096,2.4411463439008707,4.207192516257174,0.2533910534261016,1.338713866247708,0.9753455155568392,1.0024734646700488,0.14355424258175803,46.60739102749507,48.2409468668017,3.0524385738520223,0.978794435351882,3.0850818330605567,B0039,68,1177,01177.csv,44,1.7608991948479125,27
608,6528.562,3.6429596917730023,2.4393843779206725,4.207616345532635,0.25341909570727394,1.336472005110199,0.9751873224588044,1.0005732751031589,0.14391685948971514,46.59731896053421,48.28638353591076,3.1667182874492283,0.9786861842105261,3.0851200657894737,B0039,70,1179,01179.csv,44,1.7598362095817717,28
605,6525.187,3.6431420009845095,2.49689484054888,4.207147287931799,0.2501744338107458,1.3067342690143975,0.973600435800719,1.0008157279135228,0.14959525625712466,46.60563234024716,48.23633627651948,3.057644535640513,0.9769335537190081,3.082231404958678,B0039,72,1181,01181.csv,44,1.7590955400143164,29
602,6515.938,3.6420393576004138,2.465533668800099,4.204165409407158,0.25066333698796744,1.3175238424621254,0.9749782353666531,1.000236431675222,0.144658944433307,46.62474216211915,48.268194411694395,3.1287385015884936,0.978489368770764,3.0791112956810633,B0039,76,1185,01185.csv,44,1.7560495443976525,30
601,6532.015,3.6405822186622365,2.487866062972102,4.206316214831835,0.2524392393921728,1.2983350944049454,0.9716620382516429,1.0006688784958595,0.15520367727282777,46.6386326424737,48.25892855404056,3.0949180845592323,0.9751277870216305,3.072667221297837,B0039,78,1187,01187.csv,44,1.7571677199949287,31
598,6527.922,3.640101281169697,2.480376897645346,4.20729233602744,0.2532973125446844,1.2985193233533177,0.9715267495139143,1.000189600537282,0.15553360433249566,46.624080824947505,48.27406092264485,3.069425897691559,0.974986956521739,3.0723678929765885,B0039,80,1189,01189.csv,44,1.7558911269459976,32
595,6519.328,3.6389138404319183,2.4235129554433494,4.207400407989978,0.25678403601203137,1.320870463434232,0.9730307119584699,1.002543132516972,0.15090932840024712,46.6573959514452,48.37743085469793,3.2073429305588306,0.9765388235294118,3.0758621848739494,B0039,82,1191,01191.csv,44,1.7533419072229914,33
592,6510.063,3.6390963886375602,2.4421166575524973,4.207172779835573,0.2549572277611863,1.3107039777596183,0.9728798847206629,1.0002377370623996,0.1512413007713083,46.69850634609825,48.34229218799801,3.0923117150261845,0.9764216216216216,3.075376689189189,B0039,84,1193,01193.csv,44,1.7506673845335168,34
589,6501.718,3.639310178523211,2.48916723023537,4.203796739473216,0.25045033852559456,1.2887494757462972,0.9727174864909479,1.000266726704825,0.15147973564522327,46.70366699259687,48.35205523072366,3.144308405356753,0.9763106960950763,3.0727538200339555,B0039,88,1197,01197.csv,44,1.7510006664162403,35
587,6509.047,3.6382966465278597,2.486277943958813,4.207405098710311,0.2528751408505309,1.2835827472806152,0.9708770463110533,1.0005563283787111,0.15688238439295332,46.69858207228199,48.36227474052515,3.1555269541287885,0.9745165247018738,3.067480408858603,B0039,90,1199,01199.csv,44,1.7496058853847871,36
584,6502.438,3.6368192187368806,2.4621592876012923,4.2069497463433745,0.25503081259693977,1.2859831172723424,0.9707991298367911,1.0033647356784487,0.15745207290832056,46.68478011498361,48.39407566049798,3.202164150887725,0.9743958904109589,3.0689246575342466,B0039,92,1201,01201.csv,44,1.7477359172183355,37
582,6502.047,3.634846725471178,2.419307605326947,4.20717367641765,0.2586975689756346,1.2944964952947817,0.9707557236945535,1.001627835766793,0.15762214446912595,46.691631182155156,48.40712816602448,3.186718377735943,0.9743027491408935,3.065037800687285,B0039,94,1203,01203.csv,44,1.7444225468099093,38
579,6498.86,3.635905813888798,2.498091152649448,4.206902271296153,0.2534489347117167,1.2577984989849984,0.9689523533406329,1.0019022091888887,0.163115454840155,46.752413955353425,48.476824345274245,3.108556172248207,0.9724383419689119,3.059552677029361,B0039,96,1205,01205.csv,44,1.743308366083936,39
281,3162.047,3.470841442961561,2.4729033909981424,4.196674813894532,0.23983630135073153,0.9737122437773205,1.8974430595020169,1.99287097541368,0.41815884869327524,49.300859599002976,52.90221489344579,7.749395767680419,1.9068640569395017,2.3359288256227755,B0039,100,1209,01209.csv,44,1.6556691733888471,40
281,3173.141,3.4717307267626065,2.482404434239833,4.204257320385259,0.23958900827991933,0.9219054665492683,1.876242032435926,1.9925221850874488,0.4613744686586946,49.34643167372232,53.04880173105535,7.860523527199078,1.885514590747331,2.3060000000000005,B0039,104,1213,01213.csv,44,1.64297669457593,41
280,3169.844,3.470065952813119,2.4529055944220666,4.206474730273981,0.242287546642914,0.908861322697561,1.8688750583848932,1.9931619036045067,0.4753899910047731,49.35236153077406,53.017440171542674,7.801565490720584,1.8779507142857141,2.2970214285714285,B0039,106,1215,01215.csv,44,1.6343822729361266,42
278,3156.563,3.468937839466871,2.442965370421763,4.206865048530781,0.2430497244338119,0.8999093594588676,1.867958006398749,1.993232599772215,0.47677374935818106,49.34646841409122,53.07430485716129,7.8987689203513725,1.877086330935252,2.29108273381295,B0039,108,1217,01217.csv,44,1.62650670621656,43
277,3155.047,3.468115577491925,2.450251182214539,4.206889463177472,0.2422693326645298,0.8788719527149085,1.8603022549570993,1.9927135137255616,0.49063810289934406,49.35565140520816,53.15177003577248,7.973123662127172,1.8694368231046934,2.278870036101083,B0039,110,1219,01219.csv,44,1.618865991735961,44
275,3142.312,3.467077155738093,2.447037438010891,4.206575007421019,0.24265298586053013,0.8702554598046843,1.8593929317608153,1.993347127383864,0.4923758597064833,49.368284273788476,53.01718592680281,7.751855956619245,1.868496727272727,2.2777163636363635,B0039,112,1221,01221.csv,44,1.6114968339209264,45
129,1485.047,3.2199500199575746,2.4740907394153795,4.189178895374635,0.29808334413337334,0.5175414564669252,3.2987430233514146,3.979768153681504,1.5005971818862887,55.97390404609549,63.94078057196598,18.752755326134263,3.3154279069767436,0.8922248062015503,B0039,116,1225,01225.csv,44,1.3240805773461226,46
129,1489.313,3.22661988786129,2.442276380666166,4.204083091786472,0.30157112291067106,0.5312271915374533,3.2988222829259044,3.979638522408062,1.5006289213281416,55.95647115817562,64.14381595669508,18.929484450937366,3.315586046511628,0.8982015503875969,B0039,120,1229,01229.csv,44,1.3153386221697692,47
104,982.938,3.2570770872838057,2.689034363728547,4.068028641979544,0.4174030288200671,0.2750534754752483,2.4962950152812526,3.998404971746896,1.9414341435047784,34.520854008155766,40.67740211970284,16.056573397135722,2.5005826923076926,0.5551538461538461,B0040,0,1231,01231.csv,24,0.6734628137095633,1
156,1489.953,3.435168668765134,2.6944224499802396,4.181329419378459,0.411497706074207,0.34770672405399816,1.9463194972486941,3.996235657636858,2.0010076331481046,34.02922924081149,41.121867004450536,15.121874206371515,1.948828205128205,0.47345512820512825,B0040,4,1235,01235.csv,24,0.7913062105760345,2
154,1479.703,3.4309758033508495,2.6769978869674524,4.182169713231169,0.4171314423116887,0.34682239203132337,1.9456703600088228,3.995936989432765,2.0011227285863704,34.012090723638956,41.63283156392668,16.745543184989845,1.9481610389610393,0.4741688311688312,B0040,6,1237,01237.csv,24,0.7865824034601745,3
152,1468.172,3.4348636528845424,2.675172001926867,4.1821186375364,0.41566455493657656,0.34536860834180505,1.944987147407484,3.9961379781309794,2.0011829538106514,33.978388906178346,41.715752737182754,16.28507094832473,1.9474736842105265,0.47961184210526314,B0040,8,1239,01239.csv,24,0.7795871426061582,4
150,1457.0,3.445308801417867,2.69268420954805,4.181769825430115,0.4139545108172867,0.3411174330004947,1.9176306391450506,3.99493304951291,2.0002165680843107,33.83721613724266,41.61695629052659,16.040157217420752,1.9201186666666665,0.4753466666666667,B0040,10,1241,01241.csv,24,0.7628241523125163,5
146,1437.047,3.458759767508341,2.695919341909784,4.181957861733809,0.4110410457058839,0.33558970830667123,1.8884271623527955,3.9985251055256823,1.9990818516253295,33.67935609685469,40.41568117134027,14.646143291776259,1.89081095890411,0.4735684931506849,B0040,12,1243,01243.csv,24,0.7405021514606399,6
119,1170.531,3.344897364124835,2.6973035934049494,4.177687640263026,0.4011230446747892,0.3477887254612244,2.4163379785922903,3.995894881418469,1.9593364073953232,34.856675647434145,41.6427020562054,16.231106193660167,2.42084705882353,0.6062773109243698,B0040,16,1247,01247.csv,24,0.7783970881100656,7
144,1436.141,3.435394313904374,2.680482862570943,4.181217465945281,0.4126017213316855,0.34325421791857735,1.9697774340527014,3.9948545437295784,2.001967317429247,33.93437846177736,41.666127528934624,16.34860131639908,1.9729166666666669,0.4906736111111111,B0040,20,1251,01251.csv,24,0.7733165409025605,8
143,1420.172,3.4407328862516335,2.686758150797836,4.182275640250018,0.41326044566933856,0.3406898674298109,1.9554052803156114,3.99613146519462,2.001781856796465,33.87341008861747,41.55823578501682,16.131726903428124,1.9584209790209788,0.4929300699300699,B0040,22,1253,01253.csv,24,0.7589575236409498,9
140,1397.0,3.4424940628831777,2.674688015022009,4.181827468882669,0.4195143414586436,0.335581296770433,1.9403707149157852,3.996235079267833,2.0015929624099753,33.801632457231946,41.25451200429936,15.138624778693494,1.943157142857143,0.4868714285714285,B0040,24,1255,01255.csv,24,0.7407399462256391,10
139,1393.25,3.4441875855764166,2.686289969564933,4.181567286734688,0.4127732128450246,0.3375330087378927,1.9543096752718836,3.995317141166538,2.0020886221868968,33.841214598826475,40.054637074465475,14.367341146339694,1.9570834532374102,0.49604316546762595,B0040,26,1257,01257.csv,24,0.7446218752617147,11
137,1380.938,3.458256040593686,2.6945279873006065,4.181983804533861,0.41851963117568197,0.32875914099085124,1.8955732024846834,3.995361067358871,1.9998560338310143,33.68915739169769,40.76452850374992,14.684614077399885,1.8980569343065696,0.48206569343065697,B0040,28,1259,01259.csv,24,0.7149875629820736,12
636,6375.828,3.624872673514505,2.682915069119874,4.175387518911088,0.23549284122763525,1.181940510135857,0.9641877110703866,1.0054061310164104,0.18214812412599046,44.27504698193625,47.459255426003025,17.051316665984046,0.9646213836477987,3.0483144654088052,B0040,32,1263,01263.csv,44,1.7075144448533202,13
653,6574.671,3.6219123150772727,2.6893633842231073,4.183371957728605,0.24996331629237992,1.169228036856003,0.9483038455550394,1.0045560878148372,0.21837553706658772,46.496780020843715,47.733284854985534,2.4834494830833336,0.9487093415007657,3.0026906584992346,B0040,36,1267,01267.csv,44,1.730880859428193,14
650,6571.156000000003,3.621615017492515,2.663011590614207,4.185403574589526,0.2523876558111147,1.1884678537972149,0.9498068063922427,1.0039916444953547,0.21581029233603108,46.4678468881245,47.68533526444168,2.4578189539628426,0.9500187692307692,3.0122907692307694,B0040,38,1269,01269.csv,44,1.7328212845233328,15
646,6569.11,3.622864388629409,2.6936866986118786,4.185139783184118,0.2488331391182518,1.1742666102866748,0.9495039865635401,1.0035412359730254,0.2163287813128492,46.45190241544343,47.67231335727975,2.4804367135098886,0.9497130030959752,3.0115727554179568,B0040,40,1271,01271.csv,44,1.7317734323431513,16
642,6558.75,3.6220494199910203,2.644136217828117,4.185518450705473,0.2524948894066732,1.201816490436249,0.9521474479201967,1.0033495846328242,0.21037127972667732,46.440231939332925,47.70025798751115,2.528602753191514,0.9525140186915886,3.017828660436137,B0040,42,1273,01273.csv,44,1.7341296392350067,17
639,6567.516,3.622162963654601,2.6743889241293513,4.185427919430507,0.2505161032055828,1.1882146617544844,0.9505463748128928,1.0030055331887324,0.214252960160443,46.465222077063906,47.70250785089967,2.505070489234839,0.9507220657276995,3.0116040688575905,B0040,44,1275,01275.csv,44,1.7334756929990074,18
624,6430.172,3.629361907913309,2.6812131139529,4.1761905648713675,0.23694681732612555,1.1980269958108107,0.9652916551188272,1.0027747249074537,0.17974503287016644,46.49072067213048,47.775675904382155,2.576558374540163,0.9655612179487181,3.0516378205128203,B0040,48,1279,01279.csv,44,1.7243057179457877,19
632,6554.327999999994,3.6234871903936696,2.6999262584848243,4.182711714289401,0.24637551785655715,1.1743195177066754,0.9515304364195541,1.0034382664884212,0.21209724003392422,46.47888431603475,47.68448077336878,2.4745994452455236,0.9517787974683544,3.010107594936709,B0040,52,1283,01283.csv,44,1.7318975861687205,20
630,6560.922,3.6222932883799372,2.6709504481448794,4.185107481198763,0.25003411006133563,1.1903043181517332,0.9514067446419429,1.00341328437475,0.21237845181462175,46.45480276183313,47.66868390973605,2.4575778014368765,0.9516241269841269,3.015820634920635,B0040,54,1285,01285.csv,44,1.7333691208377455,21
627,6559.047,3.622128684193048,2.677767553221005,4.185322736341408,0.24948188342702451,1.188289029564308,0.9510506492688564,1.004224655039593,0.21274113829528857,46.423098338329766,47.63553822379171,2.4693652949951996,0.9513942583732057,3.014414673046252,B0040,56,1287,01287.csv,44,1.732175650153278,22
624,6553.781,3.6212784001178204,2.6464594317551624,4.185286474015191,0.25189785122115604,1.2031483956789706,0.952483844185988,1.0021217239246465,0.20988783326261057,46.417883981463206,47.64097688926351,2.4933345596458025,0.9527647435897435,3.0172772435897435,B0040,58,1289,01289.csv,44,1.7334832776102866,23
620,6540.187,3.6222214851987244,2.654408689336339,4.185544800435261,0.2499624921562825,1.2027822573506195,0.9538668537692832,1.0037473971660458,0.2071033348755007,46.41962937983975,47.67660695857827,2.528002726833847,0.9540777419354838,3.021716129032258,B0040,60,1291,01291.csv,44,1.732372495746513,24
616,6535.922,3.621600293236707,2.6386466599890395,4.182805883908282,0.25019066238816984,1.2068662493479105,0.9551274962002001,1.0028648893332504,0.20399628961911173,46.437216774742105,47.670062907549664,2.4976853995428954,0.9554061688311687,3.018162337662338,B0040,64,1295,01295.csv,44,1.7338175297202416,25
615,6544.078,3.621303558836112,2.650918288963567,4.184959782592119,0.25045255199959626,1.2014542277223024,0.9535672748102629,1.0029366943014713,0.20790927608618967,46.44051551612336,47.67504818462313,2.4910333551654276,0.9537118699186992,3.0198845528455287,B0040,66,1297,01297.csv,44,1.7329630786357868,26
611,6531.187,3.6217314334668362,2.6471595195723987,4.184990348881109,0.24988041087949225,1.2049301957892267,0.9547943241459881,1.0055702938792732,0.20490953461565006,46.438246093452804,47.662264804076635,2.4713336886510717,0.9550517184942717,3.0232029459901804,B0040,68,1299,01299.csv,44,1.731883908457334,27
608,6528.562,3.6224802575418096,2.669669356026842,4.1849433685502655,0.24763446207057374,1.194637805682814,0.9545134197746632,1.0035201801507372,0.2054986427605927,46.419799968945064,47.65776484346084,2.488300256723228,0.9548325657894736,3.0225263157894737,B0040,70,1301,01301.csv,44,1.7306960059812662,28
605,6525.187,3.6227913336348077,2.6833023579431665,4.184970988659253,0.24627731741110095,1.1866435545870289,0.9543817483018816,1.0023712414422137,0.20585647141355223,46.41925960985013,47.65588226485245,2.4926933454527003,0.954607603305785,3.0219669421487603,B0040,72,1303,01303.csv,44,1.7296011601947467,29
602,6515.938,3.6219039988656228,2.664835318499988,4.182014111969684,0.24669461490917646,1.1940028265380604,0.9556674250054417,1.0031895155635666,0.20280464462897282,46.442880190211326,47.68924379895171,2.4782960678980217,0.9560475083056479,3.0146428571428574,B0040,76,1307,01307.csv,44,1.7296187381064656,30
601,6532.015,3.6231487093600996,2.695190974478952,4.185325352263018,0.24521145917839662,1.1782765070602905,0.9540196765198384,1.0022727458635838,0.20665143136278225,46.455010751151,47.68013294716548,2.327512934233944,0.9543124792013311,3.0208702163061565,B0040,78,1309,01309.csv,44,1.7307198617163877,31
598,6527.922,3.620727454558004,2.659441128426158,4.18476201200528,0.2490493585401968,1.1953407335930821,0.9537793805515312,1.004096237718038,0.20704352932436956,46.42899601057107,47.69683888709109,2.553373222639067,0.9540903010033446,3.0177274247491637,B0040,80,1311,01311.csv,44,1.729274556175907,32
595,6519.328,3.620851281939705,2.645724055946119,4.184831315830137,0.24953213694920565,1.2026619850076976,0.9552992930481566,1.0023111389899824,0.20372431901430582,46.4460831551733,47.68346890250753,2.5166278583295494,0.9555273949579832,3.0214168067226894,B0040,82,1313,01313.csv,44,1.7297962212599596,33
592,6510.063,3.6223530356435982,2.686333486141192,4.184646274630554,0.24530785882592337,1.1830614389997685,0.954978922137234,1.0020932273329095,0.2041899260599097,46.477279245422224,47.72656082449746,2.53408163649857,0.9553013513513512,3.0218192567567566,B0040,84,1315,01315.csv,44,1.7268942069037494,34
589,6501.718,3.621799074855713,2.67226557137279,4.182435522794885,0.24522264220169512,1.1886389454396684,0.9564581755342219,1.0026245473984143,0.20091794138605726,46.50566493668475,47.7336433887077,2.502608685533417,0.9567857385398982,3.0136434634974534,B0040,88,1319,01319.csv,44,1.7272191689306016,35
587,6509.047,3.620827200366945,2.6426430588133014,4.184925895802646,0.24891994748388524,1.203702645154764,0.9560786123384978,1.0031176329618126,0.20134199629418317,46.489529302216496,47.73354479118836,2.5099628449052176,0.9566395229982962,3.024701873935264,B0040,90,1321,01321.csv,44,1.7285674981160106,36
584,6502.438,3.6206286090197306,2.6490836320353925,4.184718733685154,0.248306675591971,1.199560147580391,0.9559272000849461,1.007180550602924,0.20180166030025765,46.47422502580763,47.74132595782936,2.567655551800108,0.9564294520547943,3.023707191780822,B0040,92,1323,01323.csv,44,1.726636381605547,37
582,6502.047,3.620461858040284,2.65252579490315,4.1846888191470475,0.24802704675497855,1.1974980356987759,0.9557337491817472,1.0057632619161987,0.20227345122395182,46.467598009037445,47.73740327080965,2.5428117777647685,0.9562635738831614,3.0223384879725086,B0040,94,1325,01325.csv,44,1.7262424141835069,38
579,6498.86,3.6207850957418692,2.6675427612038987,4.184286661063821,0.24655337398337565,1.1890014321293991,0.955765448983569,1.0036710316885369,0.20264081535434025,46.50711933936233,47.780084445812335,2.575948377156273,0.9560497409326424,3.020846286701209,B0040,96,1327,01327.csv,44,1.72527259276029,39
281,3162.047,3.4599911073457075,2.6781395492001447,4.176406009176324,0.2163886767584248,0.9168232062370696,1.8959348324359298,1.9993456181076452,0.43451732026985446,48.821116047310866,51.74025766413764,6.565121844665242,1.899044128113879,2.3343202846975086,B0040,100,1331,01331.csv,44,1.666802687745505,40
281,3173.141,3.459413541721385,2.6375556284574677,4.182388453906596,0.22061852758039904,0.9048357486849765,1.8889292863371991,1.999341108890042,0.4488464143753836,48.862739172817825,51.80596353207629,6.616845823030715,1.8919138790035586,2.315896797153025,B0040,104,1335,01335.csv,44,1.666754853762041,41
280,3169.844,3.4606411813742883,2.654677503869026,4.184674961031428,0.21893792516908633,0.8757925775195488,1.8816621609604864,1.9995292630247656,0.46350715107344964,48.859668212563015,51.79140734732303,6.558710671441936,1.8844007142857144,2.324875,B0040,106,1337,01337.csv,44,1.6583274448761054,42
278,3156.563,3.4619795504624093,2.6785586854358763,4.184986819959415,0.21643459851727878,0.8533175897543837,1.8804985237721599,2.0008786622241015,0.4652845575129536,48.84759659003841,51.7543308845732,6.561775023331357,1.8835705035971224,2.3249820143884894,B0040,108,1339,01339.csv,44,1.65032263550715,43
277,3155.047,3.4582381856512225,2.619691419158041,4.184706989313181,0.2216032586723296,0.8632062800618074,1.8804466851023403,2.0047864831033904,0.46580172335579006,48.86015453747502,51.86320043661648,6.6772989481595175,1.8831595667870034,2.320985559566787,B0040,110,1341,01341.csv,44,1.6493406341242296,44
275,3142.312,3.460434749861773,2.6631019561941023,4.184343189730703,0.217371637609195,0.8412226341718854,1.8794652243865957,1.999637685107115,0.46751762290746657,48.85593683732135,51.81917888349145,6.629670746227525,1.8823178181818185,2.317312727272727,B0040,112,1343,01343.csv,44,1.641919055037739,45
129,1485.047,3.7482973521924325,1.7489828090032309,4.168100705327105,0.3708235745974153,0.2094403059358707,1.0471307118492055,3.995168139661149,1.7565091637720887,49.04132294442338,53.95646661253941,8.758745160757478,1.0531472868217053,0.31788372093023254,B0040,116,1347,01347.csv,44,0.425812451177779,46
129,1489.313,3.653849277043623,2.535468112391112,4.1824060069381375,0.3648201736216185,0.27293725248945666,1.3627216697521727,3.995770620186178,1.900244880452376,50.17313973556242,55.67880428959517,10.457401728962637,1.3650527131782946,0.39167441860465113,B0040,120,1351,01351.csv,44,0.5569902643736575,47
95,1063.609,4.033096790443365,1.9487619326826215,4.18729715087111,0.3584459999052864,0.046830093527629124,0.25384049585406016,4.027231208258329,0.9733351471443814,7.85677103517608,9.925006929139911,5.082639725681307,0.2527494736842104,0.10181052631578942,B0041,0,2996,02996.csv,4,0.055620243768194,1
95,1067.641,4.014033100816979,1.9012002130732608,4.1926577100385645,0.4008441781790744,0.0536513021993299,0.2930849974848277,4.027860931751215,1.0367794285956162,7.793067309492064,10.752582877071836,4.228282515023474,0.29201473684210516,0.10709473684210524,B0041,3,2999,02999.csv,4,0.0556974726122768,2
93,1048.687,4.039068503173861,1.964899016000036,4.191826198838155,0.3510497336875643,0.047529022638734375,0.25932771248508285,4.026399571595533,0.983876230073698,7.471857159027487,10.859754872978824,4.792608870898054,0.25818064516129025,0.10681720430107525,B0041,5,3001,03001.csv,4,0.0558390162918539,3
92,1039.984,4.035518711643437,1.9253389098858815,4.192086560129419,0.36273891568053956,0.047940149318598024,0.26118758593145086,4.027903394302233,0.9862463524015177,7.8427380417497545,10.755318068306904,4.942997434073581,0.26037391304347823,0.10652173913043475,B0041,7,3003,03003.csv,4,0.056148059974053,4
61,687.328,3.980423400468267,1.9131372213178368,4.192301938512631,0.4405295434371125,0.05238119893624393,0.39289949018523795,4.02702139786563,1.1921778724494525,8.729861757639965,10.897588103290213,5.005055169577345,0.3921377049180327,0.16022950819672127,B0041,9,3005,03005.csv,4,0.056470531599139,5
92,1047.531,4.032988865305357,1.8627826858792496,4.193625714514964,0.37823361143680373,0.048215493993783554,0.2603556231508528,4.027019202895542,0.9819813644766895,7.667746337954232,9.341307040097297,4.701418000876035,0.25872608695652166,0.10572826086956519,B0041,11,3007,03007.csv,4,0.0440922918408019,6
91,1038.375,4.033685949693059,1.91439695870045,4.19119960945764,0.36447229203518494,0.04873979024355801,0.26423832053214436,4.027353321308967,0.9911039635795771,7.7591749084721195,10.393349980789248,3.76484679281334,0.26320879120879115,0.10894505494505494,B0041,15,3011,03011.csv,4,0.0567719130814178,7
90,1030.703,4.032799639644717,1.893564747050834,4.192541976485373,0.37124859743231264,0.049067797181677975,0.26659559570200364,4.026893291710312,0.9947853431110567,7.595487830652279,10.096648262126736,3.315830197472219,0.26545333333333326,0.10995555555555553,B0041,17,3013,03013.csv,4,0.0569383765007572,8
88,1010.765,4.024475259565998,1.839446966520227,4.191749338859155,0.39545860587380993,0.04818458925741087,0.27043815027238444,4.027233078412571,0.9968575857612091,8.243992753511499,10.90616342735489,5.387811048150644,0.26947727272727273,0.10863636363636364,B0041,19,3015,03015.csv,4,0.0444014841131225,9
89,1025.719,4.057419271798581,1.976983963738619,4.192711269669948,0.32335703437301416,0.04306396046160543,0.22596970676796857,4.028689923407233,0.9230537987531588,7.468945958924572,8.568134800681483,4.176678827164425,0.22487640449438198,0.10596629213483146,B0041,21,3017,03017.csv,4,0.0446343581849161,10
88,1016.859,4.0272103363763785,1.873021814547241,4.191685049461782,0.38464914825535973,0.049454264432532646,0.2720463143473633,4.025593484182172,1.0032024212301083,7.530653071201209,10.723989411834728,4.083059553699116,0.2704090909090909,0.11084090909090909,B0041,23,3019,03019.csv,4,0.0447987224365748,11
85,1021.079,4.050486744587676,1.9477419384591268,4.191473973303783,0.3368181912145552,0.04189239632245023,0.23604312919569034,4.026608825793279,0.9404449018196611,7.508014036482144,10.069265727154304,4.349579979348564,0.23539529411764698,0.10847058823529411,B0041,27,3023,03023.csv,4,0.0467089878078547,12
87,1010.562,4.0253168657448795,1.848331298599493,4.19266348713535,0.39474214664057433,0.04955348389566083,0.2735125589834851,4.026925565198509,1.0030636782691287,7.7964600722995465,11.678125966059154,5.208170865254565,0.2727218390804597,0.11104597701149421,B0041,29,3025,03025.csv,4,0.0449537153308952,13
86,1003.313,4.052602606442854,1.9596888390790304,4.191170886079178,0.33152469996981004,0.04332099470145945,0.2334393540995562,4.026220736016629,0.9362566918056594,7.80345244909983,10.184555541046697,4.1923147799085605,0.23263720930232548,0.10852325581395345,B0041,31,3027,03027.csv,4,0.0452193290195426,14
86,1006.187,4.05448270357176,1.9992324205815248,4.191474565768196,0.32361800636238564,0.04419430606371755,0.23474919435723152,4.026600353147187,0.9402895577351654,7.338169121535551,10.778359079693514,3.9681959945704577,0.2326999999999999,0.11086046511627903,B0041,33,3029,03029.csv,4,0.0454022241469497,15
85,996.765,4.049754413243471,1.9251333188603237,4.1914127894156605,0.3403527580191214,0.043432449262891915,0.23575620562214927,4.027650788959281,0.9385468491301853,7.996082185455724,10.339342995308634,4.297507181178225,0.2354329411764705,0.10822352941176468,B0041,35,3031,03031.csv,4,0.0456790122497417,16
85,999.422,4.05160764529163,1.974005533207924,4.190379159747539,0.32896217245218706,0.04420586630044454,0.23709398604850934,4.027227829304676,0.9440563996660997,7.616516148546487,11.13650452054683,4.07026135018043,0.235435294117647,0.11172941176470585,B0041,39,3035,03035.csv,4,0.0455208025703398,17
84,990.234,4.046009584492231,1.8695092344510635,4.192073381143846,0.35463508164017343,0.04419522208895277,0.23828356824998786,4.026713712659612,0.9400762880699364,8.20486682580586,9.695569312291523,4.5292948169465514,0.23820714285714276,0.10728571428571425,B0041,41,3037,03037.csv,4,0.0457285414602425,18
52,608.953,3.9895918681265607,1.9264050760509093,4.1904893432927715,0.4236591295962886,0.04978025329649505,0.3840869068940257,4.026997259040961,1.1819605097215193,8.601584414303469,10.5100184115379,4.241592724659408,0.384553846153846,0.17803846153846148,B0041,43,3039,03039.csv,4,0.045860512192502,19
50,586.719,3.985571015537921,1.9303413820598547,4.192034113238024,0.4297378139774306,0.05087043618890785,0.3994194948266931,4.027300892979811,1.204080362345496,8.142046999932631,10.61900706852965,4.176723209544529,0.3998839999999999,0.18586,B0041,45,3041,03041.csv,4,0.045983556030275,20
49,575.922,3.980535614492745,1.9192879295943024,4.191331438635326,0.4368978637936371,0.051570590250178405,0.4070135172803323,4.026869354986675,1.2133418764051123,8.360837093570488,10.81117656025071,4.244616353186301,0.4079755102040816,0.18871428571428567,B0041,47,3043,03043.csv,4,0.046128762966734,21
88,1050.406,4.044423526176633,1.8958889997737756,4.183657953138958,0.33644106690620107,0.04435994533268417,0.2271455386392381,4.026286824191878,0.9213129300620981,7.424942900733046,8.406830339250588,3.262445878999947,0.22742045454545454,0.10452272727272728,B0041,51,3047,03047.csv,4,0.0463714545530443,22
87,1040.75,4.046519260018804,1.8503922251966067,4.190189952777753,0.3520370768175151,0.044374541354435415,0.22838938958222824,4.02722660963012,0.9221766937077859,7.9013472750820934,9.345446470246117,4.8249131076919145,0.22946436781609186,0.10302298850574708,B0041,55,3051,03051.csv,4,0.0464238542531432,23
85,1019.125,4.0486772026987,1.9189577261874915,4.19007809729293,0.3371897379112591,0.04526780237078132,0.23632530669678664,4.0270290979278105,0.9392994013358736,7.528844792233565,10.959408995323104,4.253800318891656,0.23539764705882346,0.10981176470588233,B0041,57,3053,03053.csv,4,0.0465794695305646,24
52,618.844,3.987337891451254,1.8900554775200376,4.190880582293337,0.4308365239345359,0.05053839658820092,0.3827039676718312,4.026309388573787,1.1784521207096552,8.951655882288602,10.83821929996881,4.379280312702672,0.3845192307692307,0.17644230769230768,B0041,59,3055,03055.csv,4,0.0467260089483965,25
86,1039.547,4.044136561678348,1.8174460639575951,4.191090626108922,0.36119615296110785,0.04552605692980194,0.2307153797991095,4.028003656373331,0.9259202884268682,8.178079824357086,9.713734913231036,4.904670370218216,0.23095348837209295,0.10439534883720926,B0041,61,3057,03057.csv,4,0.0468634724324437,26
83,1004.328,4.04413456868279,1.8839750015583072,4.189832720082945,0.34835010130306004,0.04617112662944578,0.2407568901489781,4.026666130577684,0.9476933066963965,7.858156748807482,11.338971542207569,4.319524999103277,0.24106265060240958,0.11138554216867469,B0041,63,3059,03059.csv,4,0.0471230704848885,27
83,1005.75,4.043477180478885,1.8734696416805767,4.190041335900519,0.35058876610931416,0.046114483332027945,0.2402745883339319,4.027056277337461,0.946494861306544,7.290664996377678,8.874610339188825,2.4022263949550897,0.24109397590361442,0.11066265060240962,B0041,67,3063,03063.csv,4,0.047089685801538,28
82,995.797,4.04227054005478,1.886110144063044,4.189984813034986,0.35145086738120057,0.04661949092962381,0.24334052606265236,4.02788379150145,0.9520997270228635,7.329912113720836,10.892975819528624,4.324308885954244,0.24403902439024383,0.11141463414634145,B0041,69,3065,03065.csv,4,0.0471681699068244,29
82,998.921,4.040909605277031,1.873963241781132,4.189413584762128,0.3537961072963944,0.04700322063617435,0.24308306875091157,4.027336921885771,0.9510354101813258,7.554859379508905,9.921480417012177,3.1041111126367413,0.2440365853658536,0.11145121951219511,B0041,71,3067,03067.csv,4,0.0474166233958466,30
81,989.141,4.034959849871617,1.8016696485993335,4.1899380782665405,0.37646885384736717,0.04672364527609307,0.2444500292131029,4.026557611997337,0.951056255873278,7.849809440149771,9.340703602759724,4.512911979805991,0.2442617283950617,0.11028395061728395,B0041,73,3069,03069.csv,4,0.0474736581861432,31
80,979.203,4.036614663983007,1.8542865324237547,4.189327989081172,0.3631247544151031,0.047374746078031826,0.24877537038096936,4.027961352078785,0.9615503835203887,7.70135529903965,10.415323507314886,3.498681043677264,0.24947249999999999,0.1138375,B0041,75,3071,03071.csv,4,0.047671071688296,32
81,994.031,4.037642497951333,1.843811769338875,4.189084331721328,0.3630069730822768,0.047191831404796325,0.24555286095462067,4.0264324541097025,0.9554876416644352,7.894047750295666,10.395152109274877,3.3456573565603787,0.24621728395061723,0.11258024691358025,B0041,79,3075,03075.csv,4,0.0477561486679362,33
79,971.516,4.034094593369476,1.838701263626609,4.189241659101563,0.3705738162177974,0.04765319966158188,0.25152253503503974,4.02660823219147,0.9657068917767827,8.037186019526875,11.381000616023892,4.5763487509112375,0.2518481012658227,0.1146455696202531,B0041,81,3077,03077.csv,4,0.0478336905290522,34
66,810.563,4.012161986962798,1.839823604952559,4.189006943800672,0.4055251241250689,0.04963845362909236,0.30025622850756645,4.028071616576014,1.0496093287190125,7.949369169721323,11.200598645773905,4.6432490750384785,0.30043636363636356,0.13507575757575754,B0041,83,3079,03079.csv,4,0.0479228171589379,35
49,599.047,3.9650186584361826,1.811117308582499,4.189396334961549,0.47567829789059674,0.053827652362564926,0.4024752458650958,4.027982365911394,1.2011633823038874,9.047225819573063,10.936042652403566,4.744066303527334,0.40297551020408157,0.17979591836734696,B0041,85,3081,03081.csv,4,0.0481080249716144,36
10,109.078,3.3407510468710684,1.750577605139322,4.189766782198294,0.8942375679437307,0.16739318392361646,1.943321028486442,4.02709431360029,2.0546880338576017,6.867303793453594,9.652988520428655,5.119338161117187,1.95824,0.8608999999999998,B0041,87,3083,03083.csv,4,0.0480878273582587,37
10,109.171,3.376535267030834,1.7948775590357675,4.1899278595155955,0.8571632531286119,0.16675414728502957,1.9621705859612226,4.0266875108806275,2.072197286027134,7.376798555753924,9.298616166335734,2.944298458200307,1.97222,0.8876999999999999,B0041,91,3087,03087.csv,4,0.0484226192632661,38
9,96.484,3.516920360081993,1.975138784399138,4.191983739835927,0.7577080209414736,0.1554943804159601,1.7719974457672856,4.026915576815353,2.0994023061341167,6.443867741135219,8.441835425382303,3.7132235096469604,1.7762666666666669,0.9397777777777778,B0041,93,3089,03089.csv,4,0.0479864952546282,39
10,109.094,3.356583779630796,1.7728949542450014,4.192299139301579,0.8806895496244808,0.1686760533350249,1.9560264640780294,4.027342355246391,2.066380403758884,8.159447293088878,10.811071564713467,4.797668343341076,1.9644199999999998,0.8709999999999999,B0041,95,3091,03091.csv,4,0.0482217520049512,40
9,96.906,3.506509095784585,1.9302106494417557,4.193421662600735,0.775048435761913,0.15495617041993448,1.7607054829879762,4.027238471110434,2.087534410892995,5.5290205453691215,7.830975218816948,4.159580244019621,1.7762444444444447,0.9255555555555556,B0041,97,3093,03093.csv,4,0.0478773156676534,41
9,97.015,3.5159000773941735,1.9650910927147995,4.193648125269162,0.7624806944071713,0.15500016483311008,1.768133964644233,4.02635645614634,2.0951193145871807,7.124961498497141,9.120173569834156,3.691362291090492,1.7762000000000002,0.9357777777777776,B0041,99,3095,03095.csv,4,0.0482903205557941,42
457,5608.781,3.3112454225976364,1.9984945380049617,4.146039771927649,0.35129680333436025,0.636607873436001,0.8543800289819511,1.0084814254402212,0.36017822217485507,9.154846882609299,14.806765885071044,9.531063838352782,0.84751466083151,2.403663019693654,B0041,103,3099,03099.csv,4,1.2156494086360898,43
463,5703.296,3.3541760641303275,1.9980483774045472,4.165360918422926,0.35383185408590534,0.5820834779212829,0.7981963880803767,1.0102145854313622,0.40767610876868704,8.881539906101905,13.99744937533934,9.217413435411395,0.791175809935205,2.2600129589632827,B0041,107,3103,03103.csv,4,1.1476416320946563,44
459,5668.032,3.3570606628058544,1.969259944196061,4.187489255858448,0.3599836632033732,0.5933529732143032,0.7810855178211566,1.0150463617879395,0.4195767590453586,8.750669611128531,14.356275659290002,8.316481991825004,0.7741477124183004,2.2106993464052285,B0041,109,3105,03105.csv,4,1.1194574527298191,45
455,5634.047,3.360601023233454,1.9711826686049976,4.186438859109176,0.36115210458883457,0.5668773194458145,0.7613660723600085,1.012201146303343,0.4317910439732179,8.86215516188506,14.518586105925962,8.107117601822214,0.7546378021978021,2.148334065934066,B0041,111,3107,03107.csv,4,1.0841325641850128,46
449,5582.375,3.376453566741124,1.992456853950006,4.1865714064230355,0.35098177706569683,0.5330260746032227,0.7426588551074432,1.0155779321659608,0.4427243285283489,8.671218071184747,12.628628797798616,8.225863041434422,0.735829398663697,2.097022271714922,B0041,113,3109,03109.csv,4,1.0607784232892656,47
447,5567.329,3.3670420302190878,1.9860813942080051,4.187026822244992,0.36884917857048666,0.5275513947404589,0.7322313637304178,1.0096426599672783,0.4479201270129848,8.757399436040695,14.249076739876308,7.842230833923828,0.7257315436241609,2.054601789709172,B0041,115,3111,03111.csv,4,1.0170312865626592,48
442,5528.453,3.364330094542419,1.9641170559105663,4.163770340966965,0.3625369589729324,0.4924914969960952,0.7199814351566131,1.0091487810629698,0.45389351103161313,8.639658664137915,13.400963787224589,8.920630296425049,0.7136203619909501,2.0089411764705885,B0041,119,3115,03115.csv,4,1.0000374999808574,49
440,5513.39,3.3751162200711295,1.9738816345942325,4.187200947787786,0.3613564717174217,0.5069483650943987,0.7118819165985553,1.009833327026415,0.45763365473456846,8.65548107609068,13.143596987494345,7.943016237886216,0.7055240909090909,1.9941909090909093,B0041,121,3117,03117.csv,4,0.991506494786248,50
432,5486.187,3.3621759630641312,1.96202217374659,4.186784389157799,0.3764304123397853,0.5074925374415709,0.7087682336017349,1.009193591238253,0.4591969651974924,8.759984675272241,14.777209247015293,10.566481129819028,0.7024194444444445,1.9726990740740737,B0041,123,3119,03119.csv,4,0.9655644425371016,51
433,5461.922,3.368210631607209,1.9654140118768375,4.186125026049552,0.3808097166954053,0.49859503874513633,0.6979549401469162,1.0088082268326934,0.4638511481965443,8.830297151200996,14.304402604245366,7.555362749008591,0.6915824480369515,1.9412632794457272,B0041,125,3121,03121.csv,4,0.9383311962439672,52
430,5438.157,3.370853913355754,1.986312676889039,4.186746028379296,0.37787517277057286,0.4955068309588486,0.6933835880946678,1.010320954977875,0.4658146087035281,8.799768115250679,14.331273599738246,7.6647837247130175,0.6871232558139534,1.928909302325581,B0041,127,3123,03123.csv,4,0.9298903389240268,53
426,5402.875,3.3581793261108124,1.9630747982406385,4.163158535852763,0.38606029613174975,0.47005262198142317,0.690359818753565,1.0124340477235452,0.46689129893284387,8.745105198865453,14.563719307573445,10.259799417097925,0.6842037558685445,1.9045774647887324,B0041,131,3127,03127.csv,4,0.9072117399448598,54
423,5384.438,3.37598164284238,1.9779431503032712,4.186772472927074,0.37956373831371276,0.4868936678838409,0.6857528666580077,1.0090835879550415,0.4686497588299315,8.946917298516645,13.829855263617011,7.125835809077542,0.6796236406619385,1.9065271867612295,B0041,133,3129,03129.csv,4,0.9176870676937324,55
419,5344.859,3.3752161891444517,1.9639398858129091,4.186831658425379,0.37957055919868077,0.48559591601535557,0.6851849598251349,1.0105284011067648,0.46905301964145235,9.040543925569377,13.737164003906685,7.024317689641257,0.6790081145584727,1.9026706443914083,B0041,135,3131,03131.csv,4,0.9157430721963028,56
415,5305.156,3.378276210248986,1.9702983324374248,4.186655518987532,0.3757561536731771,0.48187877529470624,0.6819555858467917,1.0086893503366123,0.47022679832199316,8.532733645586704,12.81091218035467,6.453410959633129,0.6760183132530122,1.8931469879518075,B0041,137,3133,03133.csv,4,0.9111662690050432,57
412,5284.547,3.3576825497066554,1.9730383300739132,4.18742749688236,0.3867764578035651,0.4901549862313228,0.6894430890414163,1.0089940440238492,0.4673319441226134,8.782675041661408,14.671197747849568,9.328410226441623,0.6833063106796117,1.9017014563106798,B0041,139,3135,03135.csv,4,0.8968901443572698,58
409,5267.843,3.372443445163586,1.9838761544280692,4.162787419492519,0.3789605489160836,0.45536707709373436,0.6748379529100429,1.0115567754248007,0.4728584187874451,8.560357801003482,13.038382746716444,6.580229933934458,0.6687418092909535,1.86319315403423,B0041,143,3139,03139.csv,4,0.8862133472800153,59
406,5229.688,3.3616482008091766,1.9788346452939312,4.187165554713402,0.38144755574253675,0.4874935266637799,0.6896019081466453,1.0167179389820475,0.46726675200117707,8.764133478033603,13.71449439237538,8.117643317767424,0.6834975369458128,1.9070689655172413,B0041,145,3141,03141.csv,4,0.8931124136187014,60
403,5206.954,3.355787384613788,1.981400280220432,4.187045396695641,0.3876066346895403,0.48846961675303735,0.6897912940905111,1.0092383149208406,0.4672017903700057,8.765404824218605,14.575589138075149,9.30236445355954,0.6836838709677419,1.9012506203473944,B0041,147,3143,03143.csv,4,0.880898507091054,61
400,5179.062,3.3727607964555295,1.9709138772975625,4.186293612544601,0.3829437868238819,0.4794554119608687,0.6800113783998651,1.009966218358327,0.4711679802223198,8.755093905294753,13.067203225526349,6.788081705328182,0.673904,1.8803824999999998,B0041,149,3145,03145.csv,4,0.8798879382023741,62
396,5144.109,3.3509928631825083,1.963309434324626,4.187093036345873,0.39213887959345045,0.48813549530439415,0.6918081030318416,1.0090929337978087,0.466383911834793,8.893802155578395,14.838581695723231,9.799582716064517,0.685710101010101,1.9015277777777777,B0041,151,3147,03147.csv,4,0.8682347537115443,63
395,5142.891,3.3532732844068915,1.969632856814267,4.1622764650624795,0.39535813865030583,0.4579907701075867,0.6809353982298061,1.0114348379697002,0.47062110641311156,8.81827276383748,14.14400886283852,7.277846586344979,0.674747341772152,1.8652936708860761,B0041,155,3151,03151.csv,4,0.8443569490395516,64
391,5109.734,3.3628002392609977,1.9745500537070804,4.186536627382842,0.38870944573543315,0.48115889983664895,0.6853513675715774,1.0109225916210234,0.46900755548191564,8.817889726396931,13.627764711730384,6.965111014307868,0.6790895140664962,1.8907161125319694,B0041,157,3153,03153.csv,4,0.8657093203148538,65
388,5078.937,3.3571560938046234,1.9757714925691652,4.186463574636571,0.3949958672813441,0.482578325468209,0.6878161509531268,1.008247978169289,0.4679962751755852,8.813349159884925,13.996072333026769,7.32204578266932,0.6817974226804123,1.8944639175257731,B0041,159,3155,03155.csv,4,0.848696904019178,66
385,5051.672,3.353212474513757,1.9845398354520496,4.186593388980786,0.3981093500274253,0.48261207890405977,0.6879539040604206,1.0087841111125984,0.4679005001508107,8.798028132789177,14.227945473001952,7.347090981900956,0.6819833766233766,1.8902805194805197,B0041,161,3157,03157.csv,4,0.8364948433646345,67
358,3360.922,3.4614155612128847,2.129158438168119,4.186140431282269,0.2708838729760505,1.1134723469168977,1.893937222207411,2.014638801503157,0.4729968526298085,30.57466734048236,36.717449850963185,13.800678858048052,1.8808402234636874,2.3881759776536313,B0042,2,1532,01532.csv,22,1.7287126633755356,1
348,3289.406,3.4852386922159138,2.1712317301519577,4.187001880186287,0.2518000459578476,1.1105749559031701,1.919584179064593,2.0148053114573066,0.4215739578666865,29.95773352180402,35.70113647811508,13.158566499030258,1.9061563218390805,2.439103448275862,B0042,4,1534,01534.csv,22,1.7314706281853145,2
341,3244.797,3.488650146996854,2.0952902803723332,4.187021318592124,0.2551536628914204,1.151581768383589,1.9414587224154318,2.015434761164688,0.3709931166693944,29.657371849977196,35.604456217007545,13.35115366773741,1.9277079178885632,2.465900293255132,B0042,6,1536,01536.csv,22,1.7282350363146088,3
336,3211.438,3.4946031502677606,2.1366970037230573,4.186893543931745,0.24709704277061392,1.147046758021609,1.952411218384564,2.0155565107237616,0.3420530935671847,29.58111945436258,35.76285352997919,13.617093467639908,1.938569642857143,2.4813898809523813,B0042,8,1538,01538.csv,22,1.720344742291621,4
330,3175.594,3.5041466859903747,2.168073033459323,4.187506351946306,0.241284878242549,1.1931103399894134,1.9696086717857546,2.015995237854003,0.29005707592880886,29.852452033753185,36.007677297437105,13.505741629871544,1.9557418181818182,2.507221212121212,B0042,10,1540,01540.csv,22,1.7221734367707635,5
274,2646.625,3.5813916541827884,3.3813406435619986,4.182774174856053,0.14312845339621985,0.8013736059884651,1.9976081862271116,2.0156141177062725,0.17145998548478947,29.44940696187815,33.431937420119205,10.326635465337084,1.9836116788321172,2.609649635036496,B0042,14,1544,01544.csv,22,0.0,6
321,3121.672,3.511927235956774,2.139145470034486,4.186160728297307,0.2399055527624708,1.4157814701965892,1.9934476128094072,2.0146673758608302,0.19372789762716217,30.133153080135422,36.26317829568585,13.127569273387259,1.9793570093457944,2.5398442367601244,B0042,16,1546,01546.csv,22,1.708669577331945,7
317,3102.937,3.509889497883845,2.0578186631112567,4.185572306171051,0.24317060004876856,2.127487070854433,1.9997503053848376,2.016448918600222,0.15927988180841995,29.740453708978055,35.7623078299739,13.094915426616566,1.9854018927444794,2.5429589905362775,B0042,18,1548,01548.csv,22,1.7036476485918646,8
314,3089.437,3.508503301766948,2.0659696365057045,4.185230831091511,0.24100609851613053,2.1189845842433175,1.999585705561481,2.016370882539026,0.16014265454942797,29.503354124651093,35.6522927277619,13.2548558617031,1.9852707006369428,2.542394904458599,B0042,20,1550,01550.csv,22,1.6958375743577971,9
311,3077.75,3.5093738486555153,2.1287000635251876,4.185842765241663,0.2356262641071895,2.0567466809816044,1.999480712152978,2.0173293605362743,0.16107642052483093,29.324509292718897,35.46408341742395,13.302863165221694,1.985149196141479,2.544273311897106,B0042,22,1552,01552.csv,22,1.6949064846676911,10
309,3074.875,3.5046118772654107,2.0313187007109774,4.181929749098425,0.24372138058372392,2.1503292399840155,1.9994501505976243,2.0179688284834034,0.16135041910286108,29.22569193760115,35.57686579319408,13.600058904315532,1.985060194174757,2.536378640776699,B0042,26,1556,01556.csv,22,1.6874768094352457,11
306,3061.891,3.5095049490219234,2.1649043558777703,4.185220171197086,0.23299583601284896,2.0201072515831826,1.9994453882461867,2.018830939124682,0.16237477410640735,29.238210532728655,35.388257294125744,13.347642791714136,1.984943790849673,2.539718954248366,B0042,28,1558,01558.csv,22,1.685989172917945,12
304,3058.469,3.505007993364287,2.0349571700229223,4.185080917700821,0.24449715559821905,2.1499026361095552,1.999407899212143,2.019325717882185,0.16272072088758324,29.20609205353922,35.480764002425865,13.476090662878583,1.9848493421052633,2.5355559210526315,B0042,30,1560,01560.csv,22,1.6782864747774933,13
301,3040.75,3.508074728787427,2.181544114739576,4.184485186999273,0.23271240103234117,2.0024870407772757,1.9990854937416902,2.0198651097991984,0.16366908303745975,29.183920322474094,35.44318242068533,13.447888966395038,1.984720930232558,2.5376378737541527,B0042,32,1562,01562.csv,22,1.6739647640901527,14
299,3037.641,3.505745200469688,2.113769860085841,4.1847915856010305,0.23844130712494913,2.0708556005125858,1.9991858462433614,2.019707495930309,0.16409293973060943,29.153714127894734,35.53526888191109,13.598072571573063,1.984622073578595,2.5348394648829427,B0042,34,1564,01564.csv,22,1.6722378801237066,15
298,3044.828,3.5048985290607786,2.098421577709346,4.184774909668599,0.2396477592085499,2.0860756305695207,1.9989914019015806,2.019811604847253,0.16433289691966665,29.10632507144163,35.63389752973798,13.801171843135204,1.9845885906040266,2.535506711409396,B0042,38,1568,01568.csv,22,1.675989790049197,16
295,3030.25,3.5020910209596536,2.037616415551784,4.183886479555269,0.2453847463984867,2.1459645038942714,1.9988805936646044,2.019941517456099,0.165194123177359,29.126742424015156,35.59922975777694,13.704325042608595,1.9844440677966095,2.532922033898305,B0042,40,1570,01570.csv,22,1.6618247672847988,17
293,3017.578,3.5056874475759354,2.187174985653482,4.185135902762495,0.23408632083774752,1.9978117560040687,1.998923841150207,2.020188403345957,0.16587746435524287,29.11535255703125,35.43687423276839,13.524415046313756,1.9843549488054606,2.539914675767918,B0042,42,1572,01572.csv,22,1.6606710352566112,18
291,3015.0,3.501789524982507,2.072733153164181,4.1851821245426,0.24345294574465334,2.1121906619473845,1.9987415414363179,2.0200971028016084,0.1664463960906678,29.12272547212756,35.61618852753751,13.735572261079803,1.9842659793814432,2.534687285223368,B0042,44,1574,01574.csv,22,1.6530644874507203,19
282,2999.454,3.5025833976800564,2.153538168709435,4.1837159565353605,0.23791436159697557,2.0301234449097887,1.9984095472185104,2.0220817004003178,0.1691495152993825,29.13774561916092,35.607533152172905,13.687383762945235,1.98382695035461,2.535741134751773,B0042,46,1576,01576.csv,22,1.649953986270456,20
292,3054.859,3.5037983873679237,2.0832977472531726,4.180907860399083,0.24150610209260048,2.0974461034083887,1.9987909313311893,2.02087074020935,0.1661497883919057,29.35747712988229,35.78017086282214,13.719795462832078,1.984488356164384,2.5370753424657533,B0042,50,1580,01580.csv,22,1.681297805444492,21
289,3034.875,3.512523395065813,2.199482829433638,4.1839131722082135,0.23357809302433133,1.9843645836872517,1.9987942581899858,2.0221682438178825,0.16704687659763542,30.058298726634376,36.29735151754127,13.394871120212631,1.9843328719723186,2.5430207612456748,B0042,54,1584,01584.csv,22,1.6700520424481298,22
287,3030.0,3.509324438333478,2.053610599291471,4.186499199755687,0.2464666052042417,2.132655925087253,1.9986644728662533,2.019460626145152,0.16763860302468225,30.335552136245834,36.77407258413331,13.518491102647118,1.9841205574912888,2.5411742160278745,B0042,56,1586,01586.csv,22,1.667181860354792,23
284,3011.781,3.507216525411572,2.0842633816547624,4.185720302344454,0.2443416814846501,2.101223622119368,1.9984721935924135,2.0196503096891822,0.16846964759270297,30.22790176989086,36.6898808416456,13.557327440355674,1.9839373239436617,2.537355633802817,B0042,58,1588,01588.csv,22,1.6568865613275168,24
281,2990.25,3.505518579562987,2.159988932810722,4.183888714545253,0.2393264303242785,2.023776816568367,1.9985308662699577,2.0197092405916743,0.16928982362690684,30.04068826163031,36.474588298798025,13.541013229800896,1.9837814946619217,2.5350249110320284,B0042,60,1590,01590.csv,22,1.6449819446579936,25
279,2980.234,3.5041328171645443,2.1678081694534352,4.18402917199016,0.23919937353889453,2.0157236652048125,1.9984054053915887,2.021433558764001,0.16995753555002327,29.995148407588697,36.537300845099665,13.781631433421843,1.983781362007168,2.5184444444444445,B0042,62,1592,01592.csv,22,1.639214585000014,26
279,2994.844,3.500597395262485,2.0092759412003707,4.1826825462923845,0.2531189225298718,2.173338605009336,1.9983882415644911,2.0209567624857296,0.1700044730122123,30.299545316589416,36.91332213005366,13.820663105172422,1.9838731182795701,2.5285949820788534,B0042,66,1596,01596.csv,22,1.6410599890208055,27
277,2987.672,3.5042529973432037,2.0586265993400703,4.1858935294796344,0.24931086192333396,2.127195410033064,1.998374293478694,2.0209872934269897,0.17057294293452885,30.68092451180232,37.19792815636057,13.621957318883084,1.9836743682310465,2.533375451263538,B0042,68,1598,01598.csv,22,1.643269651219848,28
275,2975.1100000000006,3.501278659398817,2.043267705708337,4.185186392104773,0.25144453953563206,2.1418028683431722,1.9981525515062302,2.0191972634782047,0.17127497767205582,30.663435287795615,37.30788971906059,13.798136323454791,1.9834909090909087,2.5291927272727275,B0042,70,1600,01600.csv,22,1.6298673102402297,29
272,2953.219,3.501431066556208,2.1921151659229676,4.184091250625792,0.24083274944593616,1.991976084702824,1.9980383822206629,2.0193297812824187,0.17210872734995875,30.40848004603748,36.91850317978018,13.662234002444631,1.9833198529411764,2.5315404411764706,B0042,72,1602,01602.csv,22,1.6238536344658807,30
271,2955.484,3.4934993616796306,2.009457332273357,4.185322505991986,0.2568970738937039,2.175698450260262,1.9979232246026066,2.021266928188253,0.1724670202227075,30.239404481904074,37.047150483309736,14.075360126170168,1.9832634686346862,2.523915129151291,B0042,74,1604,01604.csv,22,1.6186308887044174,31
270,2957.016,3.491928488990642,2.022898050960585,4.184033603294302,0.25536146978284663,2.1610218878377165,1.997803306177237,2.019754051447638,0.1726988224781119,30.138707501965232,37.11898525927804,14.364858836423721,1.9833348148148153,2.516488888888889,B0042,78,1608,01608.csv,22,1.6193418112441196,32
268,2948.219,3.4957274527798257,2.0786601580627257,4.186164958491378,0.2513729443430945,2.107349802502063,1.9980185647316375,2.0194164856966417,0.17348280155757334,30.490922726298486,37.20592886199134,14.00257657242145,1.9832917910447765,2.522630597014925,B0042,80,1610,01610.csv,22,1.614593271326993,33
266,2935.5,3.491932625000706,2.0245603644426806,4.18461988628569,0.2569598146346326,2.159901455434391,1.9977650982407589,2.018937306071589,0.17390782352489229,30.52916769412123,37.368553487110155,14.031712078816916,1.9830947368421057,2.518981203007519,B0042,82,1612,01612.csv,22,1.6072040891927848,34
263,2913.797000000006,3.4900059195673445,2.137881845040579,4.184040894709915,0.24914312804240055,2.0460042131292555,1.9975731627964834,2.0197870445936115,0.17501259640694927,30.179619049814637,36.95276259711366,14.013716455525518,1.9828334600760456,2.520490494296578,B0042,84,1614,01614.csv,22,1.6012663590062357,35
261,2900.703,3.487760577211602,2.1834760399486535,4.184856050801538,0.2470908066405051,2.0011875500655996,1.9975539729276182,2.019731795851263,0.17561806799162002,29.93310245467766,36.815592394057184,14.185830540686354,1.9826988505747127,2.5147816091954023,B0042,86,1616,01616.csv,22,1.594040741063104,36
261,2914.031,3.4820338003810947,2.0156684625826635,4.183683003795162,0.25984811517974876,2.1680145412124983,1.9973829316274176,2.0193579089897273,0.1758007562380755,29.855112852408766,36.96422627426333,14.616391698797631,1.9827609195402303,2.5069463601532567,B0042,90,1620,01620.csv,22,1.5946888289374477,37
259,2901.968,3.4857768989088593,2.0632481862122884,4.184611325870051,0.2559032712560586,2.1211128737848806,1.9975492343534866,2.019389721774823,0.17643858023720135,30.257387669276046,37.23035953747147,14.401503883424699,1.98272277992278,2.5123050193050194,B0042,92,1622,01622.csv,22,1.5882100957302596,38
258,2901.734,3.484962036012865,1.9973214087149431,4.185413957037178,0.2624484222293726,2.1878262039060097,1.9975022770940793,2.0213797301297833,0.17681801074504713,30.562785800580222,37.46832272742832,14.242078281683899,1.98265503875969,2.513317829457364,B0042,94,1624,01624.csv,22,1.587985558077698,39
256,2887.407,3.4839596946536755,2.040034213071634,4.184723241072492,0.25974196744964095,2.144546305211857,1.997334294795813,2.019502208637406,0.17738725425192725,30.59004134732037,37.650592081498104,14.414878227742388,1.9824390625000003,2.509734375,B0042,96,1626,01626.csv,22,1.5799165406650344,40
253,2861.937,3.479594890613384,2.11763338483894,4.182701394192162,0.25496671083548966,2.064808293468203,1.997129993473296,2.02072945969767,0.17849802847912946,30.190272809188617,37.16199226931662,14.269110267447395,1.9822007905138337,2.508873517786561,B0042,98,1628,01628.csv,22,1.5655946193652834,41
91,1055.25,2.7052764231784736,2.166646513631925,4.181775825418943,0.310406432424863,2.014835832222928,3.938418442736194,4.032113976084337,0.5934674788087446,24.183402923813027,36.86635295736364,31.08074005399327,3.9130791208791202,0.7422417582417582,B0042,102,1632,01632.csv,4,0.0707012773734017,42
87,1012.187,2.679525148874618,2.1499182639223604,4.178606054628232,0.3271122279216182,2.028249551869576,3.9351759952435854,4.034013050651154,0.6068500109958983,23.826987359225914,38.12553242159685,32.29262195687706,3.909034482758618,0.7122643678160919,B0042,106,1636,01636.csv,4,0.0841687853013907,43
85,991.172,2.6791157950874176,2.1626004782242956,4.187711795130632,0.3314673684165601,2.025098642624521,3.9330339281400906,4.034190401454665,0.6138330900783616,23.77974968565753,38.33981699002702,32.14928445044966,3.906870588235292,0.7202,B0042,108,1638,01638.csv,4,0.0844378562146582,44
84,982.094,2.671214412999543,2.174009268733748,4.188160354925031,0.34506378608512106,2.0141510861912826,3.931706230144769,4.032988970431842,0.6176461512730752,23.729074463498666,37.77196459678644,33.02713429501014,3.9057499999999985,0.716357142857143,B0042,110,1640,01640.csv,4,0.0847891906059033,45
95,1063.609,2.691575483192303,2.1861984912538444,4.147325113187213,0.31870037793794403,1.9607003550272126,3.942868822909943,4.034270870730653,0.5808971142666591,24.093822128089528,36.82466507220515,32.094647865736924,3.916781052631577,0.7249263157894738,B0042,112,1642,01642.csv,4,0.0933425818344258,46
95,1067.641,2.6739113004169983,2.1758569457027304,4.178007633870366,0.3303018249972619,2.0018465513931196,3.943133668889635,4.035551171922283,0.5812457222771108,23.99346261249294,38.55810679258891,32.36741135816483,3.916781052631577,0.7033368421052633,B0042,115,1645,01645.csv,4,0.1060318013139778,47
93,1048.687,2.674532494466212,2.1928857082631903,4.187777600667363,0.350004677875306,1.9947874434817536,3.941238449762143,4.0336360496244295,0.5872212631787938,24.134267829139272,38.71410921886447,32.95804819085894,3.914969892473117,0.7088817204301077,B0042,117,1647,01647.csv,4,0.106505866207118,48
92,1039.984,2.672674327169749,2.1962120524397566,4.187801760321389,0.3479345495580601,1.99154961250637,3.940098411106424,4.0344969748098904,0.5903619004446731,24.399198659580694,38.82770605774448,33.307474472984836,3.9140347826086948,0.7096630434782609,B0042,119,1649,01649.csv,4,0.0943911158551295,49
61,687.328,2.795919785016863,2.177441070098024,4.187724346556428,0.35951719903755675,2.0102832764584044,3.895915337791737,4.034666797827482,0.722756335706361,19.290333517015608,28.576587463983177,23.02354012890439,3.8698393442622963,0.8343114754098361,B0042,121,1651,01651.csv,4,0.0945059592738711,50
92,1047.531,2.6474329497500486,2.1475982200987445,4.184585351637899,0.3352251589059096,2.036565754955595,3.939911966880655,4.034572987789034,0.5903850036310007,24.880141621063864,39.82101597656743,35.38347390805758,3.9140347826086948,0.6869999999999999,B0042,123,1653,01653.csv,4,0.0821145610821562,51
91,1038.375,2.650103128820241,2.1889636369151995,4.174370629404978,0.33398386846991535,1.9850851291458462,3.9391677500177606,4.03512977633892,0.5936477083694339,24.484790248053308,39.40691039052945,33.21889052261679,3.9130791208791202,0.6866153846153846,B0042,127,1657,01657.csv,4,0.0951847063194674,52
90,1030.703,2.6386351740397065,2.1591530449897105,4.187149567075233,0.3388331894699372,2.0279965220855223,3.938160748076452,4.03420892483412,0.5966019413973906,24.324380281877854,39.34611379625948,33.0785348632173,3.9120999999999992,0.6722,B0042,129,1659,01659.csv,4,0.0953912999865905,53
88,1010.765,2.641516205964566,2.1872998670546773,4.186990272639876,0.35811048741592694,1.9995480397626748,3.9364453051464534,4.03394881658736,0.603407832845876,24.31173812149945,37.81632351305823,32.69545231625312,3.910081818181818,0.6724772727272726,B0042,131,1661,01661.csv,4,0.0828966456585456,54
89,1025.719,2.6361490952131295,2.1645340110741715,4.187147788668544,0.34271475275592805,2.0226137775943727,3.9374486872527408,4.034576773439992,0.6000762295196204,24.798155128694976,39.87139328791911,35.662096947361604,3.9111033707865164,0.6675730337078651,B0042,133,1663,01663.csv,4,0.083431990364526,55
88,1016.859,2.6207075351068374,2.1770285343272047,4.18639765148157,0.3426070093630132,2.0093691171543657,3.936281895053485,4.034351864470546,0.603590708563538,24.477937441374635,39.50565821587436,33.25070325846003,3.910081818181818,0.658159090909091,B0042,135,1665,01665.csv,4,0.0962477215649569,56
85,1021.079,2.609437196185719,2.141111284495936,4.171541055891453,0.3657871460538147,2.0304297713955166,3.9329880376586708,4.0360153311832665,0.6140996208802835,24.426888204419104,38.61632478517865,33.200600699283825,3.9068729411764695,0.6470941176470588,B0042,139,1669,01669.csv,4,0.0871279249656989,57
87,1010.562,2.6133279392952935,2.169659057289744,4.185612994515991,0.3482167271285763,2.0159539372262474,3.9348711002995205,4.034406713148468,0.606988152241314,24.529804368213707,39.5809379115645,33.55098256058973,3.9090367816091938,0.6552758620689656,B0042,141,1671,01671.csv,4,0.0968191218275757,58
86,1003.313,2.6084761921076955,2.181654361966916,4.185815228961297,0.3656471398813495,2.004160866994381,3.9340089265905283,4.03395759066338,0.6102831574448516,24.521420210496924,38.80523939319278,33.38096691280775,3.9079651162790676,0.6511162790697674,B0042,143,1673,01673.csv,4,0.084400548913451,59
86,1006.187,2.602763654326182,2.152597184317211,4.185190800042781,0.34739889968499443,2.03259361572557,3.9339085808962784,4.035821871740746,0.6104429746927179,24.626500323697712,39.65831560799121,33.48702223289776,3.9079674418604635,0.6395232558139535,B0042,145,1675,01675.csv,4,0.0977012171667452,60
85,996.765,2.5909779927483028,2.1543073222809688,4.185054518834841,0.36995988961334525,2.030747196553872,3.933060350490302,4.036045295099187,0.6136417348814076,24.561944088587065,38.948661840205986,33.62338804295335,3.9068729411764695,0.623835294117647,B0042,147,1677,01677.csv,4,0.0851742647657266,61
85,999.422,2.5818616349209504,2.177098848593695,4.168001002398225,0.34916693053039344,1.990617435141262,3.9328133118112514,4.034780378871755,0.6135511972249934,24.349376846518034,39.202440143533465,33.027254037661145,3.9068729411764695,0.6193411764705883,B0042,151,1681,01681.csv,4,0.0847199354487912,62
84,990.234,2.5894657078700765,2.1860372690383523,4.184494029120111,0.35736381744686374,1.9984567600817584,3.931442483824809,4.033579787707524,0.6171178276724865,24.83962802826491,39.957340694247904,35.296263671883644,3.90575238095238,0.6347619047619049,B0042,153,1683,01683.csv,4,0.0854883696989364,63
52,608.953,2.74324665969125,2.151510007358308,4.184245249283899,0.38641725223762735,2.032735241925591,3.8726297778107583,4.03486917319316,0.7817023806279867,18.664216427377188,27.779193601334228,21.998180111821302,3.8471384615384627,0.7891923076923077,B0042,155,1685,01685.csv,4,0.085777499334335,64
50,586.719,2.7253834676969557,2.186039852986656,4.188328512345139,0.40071338995291167,2.0021298338447786,3.866632309551034,4.034128418138735,0.7969077072517556,18.036688378070966,28.17217588027361,22.212509790372444,3.8409840000000006,0.7706399999999999,B0042,157,1687,01687.csv,4,0.0859555325524583,65
49,575.922,2.719690012340044,2.194439659521147,4.183150067115272,0.40355466440231047,1.988378578336035,3.863052351120637,4.035982933293039,0.8045630634726566,18.05907472602224,28.019806483186763,22.023772244983775,3.8377183673469397,0.7625714285714286,B0042,159,1689,01689.csv,4,0.0861479697965832,66
88,1050.406,2.615760645023181,2.1996590897894817,4.146111713893696,0.33699877749831675,1.9460457329010343,3.9362224838244644,4.03581430505571,0.6036312868132133,24.76547773055195,39.575497528042895,34.9624651603085,3.910081818181818,0.6455909090909091,B0042,163,1693,01693.csv,4,0.0865245080899333,67
87,1040.75,2.5894472814365503,2.1361070306368717,4.168085841455298,0.35325583762055934,2.0314559819607583,3.935267346074326,4.034670379890685,0.60674144198145,25.247650848522692,40.52562745153084,36.3160334261228,3.9090367816091938,0.6244252873563219,B0042,167,1697,01697.csv,4,0.0867603642868573,68
85,1019.125,2.5730668910828003,2.1419779252621813,4.183024595509789,0.36191459541957927,2.0410466702476073,3.9325874401041485,4.034567644462774,0.6137079699061562,24.850317398468412,39.732594757918605,33.62110807844992,3.9068729411764695,0.6175999999999999,B0042,169,1699,01699.csv,4,0.0866202538937107,69
52,618.844,2.7401588017218352,2.1988863560155885,4.183194814686632,0.3898438523769817,1.9843084586710438,3.8727999832071216,4.035671934777944,0.7815988428752616,18.864531156596232,28.137335489275593,22.374706215752525,3.8471384615384627,0.7850192307692307,B0042,171,1701,01701.csv,4,0.0869802394927499,70
86,1039.547,2.5703065006615917,2.122954770697664,4.187955458211665,0.3575633606255261,2.06484892212978,3.933637026469155,4.0334227980197594,0.6103758324122573,25.750153086607327,40.647285732276394,36.530577736128244,3.9079651162790676,0.6185581395348837,B0042,173,1703,01703.csv,4,0.0738778711347396,71
83,1004.328,2.554774172450461,2.152849839303629,4.182683957990996,0.36231721029749164,2.0298341186873667,3.9301112182429354,4.033737999973946,0.6212481790795114,25.210180888220314,40.39876505346307,34.277829783118136,3.904604819277108,0.5989036144578312,B0042,175,1705,01705.csv,4,0.0877586570223188,72
83,1005.75,2.569770688194377,2.196522899315092,4.162514481062673,0.35630517580833887,1.965726725506666,3.9307548247729884,4.033875415877974,0.6213196030375633,25.400612986280134,40.90163609300309,34.75663599868045,3.904604819277108,0.6031686746987953,B0042,179,1709,01709.csv,4,0.0879057630027299,73
82,995.797,2.5650203867450827,2.197996842344396,4.182351033163065,0.35901186991949086,1.984354190818669,3.929501181608493,4.035122004029501,0.6246972943006467,25.47246500800018,41.18900895779625,35.02996289190103,3.9034292682926823,0.5952439024390244,B0042,181,1711,01711.csv,4,0.0880878488220017,74
82,998.921,2.5498903733729468,2.1297135396833,4.18217351248383,0.36603579287612137,2.05245997280053,3.92912394117899,4.034188562278321,0.6248477665024397,25.7066698253335,41.34432689728045,35.02868979038481,3.9034292682926823,0.5876341463414634,B0042,183,1713,01713.csv,4,0.0883425026815871,75
81,989.141,2.541309292458781,2.167460006041706,4.182212563987984,0.3738117875701573,2.014752557946278,3.9284467564220784,4.035608644890248,0.6285326909315901,25.73079046383608,41.46126781944402,37.15433002222249,3.9022246913580245,0.5821728395061728,B0042,185,1715,01715.csv,4,0.0746305533274507,76
80,979.203,2.532211294556467,2.188428099048639,4.182029042319134,0.37280882166886775,1.9936009432704949,3.9267682674435918,4.03477323779569,0.6323576454163659,25.610151874322735,41.26138545585116,34.95531251729686,3.90099,0.5733750000000001,B0042,187,1717,01717.csv,4,0.0748569866512269,77
81,994.031,2.5336398931006547,2.1364927300394707,4.1594358105794,0.3666005614852956,2.022656959842767,3.9278468443801544,4.035478262157419,0.6284205809779505,25.871001272619925,41.67057172451578,35.362141026482774,3.9022246913580245,0.5722962962962963,B0042,191,1721,01721.csv,4,0.0752757364314176,78
79,971.516,2.5300104336765603,2.191166300272401,4.181389260665308,0.37390043732143247,1.9902229603929071,3.9256584663973166,4.0348123254431405,0.6363022378514612,25.600970602838455,41.18674777166984,35.10311165467806,3.89972405063291,0.563113924050633,B0042,193,1723,01723.csv,4,0.0753235186048872,79
66,810.563,2.5687661609629626,2.1913163423875845,4.1811310594098385,0.3923625325049089,1.9897290981942932,3.905891980732295,4.036198260626553,0.6956723101143345,22.97283104775157,36.899850438855346,30.84591056096677,3.8797757575757577,0.595969696969697,B0042,195,1725,01725.csv,4,0.0755376530236719,80
49,599.047,2.6667675405848916,2.1777089403180425,4.183136931480622,0.42290598545798064,2.005427991162579,3.863374136093203,4.035140494431039,0.805190404190874,19.739623944709617,29.79153666326944,24.0325502081579,3.8377183673469397,0.6916734693877552,B0042,197,1727,01727.csv,4,0.0758428560612825,81
10,109.078,3.105121186216066,2.1316975124246333,4.186858423852253,0.7327716184802328,2.0551609114276195,3.22393930405399,4.034942103518998,1.6985699313444969,6.0573358126113375,9.15118085083689,4.767962649764201,3.200920000000001,1.1476000000000002,B0042,199,1729,01729.csv,4,0.0759921803489148,82
10,109.171,3.133556616526209,2.1969934922661687,4.173229464797026,0.7018997616734779,1.9759580868007167,3.224715456452705,4.03535806126515,1.6991312753405203,6.452306826213871,8.639171556267463,2.6290275793465963,3.200920000000001,1.1763000000000001,B0042,203,1733,01733.csv,4,0.0762165260959199,83
9,96.484,3.175407439924743,2.176704190563002,4.182309477232018,0.7185368145090386,2.0047384649446816,3.1340292995007246,4.03389585056911,1.7770435657016688,5.8829411130714435,8.36040279366827,3.7691497307805983,3.112022222222223,1.2165555555555556,B0042,205,1735,01735.csv,4,0.0621692314155252,84
10,109.094,3.102016459243783,2.137070814591814,4.179128534299532,0.7319441908285924,2.041799951053733,3.224095150373821,4.034621719624155,1.6985459771944957,7.141415346306763,10.13355592147926,4.521858365680474,3.200920000000001,1.1403,B0042,207,1737,01737.csv,4,0.0759822277461493,85
9,96.906,3.145442873663138,2.082550981383133,4.181278186068862,0.751699211385315,2.098216597944876,3.134890688113641,4.0354552764801035,1.7752873287484312,4.976092805264432,7.825436879589506,4.320084829741283,3.112022222222223,1.1872222222222222,B0042,209,1739,01739.csv,4,0.0622701354894356,86
9,97.015,3.1652602154514007,2.144385419639702,4.180985964629633,0.7306952758019836,2.036051219971069,3.1337747765377175,4.033746345766042,1.775190823980245,6.411857494253951,8.862063004604039,3.7407789909365174,3.112022222222223,1.2048888888888891,B0042,211,1741,01741.csv,4,0.0625944660879844,87
457,5608.781,3.375833171038118,2.1679616860507585,4.091725418867881,0.3035495162823601,0.9547342228112039,0.9606170760024842,1.0117101728405982,0.21074159436094533,8.336150156814936,12.075623262738652,7.20917531205918,0.9530840262582058,2.7864989059080965,B0042,215,1745,01745.csv,4,1.4377344766079456,88
463,5703.296,3.4250125349211604,2.1808501795778437,4.159841572444575,0.31277377994491895,1.1770633867240408,0.9944195894158236,1.0157168253561746,0.11385176793342676,8.088311260303593,11.61044167945082,7.218049657788122,0.9858613390928723,2.9229157667386607,B0042,219,1749,01749.csv,4,1.5246019289244055,89
459,5668.032,3.427812476893316,2.148712088809679,4.180350451491815,0.32052511084613705,1.3023855925685264,0.9986292541736457,1.014585811777543,0.09352917038560707,8.108636077883194,12.416393344856289,6.838070133882946,0.9900810457516339,2.9404596949891064,B0042,221,1751,01751.csv,4,1.5215273965539478,90
455,5634.047,3.4260236276092266,2.126630218048744,4.180484652340476,0.3215687763952835,1.4559207136156833,1.0007745191441815,1.0152252739169738,0.08159960414124064,8.179473273978417,12.741907914911504,6.899830007717362,0.9921226373626371,2.9436285714285715,B0042,223,1753,01753.csv,4,1.5155323631175952,91
449,5582.375,3.427137964017458,2.177720591678305,4.179828984428225,0.3163053781987297,2.00210839274992,1.0029400958959638,1.015528714589196,0.06708945886701162,8.133323147997125,11.812176644627147,7.869654424848751,0.9943126948775054,2.9499999999999997,B0042,225,1755,01755.csv,4,1.5044249661534554,92
447,5567.329,3.4224753028837007,2.1738551413791023,4.179688473119865,0.3197916532031986,2.0058333317407624,1.002976218809888,1.0152994782253597,0.06721379993065846,8.221548017024785,12.77319183354637,6.846494411257416,0.9942098434004473,2.945736017897092,B0042,227,1757,01757.csv,4,1.5001507149498807,93
442,5528.453,3.4137666152192327,2.1739453453589515,4.156718320546126,0.31639252890085534,1.9824699073538459,1.0029036577307848,1.0156907563945252,0.06752646817080861,8.196033184015116,11.714847602816857,7.6002375671940285,0.9942027149321265,2.9336855203619905,B0042,231,1761,01761.csv,4,1.489011227320312,94
440,5513.39,3.415284661394718,2.1496986936751377,4.179126280631904,0.32262120505684655,2.029427586956766,1.002852610333621,1.0141702039281322,0.06778070285380103,8.16363192494008,11.58953853216132,6.7325961324082915,0.994116818181818,2.938275,B0042,233,1763,01763.csv,4,1.4810149357562843,95
432,5486.187,3.411339830211172,2.1308714510516316,4.178321190076967,0.3233016608647856,2.0474497390253354,1.002761137143926,1.015116075388854,0.06835689136898715,8.182297960881899,12.228023164640565,8.453712504996016,0.9941277777777776,2.934754629629629,B0042,235,1765,01765.csv,4,1.476262027748574,96
433,5461.922,3.406171736681637,2.1249846428522594,4.177914160605347,0.32837900403271286,2.0529295177530877,1.0028500275234071,1.0161898571210812,0.06824666386381228,8.239851195999249,12.995413081963957,6.882391683817719,0.9941039260969974,2.9292725173210163,B0042,237,1767,01767.csv,4,1.466255102543896,97
430,5438.157,3.404061107280645,2.124079082604729,4.177668141485771,0.3290229852864129,2.0535890588810424,1.0027555810883053,1.0156335856045815,0.06859592051685862,8.314381068196377,13.00690019959285,6.8947482099377675,0.9940832558139533,2.9269069767441858,B0042,239,1769,01769.csv,4,1.459328259381702,98
426,5402.875,3.3920891926927386,2.157698091133544,4.153042890139087,0.32620921810980985,1.9950652464993306,1.0027471224260915,1.0151373782288406,0.06883922923021542,8.203300249486228,13.003396618491456,9.079854179575488,0.9939976525821594,2.9113849765258215,B0042,243,1773,01773.csv,4,1.445704157754381,99
423,5384.438,3.3962072676781316,2.128860427750212,4.176783274878805,0.33247618781377203,2.0479228471285933,1.0026619793717586,1.0156661309978,0.06897081127882745,8.252382764570392,12.802739574235911,6.850969933020369,0.9939886524822694,2.9184680851063827,B0042,245,1775,01775.csv,4,1.4400686089389023,100
419,5344.859,3.395827065629725,2.162828573021361,4.176835821672092,0.33128727436915745,2.014007248650731,1.002740647957347,1.015570651710456,0.06941585682134341,8.247452041994245,12.748426837127605,6.919230339219211,0.9940420047732694,2.9160787589498804,B0042,247,1777,01777.csv,4,1.4290313659547842,101
415,5305.156,3.3924931276502397,2.188289788257471,4.1765571620332524,0.330798824769075,1.9882673737757814,1.0027179745166037,1.0147574189655575,0.0697088129087957,8.179356055314594,12.453422458173543,6.618878237264289,0.9941845783132529,2.911272289156626,B0042,249,1779,01779.csv,4,1.414172188151386,102
412,5284.547,3.3892835023894143,2.1285029465259013,4.1766999837334025,0.3314821779406977,2.048197037207501,1.0026894950538923,1.015910590106893,0.07002895546533731,8.33800631225338,12.1691500239434,7.178611318237847,0.9940626213592234,2.9090194174757285,B0042,251,1781,01781.csv,4,1.415603079129078,103
409,5267.843,3.377876069069322,2.158726692822152,4.150196439454072,0.3322352169765736,1.9912325132727466,1.0025103497063337,1.0159094949842238,0.07020089635875713,8.293330795902381,12.726444405331804,6.76287713904476,0.9939183374083127,2.896427872860636,B0042,255,1785,01785.csv,4,1.3994410223300702,104
406,5229.688,3.386987302997725,2.1998128745691083,4.175707583064406,0.32930256444711337,1.9758947084952974,1.0024134076376698,1.015635228418542,0.07058910174117246,8.373136255476883,12.125723483812015,6.908158362941422,0.9938453201970442,2.9070197044334973,B0042,257,1787,01787.csv,4,1.395963528579491,105
403,5206.954,3.3829130588839496,2.1540885607694915,4.176508363415245,0.33233769386618744,2.022419802645753,1.0024655689800792,1.016152801679653,0.07063646991978208,8.329037453715973,12.11350286924164,7.189520423235966,0.9938868486352356,2.902650124069479,B0042,259,1789,01789.csv,4,1.3929784652630588,106
400,5179.062,3.3774651407729346,2.159795216779738,4.175329405348679,0.33771628980774465,2.0155341885689406,1.0024461693775724,1.015180208545858,0.07106645332489643,8.396128944133206,12.960410174687055,7.180117079259515,0.9939975000000001,2.8927099999999997,B0042,261,1791,01791.csv,4,1.3740772023800918,107
396,5144.109,3.3780934843236405,2.185043715780537,4.1751813693585715,0.3312992684111992,1.9901376535780346,1.002355515867145,1.014696180145089,0.07144076081852184,8.43692173445999,12.4262328165013,7.951410552730904,0.9938454545454544,2.897631313131313,B0042,263,1793,01793.csv,4,1.3752493030002435,108
395,5142.891,3.364163079749717,2.1784898920030544,4.147372136171002,0.3339068084554881,1.968689616715162,1.0023378437056385,1.0153472628222506,0.07148806728052425,8.419794670115083,13.21754189086476,6.943936767367333,0.9937362025316454,2.8818531645569623,B0042,267,1797,01797.csv,4,1.3671966130854505,109
391,5109.734,3.3705853863809336,2.189853076065801,4.174822480867543,0.33671508512026915,1.9849694048017419,1.0021679698004895,1.015989585590983,0.07188073491995119,8.409805733876953,13.047668558877342,6.930013941889357,0.9936445012787722,2.8921099744245526,B0042,269,1799,01799.csv,4,1.356887600783644,110
388,5078.937,3.366371835007897,2.169597235193881,4.174669508085626,0.34037966897149086,2.005072272891745,1.0021759719497005,1.0147917391902936,0.07220075962900009,8.370055044633526,13.073094195785368,6.986007444030551,0.9936659793814431,2.8869510309278357,B0042,271,1801,01801.csv,4,1.3449320225969348,111
385,5051.672,3.360943897156673,2.153907127504055,4.174072805021775,0.34204820285014365,2.02016567751772,1.0021901409949285,1.0152446711938672,0.07248047812156383,8.33428157906845,13.27910289077086,6.988989326203553,0.9937948051948051,2.88005974025974,B0042,273,1803,01803.csv,4,1.3374691704584258,112
358,3360.922,3.475911687674208,2.421307986424623,4.204104775621549,0.23437927530953923,1.0000236812815815,1.8551386250615751,1.990987822798042,0.4977349328291732,30.907894474048284,36.84241052511593,14.087945804413234,1.8653145251396652,2.2728966480446924,B0043,2,739,00739.csv,22,1.713782642126885,1
348,3289.406,3.4897388185035,2.4612810169393184,4.2050537738824865,0.22877628481609583,0.961716009772041,1.8689201510654896,1.9917802328214216,0.4740013137630311,30.363796429604484,36.2511342416132,13.873909623784883,1.8786954022988507,2.29707183908046,B0043,4,741,00741.csv,22,1.6955681658647108,2
341,3244.797,3.4901234321768033,2.3997609695216755,4.204546702288046,0.23280107880814663,0.9591761623798489,1.884059999964965,1.9921619298055877,0.4450061095752385,30.07611798184701,36.12855723169499,14.00752627891908,1.8938000000000004,2.312926686217009,B0043,6,743,00743.csv,22,1.6814906372051954,3
336,3211.438,3.4940185374934947,2.399740066713552,4.204756646870948,0.2317414226400052,0.9523383856808789,1.8941071676029897,1.9914034366675073,0.4237674561702285,30.05896964075817,36.352517880569266,14.272939861704657,1.9041386904761906,2.322199404761905,B0043,8,745,00745.csv,22,1.6786372409532953,4
330,3175.594,3.5005489873453817,2.3786378834863195,4.204750835132976,0.2340968441895066,0.9763274496368051,1.910369256228424,1.9917916805558111,0.38712992093347154,30.417149405736243,36.75256708066779,14.204498507818894,1.9206163636363636,2.3503454545454545,B0043,10,747,00747.csv,22,1.6694168550864992,5
274,2646.625,3.579339612317741,3.3579241790202077,4.2033864964434615,0.15039988978261165,0.8454389802449547,1.9739982626160064,1.9916737594555385,0.16932075686412779,29.92385834200675,34.26334191029433,11.151651073054012,1.9847649635036497,2.487266423357664,B0043,14,751,00751.csv,22,0.0,6
321,3121.672,3.507465391169604,2.416288536712014,4.204901465726193,0.23319848482941838,0.988621810528497,1.9268089450002057,1.992343743472965,0.3457672922612873,30.617574721987218,36.83142721849718,13.535440157819618,1.9370398753894082,2.371903426791277,B0043,16,753,00753.csv,22,1.6611938521224778,7
317,3102.937,3.5054667200956016,2.3791815969853816,4.205123789023272,0.23585309467455992,1.003886869764294,1.9324810717099419,1.9917617417601157,0.33051462401076487,30.258236869364143,36.54735803665934,13.70827378956908,1.9425552050473185,2.3711514195583594,B0043,18,755,00755.csv,22,1.6506423382064332,8
314,3089.437,3.505146635224542,2.4666546752460183,4.204720843069481,0.2280916137567184,0.9461993395816903,1.9255143226505498,1.9926632981632448,0.3494979236591094,29.936684037867014,36.223678523702304,13.928642914879124,1.9356452229299363,2.3666974522292996,B0043,20,757,00757.csv,22,1.6424273190907783,9
311,3077.75,3.5024428414174498,2.429311406516166,4.204351643955918,0.23105125327166043,0.9417333169026811,1.924996304077744,1.9910210969809976,0.35095926206107075,29.74762436888935,36.16960256825446,14.11391102836173,1.9350366559485528,2.356993569131833,B0043,22,759,00759.csv,22,1.6353664801041328,10
309,3074.875,3.5007336141613488,2.4024069940444392,4.203254409200642,0.23310693239680255,0.9387259521142575,1.9244453897758484,1.9917602339187832,0.35209227331094245,29.699035458962353,36.19613432531801,14.163797662511474,1.934623948220065,2.3572459546925564,B0043,26,763,00763.csv,22,1.633232875930849,11
306,3061.891,3.501947249481621,2.406157541131262,4.204230992986033,0.2336443659403784,0.9309594410394695,1.9239388762667655,1.9925408228773611,0.35373238537466306,29.746622188626663,36.217566438813456,14.079621652094144,1.9339738562091504,2.349271241830065,B0043,28,765,00765.csv,22,1.6258840554387932,12
304,3058.469,3.5002499918856302,2.415785415380386,4.204061240829561,0.23237973149792668,0.9011328082255856,1.9168965200689665,1.992323077219212,0.3715301331726989,29.642987306218718,36.09047688646367,14.15982943785539,1.926975657894737,2.343921052631579,B0043,30,767,00767.csv,22,1.617976174654771,13
301,3040.75,3.5007698538114447,2.400209592232293,4.204423283955662,0.23447884603169963,0.915945380710661,1.9227426159384964,1.992372409835,0.35675513246139157,29.6639395578783,36.148984496134304,14.075317847991318,1.932899003322259,2.351202657807309,B0043,32,769,00769.csv,22,1.6136652707273988,14
299,3037.641,3.5004947608560313,2.4374747406672226,4.204490583977483,0.23168681954216633,0.8803121707024286,1.9157256805286993,1.9935372199400443,0.3745807269972325,29.637650852441404,36.15795969792578,14.102928601130692,1.925752508361204,2.3504816053511703,B0043,34,771,00771.csv,22,1.605821026619692,15
298,3044.828,3.4961700451758575,2.3865949081957893,4.202477824031488,0.2352574907903917,0.8650400239912668,1.9087255587088567,1.9925774400879448,0.3911716567549528,29.593597067401642,36.16956081888435,14.366536027052831,1.9187993288590608,2.3296442953020136,B0043,38,775,00775.csv,22,1.6033527961961531,16
295,3030.25,3.4993157107183803,2.4489169685849195,4.204489330076927,0.23153602913171725,0.8491490373499451,1.9078698814853214,1.991618906287858,0.3930713755582708,29.63922727943674,36.13182777424954,14.090537653604496,1.9179918644067795,2.3369423728813556,B0043,40,777,00777.csv,22,1.5951342406182645,17
293,3017.578,3.50080829213355,2.4933649317176108,4.204953662033176,0.22873273664739954,0.833729058546123,1.9074601196129577,1.991997740216363,0.3942467659594344,29.666195384468185,36.12995412374782,13.899162614627869,1.9174279863481227,2.336170648464164,B0043,42,779,00779.csv,22,1.5878135544728509,18
291,3015.0,3.497552326899387,2.473993010608268,4.204018303566451,0.22965414686514424,0.8140261190785893,1.9000196703078032,1.9916623493440428,0.41109412374602117,29.635949832755518,36.115379230424814,14.234919709257419,1.9099986254295533,2.3269450171821306,B0043,44,781,00781.csv,22,1.5800601969084245,19
282,2999.454,3.4969748978677377,2.4568566798816054,4.20390099564762,0.23241626897386067,0.8239007432455323,1.9041452044854006,1.9915432702858615,0.40180402242360075,29.671876354508125,36.260266208231016,14.153292746276545,1.9142234042553192,2.3302021276595744,B0043,46,783,00783.csv,22,1.575565087879128,20
292,3054.859,3.4931433851686124,2.389783772934692,4.19682124697899,0.2353721285996449,0.8227049427588864,1.8929472665362916,1.9935482540074148,0.4251608695312492,29.993152820136338,36.73407518988127,14.793882551852413,1.9035075342465755,2.3066917808219176,B0043,50,787,00787.csv,22,1.5950169012164208,21
289,3034.875,3.500270597096414,2.3834815017568327,4.202479371762253,0.23783691321078163,0.8399396055429609,1.8991542942688262,1.9935266008477737,0.41235851081519265,30.681276254794994,37.354359945059734,14.560119655344774,1.9094173010380622,2.3298200692041524,B0043,54,791,00791.csv,22,1.5898075522577595,22
287,3030.0,3.5026578112869,2.427559147580718,4.204284851556785,0.23514520502670258,0.8127458898570401,1.8917722041126424,1.9920971011220756,0.4285496097497634,30.871236598447616,37.40944456827136,14.26036420948449,1.901796515679442,2.3240662020905924,B0043,56,793,00793.csv,22,1.5807953202097411,23
284,3011.781,3.5018704137639554,2.458384607788224,4.20378732342866,0.23341760190373734,0.7963597929858302,1.8907905963124139,1.9921457624515235,0.43087797084246365,30.779999574712413,37.26366414928814,14.080658633178981,1.900781690140845,2.3127711267605635,B0043,58,795,00795.csv,22,1.5704333289187615,24
281,2990.25,3.4967579517606566,2.394787213470724,4.204330620589128,0.23890714763843365,0.8101597843319213,1.8968520026147064,1.9912425550809056,0.41798208579224577,30.581480715523952,37.270027909781355,14.432303486417354,1.9068419928825622,2.323583629893238,B0043,60,797,00797.csv,22,1.5643368431897875,25
279,2980.234,3.4938467732797593,2.365525236922006,4.2038717516378,0.24104067436320523,0.8066812494911613,1.8960852666065304,1.991041676372342,0.41944098507497185,30.546605962885614,37.37612563137064,14.761495136945722,1.9061677419354837,2.316100358422939,B0043,62,799,00799.csv,22,1.558307017802491,26
279,2994.844,3.498085824975237,2.4742728824322295,4.202475048160179,0.2323609682992049,0.7643706825625167,1.881823810191081,1.9909446444723564,0.4487934139286465,30.92329503843904,37.57568180724724,14.599324717386601,1.8918781362007162,2.2874229390681005,B0043,66,803,00803.csv,22,1.5537149289772467,27
277,2987.672,3.499824440494276,2.4720598546819113,4.203857283529741,0.23404883693228773,0.763326334558609,1.8812480163452203,1.991996113254465,0.45034846031513337,31.225884514077716,37.80943515485114,14.33726234839271,1.8910974729241878,2.3019855595667873,B0043,68,805,00805.csv,22,1.549528250585513,28
275,2975.1100000000006,3.4987433448544607,2.4838780206846622,4.203991230539982,0.23409448140809636,0.7547930768211075,1.88058362636632,1.99144467027302,0.4519066011115377,31.163201064541546,37.69836973093635,14.163127648817895,1.890287272727273,2.3005927272727273,B0043,70,807,00807.csv,22,1.5424430535161062,29
272,2953.219,3.496873891743175,2.4291754256355516,4.205957997721127,0.24188340567382224,0.7862989448080069,1.8940750825904094,1.9937155470584815,0.42443485748021614,31.130645067035932,37.67202323454292,13.605570882234975,1.9037860294117646,2.3151985294117647,B0043,72,809,00809.csv,22,1.54256227031715,30
271,2955.484,3.4895372240361704,2.397532773087188,4.203785685934744,0.24248797898161764,0.7516410270110048,1.8790362639465747,1.9926097349240808,0.4550020381905942,30.837232735283838,37.5846177818102,14.371100195571753,1.8886811808118085,2.2931328413284136,B0043,74,811,00811.csv,22,1.5309356452520158,31
270,2957.016,3.4871652344467075,2.435189655089205,4.202128090345783,0.23844848721236905,0.729828116250379,1.8710846084902975,1.9922654806203883,0.46971111610248173,30.641318807832377,37.57163850758581,14.96093219529973,1.8808851851851855,2.272796296296296,B0043,78,815,00815.csv,22,1.5247733176952427,32
268,2948.219,3.4906015804101496,2.4649257198080514,4.203512527913386,0.23678701564332205,0.7291394175527435,1.8702060722702527,1.9909690488532357,0.47139337639843715,31.01732542847249,37.83811660125229,14.783464400289706,1.880021641791045,2.276320895522388,B0043,80,817,00817.csv,22,1.5196742408779502,33
266,2935.5,3.4876146185117345,2.4457109146915506,4.203182025095136,0.23982832732592752,0.7238867113745298,1.8695663194059984,1.991978047763166,0.4730970300634733,30.93897323974993,37.76120652410461,14.597737570793154,1.8790969924812033,2.279781954887218,B0043,82,819,00819.csv,22,1.5123696925788683,34
263,2913.797000000006,3.4842857075179094,2.4807762094187127,4.202993560256935,0.23801472236665572,0.711171186314028,1.8681373339121092,1.9913479340556113,0.47582205217266543,30.585360437692223,37.43416840833683,14.664058071530512,1.877716349809886,2.276441064638783,B0043,84,821,00821.csv,22,1.499914486202397,35
261,2900.703,3.4811070895804797,2.482626305221594,4.203399051569862,0.23871291168095896,0.7062041871178244,1.8672783657151297,1.991255410410246,0.47730410164837395,30.3648233882985,37.31899313705125,14.820914671989836,1.8767992337164756,2.2735593869731803,B0043,86,823,00823.csv,22,1.492410627118825,36
261,2914.031,3.475104459646633,2.397470273055264,4.2008898664224255,0.24387246943308055,0.7032742666768153,1.8594996812546392,1.991416403593573,0.49116550639916534,30.432401864910737,37.58604736335072,15.390678540646931,1.8691256704980845,2.2543563218390803,B0043,90,827,00827.csv,22,1.492624987952706,37
259,2901.968,3.4772044059441,2.370171214445116,4.2034382985534515,0.2473024362187367,0.7227918516898231,1.8662699457286136,1.9932848499087763,0.4791716715399122,30.831835959630617,38.06717620893625,15.383476857079717,1.875863320463321,2.267227799227799,B0043,92,829,00829.csv,22,1.4924024018806028,38
258,2901.734,3.4821729368749876,2.4670029904490636,4.203125269256038,0.24009106213403852,0.6997834795333402,1.8580518650035351,1.9915678335386535,0.4938700380862485,31.094991080529404,38.034298138732915,14.959981399446178,1.8676217054263569,2.2634147286821706,B0043,94,831,00831.csv,22,1.4853020201751674,39
256,2887.407,3.4803385610467843,2.476788514821077,4.203051054659131,0.24061669685835751,0.6933996096650747,1.8570868946683126,1.9914103858193752,0.49556929642633624,31.038470618761803,37.8850432804777,14.809701815993833,1.8665906250000006,2.26101171875,B0043,96,833,00833.csv,22,1.477208127101587,40
253,2861.937,3.4714831954460226,2.4014857684023228,4.203121514305449,0.24801668449743525,0.7055333169331766,1.8634394449739622,1.9914698934009565,0.4844516397744743,30.652253424171764,37.72173567628911,15.036701426952252,1.8728988142292493,2.2582569169960474,B0043,98,835,00835.csv,22,1.4694738525181406,41
91,1055.25,4.05715902963358,2.4576176811598773,4.199278377795993,0.3102916223677205,0.04632797114802312,0.26538511612702703,3.9790202106481383,0.99132218665478,7.628394260109583,10.169699784021772,4.440895639331155,0.264010989010989,0.1038021978021978,B0043,102,839,00839.csv,4,0.0570343910426537,42
87,1012.187,4.049827246639277,2.427637650375664,4.197486385695169,0.3171162551334942,0.04782031548268062,0.2779196832753757,3.976994268390442,1.0122862402967194,7.4649167649876285,10.073103559906276,4.308041422945545,0.27618620689655166,0.10696551724137932,B0043,106,843,00843.csv,4,0.0571536334895882,43
85,991.172,4.049066061935538,2.4427831763874552,4.198105245504659,0.315928794099629,0.04833609572842512,0.284546376077407,3.978414173747544,1.0232120462973544,7.503302872635532,9.363713069880482,3.291590342447824,0.28264705882352936,0.10938823529411765,B0043,108,845,00845.csv,4,0.0572936600593766,44
84,982.094,4.044551430084685,2.3604432554634345,4.197970873673746,0.32940251528429726,0.04798806763505237,0.28818241995759014,3.978020094727615,1.0289532460269644,7.637968852421283,9.49837575629517,4.670979976767239,0.28602142857142854,0.11083333333333334,B0043,110,847,00847.csv,4,0.0574420318527805,45
95,1063.609,4.035830307373486,2.381932819122213,4.1944764420212435,0.3301677882592418,0.05173584229235484,0.29738235564582266,3.9772827671809017,1.0430217535999102,7.608951449591351,9.502985965829737,4.855888094333895,0.2950336842105263,0.10452631578947368,B0043,112,849,00849.csv,4,0.0671306210772112,46
95,1067.641,4.044589005651629,2.484673285435373,4.197752247409493,0.30916703448437005,0.05238296812112342,0.29734862514364657,3.976964473628956,1.0428319484042203,7.076698354969239,8.979535773958249,2.858415301054287,0.29509263157894744,0.11022105263157894,B0043,115,852,00852.csv,4,0.0671478192023473,47
93,1048.687,4.04142282173358,2.4449132183808,4.198570311408386,0.31910757135468387,0.05281560458060941,0.3034723285432027,3.9766535760963024,1.0533210267534743,7.203287534892745,10.239009824535197,4.534750641970374,0.3013956989247312,0.11116129032258065,B0043,117,854,00854.csv,4,0.0673200121169029,48
92,1039.984,4.038238044394062,2.3975988971956834,4.1988415529393635,0.32798798851246913,0.052908747509981424,0.30667044923216635,3.976962731071752,1.0585843068927339,7.515405447362731,10.120757638084276,4.765002871694586,0.30464565217391304,0.11122826086956522,B0043,119,856,00856.csv,4,0.0678403805161331,49
61,687.328,3.9848046527051646,2.3944641668469124,4.199385029561721,0.3932409001530537,0.05690006072727627,0.4602932757726641,3.9770413411476904,1.2763403203356416,8.284967270173246,10.16908687877008,4.7207401491943495,0.45918032786885227,0.16898360655737704,B0043,121,858,00858.csv,4,0.0679960492721063,50
92,1047.531,4.061944839809303,2.484746371426068,4.198510355333928,0.28790307959343314,0.04689197974671444,0.26354232969685865,3.976884098204476,0.985748456423341,6.857064194557378,7.981964148617724,3.6143287050734854,0.26120217391304346,0.10716304347826087,B0043,123,860,00860.csv,4,0.0682801114788655,51
91,1038.375,4.0390164727182745,2.439654912409003,4.198662948375451,0.3210755236232158,0.053675305567639775,0.30983579392808486,3.9773559134401215,1.0641152742725273,7.332807580550581,9.50679606348134,3.428013204473557,0.3079868131868132,0.11573626373626374,B0043,127,864,00864.csv,4,0.0684463294312597,52
90,1030.703,4.0361346398417846,2.4090725568197633,4.197798424948824,0.3255178959589666,0.05382700627666992,0.31358622748053677,3.97775985390458,1.0696487869811695,7.093409222592422,8.947219582076908,2.7928548466816574,0.3114044444444445,0.11643333333333332,B0043,129,866,00866.csv,4,0.0685136191478808,53
88,1010.765,4.057393658498293,2.4859989490669228,4.197881021158161,0.2946971859031498,0.046730893949207264,0.27514421191795735,3.977445240880274,1.006636290742111,7.192057776504479,9.048570192927317,4.003132125101212,0.2731204545454547,0.11206818181818182,B0043,131,868,00868.csv,4,0.0688740243561668,54
89,1025.719,4.057321348653442,2.4347562857307143,4.198733839270603,0.2986082327537937,0.047724573490262046,0.27166833180337746,3.978076611417741,1.0014295871901273,7.020826540727179,8.214832927581378,4.056863578610929,0.2700539325842698,0.1099325842696629,B0043,133,870,00870.csv,4,0.0565443893216957,55
88,1016.859,4.033634353087378,2.406517387646374,4.198110326587282,0.3301811221423402,0.05448191210662756,0.320196095157037,3.977528651299922,1.080993165801703,7.160800567147388,9.472969870923514,3.3420379340272257,0.31849090909090916,0.12097727272727274,B0043,135,872,00872.csv,4,0.0691835316418984,56
85,1021.079,4.051793890502685,2.451707097247213,4.197869647773584,0.30429082446142397,0.04843462822292377,0.2847656836072143,3.977819823237704,1.02333798797077,7.125807255445201,9.447247671252793,4.108718470334158,0.28267058823529406,0.11672941176470589,B0043,139,876,00876.csv,4,0.0591220864554366,57
87,1010.562,4.030996821807475,2.381706206862016,4.197430661878491,0.3361606487878816,0.054203386520362606,0.32388066907637447,3.976592933985595,1.0865876798510041,7.276161437071745,10.624675414528705,4.69331119484725,0.3221218390804597,0.12042528735632184,B0043,141,878,00878.csv,4,0.0695612008414022,58
86,1003.313,4.055018337093391,2.474242037374171,4.197964103178539,0.2980068225055169,0.047680358851569515,0.2817775211607147,3.977735314263721,1.0175279157584745,7.0723476874628055,9.289965371994612,3.9440649119647553,0.2793720930232558,0.11577906976744187,B0043,143,880,00880.csv,4,0.0701789780437661,59
86,1006.187,4.030113750605147,2.376406799368078,4.1984290827154815,0.33887194564728534,0.05488692305779708,0.3276464138855827,3.976763233599402,1.0921730102877851,7.211729709283271,10.405043941704964,4.360530298517433,0.3258627906976743,0.1201046511627907,B0043,145,882,00882.csv,4,0.0702814818386252,60
85,996.765,4.052423434416539,2.444206792905019,4.197776325811346,0.3039080698225755,0.04788521676815449,0.28464369596708916,3.977599833768101,1.0234736910782727,7.126821145688813,9.269985860917538,4.030541943511312,0.28267999999999993,0.11611764705882355,B0043,147,884,00884.csv,4,0.0578736420287837,61
85,999.422,4.027129856353761,2.3625240054533236,4.196951926227284,0.34252695417859674,0.05484058404950698,0.33138531813001004,3.976739739726006,1.0980968103856144,7.168249960966138,10.696409617431332,4.619333826703149,0.3296964705882353,0.12178823529411766,B0043,151,888,00888.csv,4,0.0705661855429337,62
84,990.234,4.048117106628375,2.3656545996286327,4.19797990922366,0.31698511252671324,0.048738067134608265,0.2883759400158349,3.977865638027011,1.0291974347675878,7.434058256465138,8.841145903774922,4.287338053261562,0.28603095238095233,0.11604761904761907,B0043,153,890,00890.csv,4,0.057989410208958,63
52,608.953,3.9942812603304247,2.4649338982361098,4.198154349205609,0.37229841691186794,0.05316568106835895,0.4625693034020785,3.977362149020762,1.2812149026866488,7.930969485581617,9.601778804173833,3.9098575739387087,0.46169999999999983,0.19448076923076923,B0043,155,892,00892.csv,4,0.0712926644680078,64
50,586.719,3.989213116660272,2.4780138487049133,4.197870451831717,0.37577874213750995,0.05366299578702449,0.4810643118406535,3.977130035437704,1.3036937594962632,7.59327498772461,9.775871193110238,3.8961432226963852,0.4801359999999999,0.20259999999999997,B0043,157,894,00894.csv,4,0.0714654655766428,65
49,575.922,3.985650654864829,2.467345657591589,4.198411457661763,0.38131138621897925,0.05406373812409093,0.49057535200097985,3.9779080167511784,1.3155531937639675,7.6206831277866485,9.77507439966935,3.959460096718442,0.48993061224489787,0.20408163265306123,B0043,159,896,00896.csv,4,0.0716254973792324,66
88,1050.406,4.052984666529467,2.453991394977099,4.194430059860958,0.2956025764535376,0.0486129562953348,0.2752743573987098,3.976499927125273,1.0066051504721811,6.882286937183749,7.9530776238610095,3.353570502067086,0.273118181818182,0.11396590909090909,B0043,163,900,00900.csv,4,0.0719259635627201,67
87,1040.75,4.051719519499582,2.3794329527267557,4.197497159574681,0.3096783834932726,0.04884248333818775,0.2783809790794886,3.97769541756124,1.0120122624785697,7.3351511578492685,8.70377999346024,4.549901294742912,0.2761793103448275,0.11241379310344826,B0043,167,904,00904.csv,4,0.0588400951113647,68
85,1019.125,4.026760095683099,2.3452670801496267,4.1973835054560045,0.3437316254309929,0.05586603337554763,0.33153563906515443,3.97788488306095,1.0981265715724136,7.3668189489801215,10.861930060972163,4.846382116999119,0.3296847058823529,0.12251764705882352,B0043,169,906,00906.csv,4,0.0721385348010396,69
52,618.844,3.9942222633789237,2.474574662858291,4.196870024472014,0.36901319162838736,0.05332748002275611,0.46262938548539395,3.9787860145489566,1.281410322597886,7.9936664890195335,9.628805360691263,3.9335946167917006,0.4616692307692306,0.1926153846153846,B0043,171,908,00908.csv,4,0.0723183571187791,70
86,1039.547,4.049966366718909,2.3452420900020043,4.198079959089733,0.3147025983755839,0.049501938456671724,0.28161760333175506,3.976902186853475,1.0177211063065366,7.296477939821086,8.740129795491647,4.687909261314161,0.2793674418604651,0.1123139534883721,B0043,173,910,00910.csv,4,0.0593817062666809,71
83,1004.328,4.051191449078818,2.4837961610187183,4.196857869022103,0.2983375866374208,0.04973142332382796,0.2915968889897802,3.9770017267086657,1.0344945952061428,6.946289418376631,9.890833414808087,3.8854720535159615,0.28944819277108436,0.12079518072289157,B0043,175,912,00912.csv,4,0.0729448848562527,72
83,1005.75,4.0502554179984545,2.45187326606884,4.197040748347509,0.30156546499459563,0.04979340098815577,0.2912181433078147,3.9765911746920217,1.0345186133330775,6.902633045655659,8.123599018265942,2.104931199822092,0.2894843373493976,0.12032530120481928,B0043,179,916,00916.csv,4,0.0730691773407958,73
82,995.797,4.049866693334642,2.481690176251403,4.196682246183551,0.30003244307843857,0.04985802909591808,0.2948913004839586,3.977587594021444,1.0406846792255895,6.896174405116905,9.54039758015595,3.505421162240852,0.29305365853658544,0.12285365853658536,B0043,181,918,00918.csv,4,0.0731705412812827,74
82,998.921,4.04947173354325,2.469341225978269,4.19696998692681,0.3012006098860038,0.050033297946056265,0.29523150797681447,3.976125848069426,1.0404335984325142,7.035611200131563,8.68981677408595,2.5154396104785164,0.29300243902439027,0.12285365853658534,B0043,183,920,00920.csv,4,0.0734743029330489,75
81,989.141,4.043702193909917,2.3359478200885606,4.197583527373011,0.32326502798063317,0.04986782753567187,0.29904909565491034,3.977047310782961,1.0464891763132667,7.22435677434366,8.648121468375715,4.437503549026106,0.29659753086419754,0.12007407407407407,B0043,185,922,00922.csv,4,0.0601069759183187,76
80,979.203,4.04662199809222,2.455991331590063,4.1970633301567934,0.30651592328503247,0.05034529666536347,0.30256499266219894,3.978121135361649,1.0525557210796936,6.990028087646541,8.766749021949757,2.618920857451789,0.30029000000000006,0.12582500000000002,B0043,187,924,00924.csv,4,0.0738316250995573,77
81,994.031,4.0478344519741825,2.446533765156367,4.197323566834658,0.3057834797641236,0.050321574856512896,0.29904291001543765,3.977738911880702,1.0464356683999334,7.072814815985095,8.697295284987012,2.525137618888306,0.29658765432098766,0.12377777777777778,B0043,191,928,00928.csv,4,0.0604952153074282,78
79,971.516,4.045020633492667,2.4401050698854356,4.197136062671134,0.3111416694471544,0.05059373926049737,0.30627123103525866,3.976381485366203,1.0585780617249305,7.152123066131912,10.097658187656732,4.142179645805925,0.30410886075949356,0.12659493670886074,B0043,193,930,00930.csv,4,0.0606040102376181,79
66,810.563,4.0242391243497195,2.426379928299938,4.196810616000894,0.3393764070452211,0.05178322461199958,0.36568183307963065,3.9788388766990823,1.150535970149636,7.40243656537614,10.08193635042433,4.1480130859312805,0.3639545454545455,0.15165151515151515,B0043,195,932,00932.csv,4,0.0607343843223521,80
49,599.047,3.980071334963229,2.3818713355998336,4.19749831364625,0.3953221571092481,0.055257452520543815,0.4905340051010038,3.9767622508780898,1.3149589465593825,8.281671008133785,9.867385484495305,4.204620821748974,0.49004489795918366,0.2024081632653061,B0043,197,934,00934.csv,4,0.0609965304823779,81
10,109.078,3.3967939181762525,2.259462555169981,4.197443547761606,0.6878656895421987,0.21476920514376552,2.386673595913785,3.9769579428175974,2.051869563462806,5.990209166830171,8.668191215610703,4.369764080856453,2.3983999999999996,0.9524000000000001,B0043,199,936,00936.csv,4,0.0611304592598731,82
10,109.171,3.4366476653788816,2.3642680452849265,4.197249677217233,0.6471099917664371,0.21467705061387887,2.3869789597180757,3.9767291231283286,2.0503760954303365,6.4435194897145704,8.230234796537065,2.2786648563658947,2.3984199999999998,0.9899000000000001,B0043,203,940,00940.csv,4,0.0612912441098759,83
9,96.484,3.3244665701392724,2.2200788093903734,4.199324238157774,0.7088884198188429,0.2971521077087904,2.650347409495367,3.976784600681961,1.9874543272782894,5.804997367748431,8.3473989032227,3.903591298301315,2.6648444444444443,1.047888888888889,B0043,205,942,00942.csv,4,0.0613032906580409,84
10,109.094,3.4223166127184776,2.3089650825269894,4.20125127915007,0.6673793463162678,0.2172850842131253,2.387047276888483,3.9777976422643935,2.052368805055762,7.064649745993309,9.566970302021362,4.008155404480936,2.3983999999999996,0.9751,B0043,207,944,00944.csv,4,0.0611516615740909,85
9,96.906,3.517134909435146,2.4643253089090313,4.201927103230439,0.618591582041525,0.20167306929392392,2.2099102328122013,3.976527780195651,2.093819024163091,4.857763577409316,7.155555764844436,3.694573017240739,2.2207999999999997,1.0263333333333333,B0043,209,946,00946.csv,4,0.0614053871920573,86
9,97.015,3.3308466979658498,2.227174478989743,4.201871725413588,0.7076755402909687,0.2983011569563949,2.651635387617932,3.978417528616236,1.9867860348750093,6.365147956644147,8.849096539219643,3.823477333179807,2.6648444444444443,1.0467777777777778,B0043,211,948,00948.csv,4,0.0617578076594285,87
457,5608.781,3.4693912792577155,2.487710804240493,4.151713316448254,0.25443443672913707,1.664002512207761,0.9908307773272774,0.9989196316837596,0.06553129675232891,7.784854957371514,11.059155779143234,6.226786542219134,0.9957072210065645,2.9422800875273523,B0043,215,952,00952.csv,4,1.5250840516518187,88
463,5703.296,3.4896631252373917,2.4700528908595785,4.1860990142535135,0.26438160332662397,1.716046123393935,0.99178588199234,1.0004222702851215,0.06539985174509774,7.677310156075022,10.464754894665266,6.132130904012929,0.9957753779697623,2.92990928725702,B0043,219,956,00956.csv,4,1.552568811301301,89
459,5668.032,3.4883481289690543,2.4917865311625422,4.20024763178396,0.26862987142505895,1.708461100621418,0.9917267979357509,1.0013749229178603,0.06558329345794274,7.720355963617298,11.117824082083432,5.594012531637179,0.995744662309368,2.926084967320261,B0043,221,958,00958.csv,4,1.5427752626774387,90
455,5634.047,3.4828518772266346,2.4681420264399123,4.199618145627328,0.2711993136506797,1.7314761191874157,0.9915700758751732,0.999906490000437,0.06574634959601766,7.795012554263815,11.465947003288688,5.699646001676789,0.9956993406593404,2.915092307692308,B0043,223,960,00960.csv,4,1.533193283126468,91
449,5582.375,3.4797712380230035,2.4840346404021036,4.1989206972349695,0.2701757393981595,1.2156621411290387,0.9892746508058018,1.0000803262722175,0.08108213476706347,7.802002705131443,10.672391649812306,6.730452162313295,0.9934169265033406,2.913933184855234,B0043,225,962,00962.csv,4,1.515272194917202,92
447,5567.329,3.4723642645257145,2.4820985064146877,4.1989096150494385,0.2751897351875968,1.1334710797504037,0.9870448856228408,0.9998205155477988,0.0936946393737183,7.8854226977198625,11.55324188297086,5.707179917731747,0.9911476510067113,2.9020044742729305,B0043,227,964,00964.csv,4,1.5074989761997712,93
442,5528.453,3.465591847973898,2.4995448861629077,4.182123550892078,0.26957969415186905,1.0050914877287749,0.9825232539347349,0.9995028844280672,0.1151040068664233,7.865599621307659,10.678188237457311,6.557406810399317,0.9865194570135746,2.8804095022624434,B0043,231,968,00968.csv,4,1.4896288908647644,94
440,5513.39,3.4621709600387423,2.4624361945446704,4.198072340064109,0.276733190141441,0.9978547967493925,0.9800816231955619,0.9994974790321102,0.12448489583918683,7.840911830800532,10.67885056037868,5.871149743635242,0.9842054545454545,2.8693772727272724,B0043,233,970,00970.csv,4,1.4780778852088083,95
432,5486.187,3.4569777103220325,2.4931009972754072,4.19729618680157,0.27550928392592716,0.9629760943161383,0.9774850815985034,1.0007522715759782,0.13398492466692477,7.866129688953066,11.249497515672802,7.497328855718534,0.9815847222222222,2.8592662037037035,B0043,235,972,00972.csv,4,1.4700035345334466,96
433,5461.922,3.449217752251389,2.462787320418678,4.196562826262564,0.28313134072219154,0.945570299636187,0.9753366795280302,1.0074496368791506,0.14200465145911195,7.9393273558149495,11.637480263714384,5.61418167879122,0.9793376443418013,2.845378752886836,B0043,237,974,00974.csv,4,1.4565623180137075,97
430,5438.157,3.447579855504856,2.497516098993309,4.1961404278065615,0.28021685655277717,0.890343615524336,0.9704356794104064,0.9995519473703496,0.15708358690165,8.020423171340544,11.797524620709758,5.782640290131203,0.9745413953488371,2.823602325581396,B0043,239,976,00976.csv,4,1.445976962830235,98
426,5402.875,3.4358831885309766,2.472999574663348,4.178175250938716,0.2824490816467318,0.8744487050238932,0.970256674882607,1.0000552345201277,0.15771028019213484,7.909281139740462,11.717322041018162,7.810721361373348,0.9742985915492957,2.8274929577464794,B0043,243,980,00980.csv,4,1.4325855992469252,99
423,5384.438,3.4393737351491587,2.4798848457409326,4.195619110791885,0.2836976038646523,0.8486669946433771,0.9652466121144252,1.0000587870310462,0.1716836925939314,7.9764627392531535,11.400146543773252,5.517386261967803,0.9693943262411346,2.8091678486997638,B0043,245,982,00982.csv,4,1.4197344854662963,100
419,5344.859,3.4371630389916628,2.483308761917933,4.195354802720307,0.2837863567990907,0.8270270731704756,0.9624227854072513,0.9996583037293504,0.17880461524399713,7.975220288628877,11.27412857657329,5.5582543851252435,0.9666916467780428,2.7854630071599042,B0043,247,984,00984.csv,4,1.401262575071573,101
415,5305.156,3.432715938014848,2.4722726688004673,4.195137899317883,0.28432269429680374,0.8080375465613807,0.959579561659367,1.0003023505936774,0.1856993299500598,7.919276364601211,10.939205926809544,5.1763698856698,0.9639440963855421,2.7838265060240963,B0043,249,986,00986.csv,4,1.3862945308535968,102
412,5284.547,3.4312793781460638,2.4995232811069013,4.195919647393222,0.27953157565459963,0.7951636824750667,0.9569605305508407,0.9997391001993594,0.19208889898681358,8.087848756281263,11.469256268063758,6.552766532352762,0.9612805825242718,2.7661019417475727,B0043,251,988,00988.csv,4,1.384130256052478,103
409,5267.843,3.423768606452633,2.492874341811692,4.176270279535014,0.28143729084108243,0.745116386936119,0.9522152026319162,0.99934176839957,0.20388311603830608,8.02258709983945,11.07680003582411,5.191986622890721,0.9561090464547677,2.7408484107579465,B0043,255,992,00992.csv,4,1.3651743201871416,104
406,5229.688,3.425776013992083,2.466722917823166,4.195157601948688,0.2824863114998043,0.7807583264924225,0.9541332483411131,0.9985673084050938,0.19921409190703915,8.12948679263687,11.26155378961363,6.102109347018934,0.9582605911330049,2.7643940886699507,B0043,257,994,00994.csv,4,1.361508332192898,105
403,5206.954,3.4199159770745933,2.470780211742849,4.195480097537295,0.28493798270616766,0.7711363612490962,0.951277080781025,0.9980068368798176,0.2054496177200656,8.089656475775936,11.576966830401837,6.714548910215753,0.9554516129032258,2.750074441687345,B0043,259,996,00996.csv,4,1.351001663879717,106
400,5179.062,3.419545032162598,2.4848489819284896,4.1943133355165845,0.2847440343135147,0.7263713711451287,0.9432175342905377,1.000251640119134,0.2217468873350725,8.144440591218109,11.16400609714747,5.479567657363763,0.9475935,2.7296625000000008,B0043,261,998,00998.csv,4,1.3282588067265129,107
396,5144.109,3.4121967412564467,2.4661345187240347,4.194450936586587,0.28795147206850974,0.7552985770992557,0.9477957992354662,0.9983916549138828,0.21256469407215087,8.231983414070719,11.988971088033123,7.53872269107839,0.952119696969697,2.7332500000000004,B0043,263,1000,01000.csv,4,1.3257206687421472,108
395,5142.891,3.407362058046422,2.4725812888729317,4.173215087704208,0.2855017657931526,0.6983544651883764,0.9403505160649459,0.9999277500600487,0.22815789019769153,8.207473278156359,11.73519417014362,5.534905580323419,0.9444217721518986,2.7084405063291137,B0043,267,1004,01004.csv,4,1.314290971597844,109
391,5109.734,3.4128712396915972,2.4919564449811342,4.193501778898149,0.2842638379705378,0.6972107446803051,0.9372882788479067,0.9989961791594164,0.23393950788390344,8.189312466474624,11.299125699617386,5.278301080639581,0.9412961636828644,2.704749360613811,B0043,269,1006,01006.csv,4,1.300326009481109,110
388,5078.937,3.408624211537015,2.485517355170574,4.193305249397542,0.2871884042076573,0.6886811778109068,0.9340008362934733,0.9986368638895086,0.23947499292837904,8.139466322876048,11.376911439849154,5.381775668458331,0.9382603092783504,2.6917268041237117,B0043,271,1008,01008.csv,4,1.2881071401556836,111
385,5051.672,3.405803295662315,2.499796953515674,4.192997819348426,0.28583619359700996,0.6761598074304578,0.9308273876292896,0.9990064665951188,0.24510435103326936,8.11394700059043,11.488807348025915,5.296764482974546,0.9351631168831169,2.68774025974026,B0043,273,1010,01010.csv,4,1.2767801501201566,112
358,3360.922,3.439679725636751,2.6909422904080547,4.181787286734685,0.1903116496883613,0.8175975484433757,1.809888745849267,1.9964791277692224,0.5771319984822731,32.08333169533252,37.78004007704112,14.881848713961027,1.8144078212290502,2.2148296089385475,B0044,2,3241,03241.csv,22,1.686525555152074,1
348,3289.406,3.452824239327816,2.6852515353168815,4.183923616071334,0.19736577340542014,0.8091775725770702,1.8219499466836333,1.996937518623866,0.5599183849709556,31.44294016626267,37.37920163006831,14.881651616081545,1.826343103448276,2.2441580459770116,B0044,4,3243,03243.csv,22,1.6624606531639186,2
341,3244.797,3.4521568195939896,2.6435613323767395,4.183717457974608,0.20285754070175288,0.8148164497913246,1.8359435332188945,1.997287749488606,0.5386063274468227,31.14990089807352,37.15907806475986,14.918988838646374,1.8403847507331377,2.258967741935484,B0044,6,3245,03245.csv,22,1.6534010755700512,3
336,3211.438,3.4552256770525456,2.6433677125804977,4.183480576276661,0.20305581933353078,0.8086080498187571,1.8455099074483836,1.9967295286630409,0.5234200119107342,31.12954746264574,37.12091726941865,14.971445744869005,1.8499267857142856,2.271714285714286,B0044,8,3247,03247.csv,22,1.6452145903490936,4
330,3175.594,3.463672030116032,2.684789036307898,4.181986298076157,0.1996604835067876,0.7940847330158638,1.8547347849149478,1.9979913128709896,0.5080329231754062,31.513994261671055,37.70825289621454,15.182975912023029,1.8593369696969695,2.2864030303030303,B0044,10,3249,03249.csv,22,1.635664062367341,5
274,2646.625,3.5268413438277695,3.2896584926178556,4.18108163961898,0.1489712325843219,0.8914231470011242,1.978883934795127,1.9962095515627811,0.16986180122000688,30.9572734254796,35.59949904890386,12.480307498769019,1.9840087591240874,2.4833248175182483,B0044,14,3253,03253.csv,22,0.0,6
321,3121.672,3.4680330762776053,2.6725301429926103,4.183320051971667,0.20410312903611488,0.7946237954381332,1.8756129457180575,1.9967897857151824,0.47079091595472655,31.634787338016164,37.649599494653536,14.541898567928957,1.8803208722741436,2.3146978193146417,B0044,16,3255,03255.csv,22,1.6267769765146465,7
317,3102.937,3.4679406316174908,2.69384241497005,4.183385673000076,0.20171961868782554,0.7763981436948799,1.8741241597903553,1.9971940723453785,0.47369169654201604,31.273656122735403,37.14337821498799,14.472743846114653,1.8788176656151419,2.312,B0044,18,3257,03257.csv,22,1.6159715504743064,8
314,3089.437,3.465103331199183,2.6763379244951913,4.183075069105795,0.20324762538909488,0.7693299655184931,1.8729757666269502,1.9966888809490444,0.47573758304502606,31.0513882525287,37.11952925248905,14.757637566017056,1.8776726114649682,2.3087388535031845,B0044,20,3259,03259.csv,22,1.6076028386649623,9
311,3077.75,3.463878052026492,2.6678573050009757,4.18316470580942,0.20435093653572153,0.7621376200293875,1.8719469758747358,1.9967525939808977,0.47783352615435004,30.825315603911406,36.8278472964388,14.692488127150899,1.8765131832797428,2.305774919614148,B0044,22,3261,03261.csv,22,1.6003360401431612,10
309,3074.875,3.4618790737027214,2.651692148341609,4.1809489315384525,0.20562998785604522,0.7572845924645466,1.8711336666924587,1.997645249612211,0.47921446861593425,30.772306222074594,37.07362320866197,15.076347779390908,1.875711974110032,2.295692556634304,B0044,26,3265,03265.csv,22,1.5978700914991917,11
306,3061.891,3.4619567664351507,2.638384304971687,4.183395298117799,0.20783316593135398,0.7568539901684348,1.869902418505558,1.9974850325068685,0.4814744553872053,30.77793162980491,37.27343452416563,15.2599499643119,1.8745098039215686,2.2994607843137254,B0044,28,3267,03267.csv,22,1.5900310265163515,12
304,3058.469,3.4608461967292694,2.633572972853497,4.18312292936732,0.20819229170500883,0.7436758785133639,1.8624823688117005,1.997253452430168,0.4945314124017272,30.734077377574607,36.92555325153096,14.942955773457342,1.8671072368421051,2.288651315789474,B0044,30,3269,03269.csv,22,1.5816311155652092,13
301,3040.75,3.462773986667914,2.670554577314724,4.183401469736752,0.2048803337888319,0.7287152010008042,1.8611491199405283,1.9973962391444864,0.496889540786307,30.711931701692418,36.82542072716141,14.859307674520757,1.8658126245847175,2.2879102990033227,B0044,32,3271,03271.csv,22,1.5714556311034702,14
299,3037.641,3.46142516586872,2.662418584963947,4.182608034549464,0.20544922873504884,0.7180167350624784,1.8535036818254398,1.9986091240587895,0.5099039780983041,30.692223526355477,36.86402084995953,14.926013283499092,1.8582287625418061,2.278434782608696,B0044,34,3273,03273.csv,22,1.563220798569978,15
298,3044.828,3.459888006806987,2.656737093913297,4.180665797789407,0.2056114758840687,0.7067933925313925,1.8464711504593414,1.9964580129835687,0.5217242006008657,30.656716513936473,36.854479447477715,15.027296394450705,1.8510536912751678,2.260030201342282,B0044,38,3277,03277.csv,22,1.5606775388245586,16
295,3030.25,3.459225464203645,2.6456088379984415,4.183243082901965,0.20764080750009542,0.706733207556995,1.8450477861237493,1.998262725597201,0.5239802525242483,30.677651249958302,37.00807199261186,15.127901497286086,1.849553898305085,2.263996610169491,B0044,40,3279,03279.csv,22,1.5523886011314287,17
293,3017.578,3.459378780567444,2.657434360611611,4.182596378873874,0.2065998362840538,0.6985069475314525,1.8438336158682673,1.997119290009149,0.5256572574667683,30.670401222972917,36.85691194751145,14.95970471143584,1.848540614334471,2.2622354948805463,B0044,42,3281,03281.csv,22,1.5444592876561969,18
291,3015.0,3.4594746923592585,2.6700448196473143,4.182792894198413,0.2056868019625504,0.6859776343061319,1.835939945404751,1.99785698826369,0.5382543271762874,30.695903900430444,36.933977837728406,15.083584649701915,1.8406336769759448,2.252213058419244,B0044,44,3283,03283.csv,22,1.536558134180655,19
282,2999.454,3.457758884701852,2.6538669632174807,4.183044202315208,0.2081228018317181,0.6884013420197963,1.8379629136141034,1.9975757894737975,0.5351611933109403,30.693601629277207,36.96952216360131,15.086854385743855,1.842678014184397,2.2532163120567374,B0044,46,3285,03285.csv,22,1.5307255867941072,20
292,3054.859,3.4604365465272604,2.679338771098678,4.17495739021519,0.20249375768378747,0.6705426601682238,1.8224473618135861,1.996154584194868,0.5582193916306711,31.3317805416781,37.880341936530016,15.750771705047224,1.8275287671232878,2.226291095890411,B0044,50,3289,03289.csv,22,1.545242808242328,21
289,3034.875,3.4673706320595796,2.6880235920055937,4.1804104728622375,0.20446081335004015,0.680088824309077,1.8278016775571895,1.9969183804123911,0.55062401093294,32.003093392777586,38.4338113726962,15.480226009293439,1.8326595155709342,2.2372837370242213,B0044,54,3293,03293.csv,22,1.5397144491816253,22
287,3030.0,3.4682443755783012,2.687370056924405,4.183012088063382,0.2053593553756237,0.6741234208031206,1.8199516892575582,1.9973605086578852,0.5626304415241543,32.229129548420126,38.62527616952544,15.378237813894053,1.8245337979094078,2.2351463414634147,B0044,56,3295,03295.csv,22,1.5305357077773765,23
284,3011.781,3.4662944691430644,2.6893554366992016,4.183156295632244,0.20550187552507354,0.6669858804559787,1.818232781598307,1.9964576467808028,0.5651932608663193,32.11597218782517,38.54196067361033,15.405492343446006,1.8226781690140847,2.229926056338028,B0044,58,3297,03297.csv,22,1.5199735224097084,24
281,2990.25,3.4597034229251418,2.633690741780774,4.182731552192122,0.21124437081216912,0.6772861023235968,1.8234563791397502,1.9975793253781031,0.5576246641554571,31.969087731359647,38.50117611497123,15.564811613731209,1.8279060498220638,2.2302740213523133,B0044,60,3299,03299.csv,22,1.5136629526844203,25
279,2980.234,3.4622130413589143,2.6891582121304634,4.182713459240956,0.20582365860157914,0.6563310213505513,1.8148236286880393,1.9961193009923857,0.569880270484009,31.87470050843518,38.43383998472231,15.661331336055802,1.819547670250896,2.210082437275986,B0044,62,3301,03301.csv,22,1.501287000699295,26
279,2994.844,3.4628505734955555,2.6829363216833317,4.180340134562246,0.20630329178748807,0.6504581611832347,1.8076173586855977,1.9962084053853812,0.5800322782054074,32.24329057966032,38.70474156110448,15.571737016278153,1.8123985663082438,2.1953046594982077,B0044,66,3305,03305.csv,22,1.5023814734911674,27
277,2987.672,3.4628624711973686,2.6587209985414955,4.182573946557156,0.20970924210149627,0.6564193695442304,1.8065241388140236,1.9967029680268844,0.5817569081144133,32.62193857776337,39.13185799913766,15.555486343837877,1.8110433212996389,2.20984476534296,B0044,68,3307,03307.csv,22,1.4980955154277502,28
275,2975.1100000000006,3.4614145860859864,2.660938360343116,4.182900962902353,0.21008397304038456,0.6509798913743619,1.8052681588993926,1.997103683848464,0.5836844600397988,32.534721843990155,39.06117424677476,15.555752413620539,1.8096712727272728,2.204949090909091,B0044,70,3309,03309.csv,22,1.4906542391377111,29
272,2953.219,3.4567536825256298,2.6382065057381183,4.182966025381988,0.21287176167892014,0.6541157222199279,1.810598691100716,1.997186957551534,0.5763458802202687,32.315090431633784,38.900911326239694,15.639635765415886,1.814928676470588,2.207224264705882,B0044,72,3311,03311.csv,22,1.484397163943621,30
271,2955.484,3.457596686753219,2.680375195087231,4.183016347451806,0.20877440253668547,0.6304530723004014,1.795084494435516,1.9960209799250943,0.5974764408413852,32.11227103017126,38.637548513661336,15.653728232716148,1.7994959409594098,2.1870996309963098,B0044,74,3313,03313.csv,22,1.4725321936230114,31
270,2957.016,3.456382425532515,2.695456060678521,4.1793816650979885,0.20702797043657728,0.6161402249444086,1.7870082131258704,1.9968995033172352,0.6081713477965005,31.7443365044674,38.14612160171512,15.365488014266361,1.7913896296296297,2.1591925925925923,B0044,78,3317,03317.csv,22,1.4663149382113208,32
268,2948.219,3.455898543666277,2.658317830680757,4.183025078755878,0.2117949269758377,0.6315744560706387,1.792871550768205,1.9963246097670304,0.6004961497193906,32.11351047936838,38.41020545726171,15.190188734631136,1.7972962686567162,2.1777089552238804,B0044,80,3319,03319.csv,22,1.4671298468877776,33
266,2935.5,3.4536993651226653,2.6504983510643836,4.182295217506064,0.21356919102390073,0.627121385194982,1.7913778082587428,1.997150820770342,0.6024436779266827,32.04801967333395,38.342879393411714,15.04664738773689,1.7957766917293234,2.174338345864662,B0044,82,3321,03321.csv,22,1.4593858997633138,34
263,2913.797000000006,3.4526946539372747,2.688935729076874,4.182630774542257,0.21074015183541925,0.6140794674268695,1.789143488121608,1.9973020414669824,0.6055317090467354,31.708021910539802,37.97725957749192,15.059862672870192,1.793454752851711,2.1725247148288975,B0044,84,3323,03323.csv,22,1.4467901368505207,35
261,2900.703,3.44942355838508,2.687761244178016,4.182872685249836,0.2114347507354214,0.6097833160496555,1.787690535751385,1.997028487870564,0.6077272510676894,31.467203186429348,37.797055139354214,15.192749047206046,1.7918750957854406,2.1646934865900382,B0044,86,3325,03325.csv,22,1.4390669859638228,36
261,2914.031,3.4464363236508913,2.668468130193828,4.179973909655392,0.21223681596340135,0.6061545287231969,1.779822353772861,1.996553527240556,0.617639350503117,31.560453436032944,37.93561044482721,15.568079731033901,1.7842283524904214,2.138532567049808,B0044,90,3329,03329.csv,22,1.4389892550462602,37
259,2901.968,3.447035324752623,2.6420564556682917,4.182978380469111,0.21576948051095313,0.6203947268320924,1.7861152354755012,1.9982510496408243,0.6097165881952838,31.887709097598353,38.32554543437737,15.495477332887127,1.790300386100386,2.1553861003861003,B0044,92,3331,03331.csv,22,1.4386198779578576,38
258,2901.734,3.4510808838042264,2.6780728769094244,4.183054454837302,0.21284652445961336,0.608893891527281,1.7774624465664288,1.9967399870670337,0.6207343455872792,32.164811812502585,38.556109997490786,15.325670549314797,1.7817457364341085,2.152573643410853,B0044,94,3333,03333.csv,22,1.4313412096653504,39
256,2887.407,3.450413161794029,2.6917750634373303,4.18231054917298,0.21240231553751676,0.600828370540857,1.7758354633238964,1.99737913916284,0.6228613963267934,32.13295425226488,38.62165239845955,15.405407619157721,1.7800523437499998,2.149953125,B0044,96,3335,03335.csv,22,1.422973037663468,40
253,2861.937,3.44468943990224,2.68001440979752,4.182416637290177,0.21466472461759858,0.601941056016297,1.7810850780695549,1.99678550219575,0.6161596344750433,31.751336888270355,38.18800348171553,15.334599877637476,1.7853470355731227,2.1505454545454543,B0044,98,3337,03337.csv,22,1.4150153099745095,41
91,1055.25,4.054818943483505,2.5311035775191533,4.177605302188679,0.27977616571583,0.0410533433969924,0.2206716084986898,3.9896989741694777,0.914035990562849,7.057089335323658,9.757496138930122,3.8093749912566217,0.22036043956043969,0.08957142857142857,B0044,102,3341,03341.csv,4,0.0572172710622218,42
87,1012.187,4.048971725415953,2.5372412665469883,4.1758503096814,0.2813427937344951,0.04305303479773226,0.2305687398777316,3.9906931282455655,0.9341097631819163,6.945113627374995,9.760471127293034,3.695460382038993,0.23047356321839085,0.09454022988505746,B0044,106,3345,03345.csv,4,0.0573587470253984,43
85,991.172,4.048139868634576,2.5608994701667624,4.1760882615952974,0.2790715070822925,0.04325286862866129,0.2362298970339925,3.990789539982711,0.9441982069859014,6.969210950143102,9.69821406411427,3.3137049477742417,0.23589411764705892,0.0985764705882353,B0044,108,3347,03347.csv,4,0.0574968754544523,44
84,982.094,4.04489102283376,2.4875185728014695,4.176702751698478,0.2908854525763655,0.04324598371469435,0.23875531981583864,3.9914245848072887,0.9495715552721687,7.1320933104899575,9.00106106019679,4.203405346927994,0.23867142857142867,0.09799999999999999,B0044,110,3349,03349.csv,4,0.0576308880988852,45
95,1063.609,4.058712789171854,2.652711478763571,4.173920852315538,0.2542132803763513,0.04111225545805208,0.21135255492589658,3.9916882386949055,0.8956222892768816,6.9052479876970985,8.446753567938917,3.630926674395633,0.21112631578947377,0.09096842105263157,B0044,112,3351,03351.csv,4,0.0551169133397871,46
95,1067.641,4.04058000450648,2.567871692937443,4.176081063674498,0.2815577292128081,0.047947115535432516,0.2532562191762891,3.9926490229101614,0.9758996488597576,6.719645217752847,9.004482980571387,2.622857054703556,0.25324210526315805,0.09925263157894737,B0044,115,3354,03354.csv,4,0.0674075526574801,47
93,1048.687,4.038574138704129,2.537541377739229,4.177001690332218,0.2886164514594044,0.048394614930461266,0.2586960494642607,3.9909440128041087,0.9856008644943842,6.752194119869617,10.10838939092693,4.115679718609621,0.2586688172043013,0.10023655913978494,B0044,117,3356,03356.csv,4,0.0675676530317139,48
92,1039.984,4.060984637180495,2.6996320897449855,4.176258717683466,0.24816062856623433,0.04134027760870396,0.2179565014481298,3.990888784116203,0.9094992071605768,6.682861474834709,9.084345421523768,3.425472869064082,0.21799782608695664,0.09635869565217389,B0044,119,3358,03358.csv,4,0.0556373104491564,49
61,687.328,3.9901324953918995,2.502639203032668,4.177495150501219,0.35368854486189427,0.0517677161027672,0.3938626926922687,3.990777296546928,1.1980955831085567,7.805372903557112,9.9732818280256,4.227679312796867,0.39406885245901646,0.15250819672131147,B0044,121,3360,03360.csv,4,0.0682243327610682,50
92,1047.531,4.060072156375749,2.645057195756969,4.177754475108936,0.253808733098221,0.04219090145224769,0.2180798181378482,3.991727704958517,0.9096240223149311,6.452537181339348,7.130613484534643,3.3126859193405207,0.21800652173913057,0.09603260869565217,B0044,123,3362,03362.csv,4,0.0560524534315144,51
91,1038.375,4.036259706472422,2.5457909784374686,4.176437545781662,0.287809272721549,0.049196455132648254,0.26435285197992076,3.991158236131923,0.9957518008202856,6.89796196003197,9.420302039012588,3.0998083209077274,0.2643274725274727,0.10442857142857143,B0044,127,3366,03366.csv,4,0.0686822013010505,52
90,1030.703,4.034899045788163,2.525156138635263,4.1766732396736,0.29067686538273385,0.04948676647771322,0.26736899460527913,3.9909330027161993,1.0006278418361065,6.643140512754006,8.596928821276874,2.187212995644982,0.26728444444444466,0.10540000000000001,B0044,129,3368,03368.csv,4,0.0687475535334652,53
88,1010.765,4.05627259287341,2.667566835510919,4.176262440841608,0.25618914368816725,0.04183414501998595,0.22780233650614742,3.990997288294168,0.9288577442481423,6.823596011664432,8.914167582596768,3.5765299738222245,0.22787727272727293,0.10043181818181819,B0044,131,3370,03370.csv,4,0.0565143989134748,54
89,1025.719,4.056631496996698,2.6214259323214453,4.17780020929139,0.25996976421737106,0.04285227137008185,0.22520476183361018,3.9914062156576913,0.9237730385147581,6.621700828774675,7.468130255797678,3.760349296315888,0.2253258426966294,0.09852808988764045,B0044,133,3372,03372.csv,4,0.0567330718538736,55
88,1016.859,4.033722240018022,2.5339139586135624,4.177530439833207,0.2926465261629145,0.04998736348975452,0.27331766572342847,3.992122190709,1.0114493179015096,6.654177389025503,9.34228820478629,2.9346828750290754,0.27334090909090936,0.1086590909090909,B0044,135,3374,03374.csv,4,0.0694133756360175,56
85,1021.079,4.052548629680626,2.6459372770148692,4.176559125063143,0.2619469930818733,0.04370179230898685,0.2361048306017572,3.9931560142753657,0.9443071091801134,6.691030736897561,9.296386526511638,3.642326477689025,0.23586588235294126,0.1042235294117647,B0044,139,3378,03378.csv,4,0.0593176644466495,57
87,1010.562,4.031869983878109,2.5126783310210183,4.177198757478185,0.2968421659498346,0.05019334337932779,0.27666047814128286,3.992595683096178,1.0170579801699462,6.789742456285512,10.402010089986526,4.220834384101224,0.2764022988505748,0.10859770114942527,B0044,141,3380,03380.csv,4,0.0698170725362273,58
86,1003.313,4.0546007592526,2.676683003373552,4.175693660429193,0.2562395908823715,0.042581954340322525,0.23308528766360107,3.992785917898217,0.9392590556984879,6.652607169727167,9.139614420555528,3.4936006319158084,0.23310000000000006,0.10366279069767441,B0044,143,3382,03382.csv,4,0.0574643508969407,59
86,1006.187,4.029900462300052,2.509819479017468,4.1767178653680554,0.29796265715041187,0.05050735441105392,0.2795568326068012,3.991697440625882,1.0224840808404725,6.727197790202006,10.577915316418856,4.280188827233818,0.2796558139534885,0.10983720930232557,B0044,145,3384,03384.csv,4,0.0705377438399369,60
85,996.765,4.0528579449382525,2.659947287863178,4.175734240124533,0.2594451350887001,0.04297747031666521,0.2359483130902093,3.9922087112758984,0.9442872570310308,6.704744929431838,9.153655205612418,3.5993224936810506,0.23589176470588247,0.10442352941176469,B0044,147,3386,03386.csv,4,0.0580546605234449,61
85,999.422,4.027030974078611,2.502902423851419,4.174858788640489,0.2997249274643529,0.05062664501598846,0.2828479475258471,3.9930053753030488,1.028308276391784,6.688129486124422,10.601194386353557,4.259595518680962,0.28295764705882365,0.11129411764705884,B0044,151,3390,03390.csv,4,0.0708399201529106,62
84,990.234,4.048647775995237,2.597947039498895,4.175396670709832,0.26940461100923985,0.043915347089240164,0.23901898040058636,3.990582471444587,0.9496076536552064,7.135311524033081,8.524863523744626,3.825351020414434,0.23869285714285726,0.1045595238095238,B0044,153,3392,03392.csv,4,0.0581718361305258,63
52,608.953,4.006197810720952,2.688243972514366,4.176278504943042,0.3173344061317378,0.047268204394941726,0.38504593797745845,3.992407076231904,1.187873578883094,7.514206392471801,9.440256551104172,3.476924414998911,0.3851384615384617,0.1738076923076923,B0044,155,3394,03394.csv,4,0.0583051571279828,64
50,586.719,4.001898132433219,2.6997767051836083,4.1759985062489635,0.3203334520834986,0.04786168409356506,0.40026732150506455,3.992461574821749,1.209312808906505,7.105939545905624,9.577062674735402,3.437306180631258,0.4005280000000001,0.18164000000000002,B0044,157,3396,03396.csv,4,0.0584559266936776,65
49,575.922,3.9995228828543783,2.6926916057581445,4.176936753250137,0.32447304410090083,0.048419076706559316,0.40816679464446654,3.9906773895407737,1.2201586654707326,7.121133621766568,9.571995894192735,3.4953173265525024,0.40867755102040837,0.18563265306122448,B0044,159,3398,03398.csv,4,0.058629861106387,66
88,1050.406,4.053493486866572,2.6700548004006626,4.1734597535552,0.25281032968346867,0.043239857102643775,0.22799300075058915,3.9900184345675953,0.9288442918593434,6.525840333846862,7.124889090041003,2.7529881834336694,0.22787045454545476,0.1023409090909091,B0044,163,3402,03402.csv,4,0.0589003321838338,67
87,1040.75,4.052074849774992,2.6107085277536015,4.1757127493459585,0.26334601483559,0.0439682510097823,0.23057936786314254,3.9919951224872414,0.9341187457201724,7.0347000891113804,8.324153740739145,4.183431194031477,0.23048965517241385,0.10205747126436783,B0044,167,3406,03406.csv,4,0.0590646770201104,68
85,1019.125,4.028366353886938,2.500114336550371,4.176096844607635,0.2986939132118147,0.05124656501337821,0.28315792403134765,3.9922653535751937,1.0281289138093352,6.8973768386013505,10.63955759206541,4.374728315396724,0.2828847058823531,0.11324705882352941,B0044,169,3408,03408.csv,4,0.0724057998284407,69
52,618.844,3.9662515216379144,2.463640728476522,4.176353738400277,0.3765773951983285,0.0554467649659971,0.4616007422637705,3.990796915640813,1.287034354691308,8.12797412482593,10.376173431482592,4.427698539736435,0.46204230769230775,0.18407692307692305,B0044,171,3410,03410.csv,4,0.0725563284689165,70
86,1039.547,4.052244387669817,2.5987325707723405,4.177102599239209,0.2648319008312359,0.04453375738337684,0.23341784250443634,3.9911388227447215,0.9392414165664332,6.951583874586089,8.316021086973787,4.299692903111198,0.23309069767441867,0.1035232558139535,B0044,173,3412,03412.csv,4,0.0595922298890959,71
83,1004.328,4.024847285360175,2.4742429443982785,4.175820770125257,0.3040945886727007,0.051908674678043276,0.28990114575359743,3.991443615973067,1.0396968953688814,6.953046195579622,10.655557073631597,4.427226047895285,0.2897180722891568,0.11551807228915664,B0044,175,3414,03414.csv,4,0.0732170902276858,72
83,1005.75,4.051149690799867,2.693112294857156,4.174362644498064,0.25374449489648726,0.04444484951373351,0.24162768571662188,3.9937289569249144,0.9554464788314885,6.413311987885646,7.631714348736341,1.4881230214819752,0.24157590361445794,0.11001204819277109,B0044,179,3418,03418.csv,4,0.0598410084998697,73
82,995.797,4.023626364549916,2.476301013332819,4.175874340371016,0.30480500643590713,0.0524454334075779,0.2932633314193996,3.991810733048436,1.0456411427545336,6.779577103952525,10.509625598200184,4.187502596476675,0.2932926829268295,0.11620731707317072,B0044,181,3420,03420.csv,4,0.0734434705697157,74
82,998.921,4.0230998765187564,2.455959621392259,4.176007922304425,0.3062925351592174,0.05256391801044291,0.2930049870993245,3.990343191482173,1.0454914612088173,6.978468873690951,9.204729619835248,2.7761366544129613,0.2933000000000002,0.11636585365853658,B0044,183,3422,03422.csv,4,0.0737373960592326,75
81,989.141,4.047078241937264,2.595966933411927,4.176473294247625,0.2700579065553064,0.04486638057197201,0.24767729732206054,3.991055043675492,0.9664036022245382,6.809785593582902,7.96351554428054,4.072392463825743,0.247493827160494,0.1100246913580247,B0044,185,3424,03424.csv,4,0.0603231248972743,76
80,979.203,4.02025965935536,2.4476887634196065,4.176068533506241,0.31101825112359893,0.05285955475733406,0.300485474099821,3.993323501641109,1.0579169271761968,6.971049837313714,9.367163499816083,2.9607333966786387,0.30054000000000014,0.11921249999999999,B0044,187,3426,03426.csv,4,0.0740961197823434,77
81,994.031,4.048987988645058,2.696514442504613,4.1740583227112635,0.2554992367425524,0.04503093053282203,0.24745666307524983,3.991161876623272,0.9663106816390193,6.579881562367587,8.36281681813677,1.9354773465058726,0.2474641975308644,0.11304938271604938,B0044,191,3430,03430.csv,4,0.0607171505329549,78
79,971.516,4.048190135327761,2.690051793810678,4.175423863730147,0.2599694780799346,0.04530343176548346,0.25388666481979344,3.9915962217441727,0.9778790532985127,6.690126647286674,9.833929266126528,3.6315171121824505,0.25376708860759495,0.11546835443037974,B0044,193,3432,03432.csv,4,0.0608284422939796,79
66,810.563,4.031325666700656,2.682527208849319,4.1750234301728835,0.2830074755556769,0.046466035664599836,0.30336906306471856,3.991136960671815,1.0638632275455884,6.925009518097775,9.82294821385076,3.6369847228142733,0.3036454545454547,0.13837878787878788,B0044,195,3434,03434.csv,4,0.0609288444479822,80
49,599.047,3.99633832641595,2.6522914416676375,4.17570719288233,0.32790752334643475,0.04955422593904579,0.4084226824851865,3.991424193255269,1.220312062625124,7.831469751479566,9.64729446630716,3.6986105945546894,0.40878775510204096,0.18414285714285714,B0044,197,3436,03436.csv,4,0.0612203873656202,81
10,109.078,3.5339557623459625,2.546878970446884,4.176924395260363,0.5915968654435132,0.1637452374597803,1.9967776066778815,3.989885469699493,2.102581694527075,6.3578218287881425,8.475214897845488,4.213862160157839,2.0008000000000004,0.8787,B0044,199,3438,03438.csv,4,0.061336775826916,82
10,109.171,3.5662543456123466,2.6459302194913836,4.176472262163263,0.5560613961945625,0.16103914699352284,1.996176036595444,3.9922420213879177,2.1015027133508295,6.5954208155010985,7.906766993792881,1.8588759148124332,2.00068,0.9059999999999999,B0044,203,3442,03442.csv,4,0.0615021959933087,83
9,96.484,3.480657456568583,2.5366466461777906,4.177637250505157,0.6032385526927172,0.2000754022472817,2.2176595813869184,3.991625583043432,2.1014955815477805,6.324536214740793,8.628110902694925,4.064666184825437,2.2228222222222223,0.9743333333333334,B0044,205,3444,03444.csv,4,0.0615436456229027,84
10,109.094,3.559655619146663,2.619612898646795,4.178674620885059,0.5657106205308031,0.16188539558553394,1.9965767459999295,3.9917742802321072,2.1030688506241146,7.644851838660085,9.541833690746394,3.696848445844263,2.00068,0.8992000000000001,B0044,207,3446,03446.csv,4,0.0613682829819075,85
9,96.906,3.4710657400965403,2.48420676655347,4.180128549369836,0.6188013704679779,0.2023659488395766,2.21761630037934,3.99341095347209,2.1029665584325388,5.10818141008298,7.890349591233944,4.81963647981392,2.2226888888888885,0.9668888888888889,B0044,209,3448,03448.csv,4,0.0616335088887399,86
9,97.015,3.4889263102095542,2.5492794097929745,4.1786173675742635,0.5973634007619059,0.20027228822080145,2.218491783407859,3.991569924612713,2.10217370190824,6.978200107513246,9.207557697837885,3.9395370162623102,2.2226,0.9864444444444445,B0044,211,3450,03450.csv,4,0.0619810308759487,87
457,5608.781,3.438530012225991,2.6987042664288663,4.132709552803766,0.2253346466285129,0.7128654627642614,0.9486677628435233,0.9996908932907372,0.21306987643340541,7.831586108538486,10.171915363933092,5.1127225127162195,0.9510730853391685,2.795741794310722,B0044,215,3454,03454.csv,4,1.4779954511171076,88
463,5703.296,3.4576572257357188,2.6902025456609366,4.15897226684506,0.23208294896321816,0.713758953808417,0.9429908380342336,1.002764391386482,0.224925034682518,7.730546352316417,10.296016892383854,5.933163773083085,0.9452501079913607,2.7942656587473,B0044,219,3458,03458.csv,4,1.494119871447679,89
459,5668.032,3.4553887210557868,2.682194069736634,4.173670999223567,0.24331441022093095,0.7287707093685238,0.9448514489760841,1.001809989064009,0.22163924790204567,7.787963683864436,10.396418259744522,4.618296027049944,0.9469599128540306,2.8072723311546843,B0044,221,3460,03460.csv,4,1.488007820113173,90
455,5634.047,3.453365325098602,2.698791325109984,4.173428084270444,0.24167239397052728,0.7123878466038209,0.9421563938919909,1.0010193795008968,0.2267552487197224,7.849823078169805,10.675119900160505,4.664271289360611,0.9443041758241759,2.7956043956043954,B0044,223,3462,03462.csv,4,1.4748338592717107,91
449,5582.375,3.4533767517944844,2.6972261726105513,4.17295985340472,0.23704656111197497,0.7021909602007632,0.9414988076892857,1.0008333686989588,0.22831014435843908,7.863220580243154,10.562265269293302,6.750761501784915,0.9435768374164812,2.792291759465479,B0044,225,3464,03464.csv,4,1.4604378044785566,92
447,5567.329,3.4460660596643384,2.6816548421625512,4.172771279792943,0.24520419757563242,0.6954884002496624,0.9389248190462193,1.0006757296253446,0.23299302514841497,7.930106785779635,10.76625471358321,4.691040896958358,0.9410868008948546,2.778261744966443,B0044,227,3466,03466.csv,4,1.452380841576719,93
442,5528.453,3.4382387035909514,2.6758389635879234,4.15544388290786,0.2423251099610083,0.6794911102200558,0.9382384193003172,1.001584094423824,0.23422151233320615,7.888437545923743,10.911129725577434,7.050642833833519,0.9404380090497739,2.7503891402714933,B0044,231,3470,03470.csv,4,1.441102888364986,94
440,5513.39,3.4385248959075603,2.6766750362925413,4.172195811279475,0.24460784187527998,0.679660901017269,0.9336490860823935,1.0011109661354312,0.24309141023483347,7.818043363205418,10.81913572086399,5.8526115966820855,0.9356222727272728,2.7546363636363638,B0044,233,3472,03472.csv,4,1.4300355978410688,95
432,5486.187,3.4365202293034374,2.695622084623807,4.171402160517197,0.244410677453844,0.6518473095753721,0.9277689220640792,1.0013667929909769,0.2531409324271598,7.830974235734798,11.006306031992889,7.565943418721882,0.9298254629629631,2.733388888888889,B0044,235,3474,03474.csv,4,1.413943296719903,96
433,5461.922,3.4352027430527405,2.6908429071948605,4.170188354997629,0.24543765057437836,0.6299572223683563,0.9210915737535232,1.0031105310166462,0.26418395343853335,7.878562179371438,10.614675024239112,4.341294982931388,0.9230715935334873,2.71094688221709,B0044,237,3476,03476.csv,4,1.3972667497450315,97
430,5438.157,3.4334546922415696,2.6963132256039875,4.170349799747877,0.2459969986475344,0.6213167655719358,0.9181201846393618,1.0004034898094731,0.2686714089304824,7.960251571512366,10.78731375840829,4.551641451122669,0.9202088372093025,2.701553488372093,B0044,239,3478,03478.csv,4,1.3865375876825874,98
426,5402.875,3.425091148228222,2.6889652303475895,4.152127517238579,0.2455528308406081,0.5931847391283616,0.9148056354944822,0.9998017351246392,0.27342545754681163,7.825815360855775,10.646148713943534,7.001688481391486,0.9171300469483569,2.669082159624413,B0044,243,3482,03482.csv,4,1.3724753685724698,99
423,5384.438,3.43285332747351,2.697702269918439,4.169872871486082,0.24333149054997658,0.594148224362788,0.9097290378256396,1.001001283053754,0.2813006472462387,7.871717073752719,10.149343674038578,4.029944489809078,0.9118288416075652,2.6750827423167847,B0044,245,3484,03484.csv,4,1.3598593948812812,100
419,5344.859,3.4316708520467616,2.6908621173584564,4.17029400170211,0.24320132144266182,0.5907034185776223,0.9089429725976691,1.000535766089263,0.2825750858193495,7.872850841533409,10.269672545542075,4.319720299563417,0.9109751789976135,2.669649164677804,B0044,247,3486,03486.csv,4,1.3486733410392264,101
415,5305.156,3.4305423593747584,2.6956578221948044,4.16968317987712,0.24047052532224053,0.5802007549444999,0.9053821063023094,1.000130333451389,0.2872140745805945,7.787673589037049,10.511836729394169,4.493636750896149,0.907701686746988,2.6548939759036143,B0044,249,3488,03488.csv,4,1.3334258933205057,102
412,5284.547,3.4188541266416608,2.683891843696469,4.170671249766948,0.2501660136334049,0.6039313587412782,0.9122974973243161,1.0006996840010498,0.27772499268950546,7.997910807563725,11.2498423901219,6.146665369082716,0.9143135922330099,2.6652500000000003,B0044,251,3490,03490.csv,4,1.3387793081075827,103
409,5267.843,3.42241373548389,2.6861736439095387,4.149844268077626,0.24093940503090172,0.5490696247537246,0.8994156658139648,1.0012478773196167,0.2958247558543525,7.881896352735887,10.478668312226782,4.3382412794063585,0.9014973105134474,2.6126356968215156,B0044,255,3494,03494.csv,4,1.3153320403016997,104
406,5229.688,3.4160977003080477,2.6915218489806785,4.170207896534634,0.2503862299291529,0.5978083448130573,0.9110361819574849,1.0000486043905183,0.27949016472345484,8.022448822976777,11.276068425006786,5.86632171877632,0.913086206896552,2.658428571428572,B0044,257,3496,03496.csv,4,1.322963328110081,105
403,5206.954,3.415875051664848,2.698223036073629,4.169943833836458,0.25021852098602687,0.5808458393007765,0.9054784982339315,1.0000156861218927,0.28768113802460366,7.977920186292173,11.18488048040138,6.066312676692371,0.9074749379652606,2.639238213399504,B0044,259,3498,03498.csv,4,1.3086991524155074,106
400,5179.062,3.420770509924939,2.6884148666237393,4.168649657337103,0.24592706949919085,0.5591063726483703,0.8972042620479108,1.0003532671448447,0.2989357889655122,8.016774436428086,10.572845919227095,4.634616586558944,0.899281,2.6160025,B0044,261,3500,03500.csv,4,1.2897499583900436,107
396,5144.109,3.412152763562302,2.699098319484438,4.168865124534303,0.2511528566799237,0.5716768003788766,0.9036678684489556,1.0001270037964975,0.2899336729219955,8.104364904391632,11.286420953867148,7.104445769888579,0.9058419191919191,2.6292222222222223,B0044,263,3502,03502.csv,4,1.2906172590904164,108
395,5142.891,3.411365387592042,2.692387025960113,4.14775004325363,0.24747051476480822,0.5313196165016181,0.8935071299028775,1.000377670213083,0.30380000778773264,8.021367388918382,10.532008688910055,4.118315267788224,0.8955078481012658,2.5847367088607593,B0044,267,3506,03506.csv,4,1.2752011253442166,109
391,5109.734,3.4151055404827564,2.684075358151804,4.16768084822256,0.24757266552224147,0.5499106672838154,0.8950719052463397,1.0013725571006211,0.30197310550796297,8.012944452376887,10.49676940873906,4.268667714865371,0.8970097186700768,2.605757033248082,B0044,269,3508,03508.csv,4,1.268607265737458,110
388,5078.937,3.4139726333379956,2.687825351809013,4.167944485512648,0.2499017369482202,0.542072456498317,0.8916652038874839,1.0005394687347553,0.3062532822187696,7.944197776199544,10.219372011443095,3.9912173301741802,0.893628350515464,2.592365979381443,B0044,271,3510,03510.csv,4,1.2565759973225976,111
385,5051.672,3.410670178184504,2.6932435794466025,4.167775501643388,0.2508531640104837,0.5390195975565679,0.8906107795294059,1.0005198847037151,0.3072657937973065,7.904886527570053,10.307592528834146,3.92188743078756,0.8928031168831169,2.5863844155844156,B0044,273,3512,03512.csv,4,1.2486254509320869,112
490,6436.141,3.3507147228969534,1.990881848788414,4.203467627142882,0.3839428270015383,0.5244842348733942,0.6797383425468184,1.009116495266992,0.4709086225675265,9.485217152757082,15.71039018923076,9.164261875870636,0.6742902040816326,1.8649632653061223,B0045,0,185,00185.csv,4,1.0819793880779518,1
429,5650.265,3.343710562419324,1.987597263698,4.16699885717682,0.3958458807259648,0.5038034777890017,0.6849343730870635,1.0087426406516653,0.4688662501485914,9.412485833762908,16.327881769438125,10.666150535701693,0.679411655011655,1.8750372960372959,B0045,4,189,00189.csv,4,0.927952404748273,2
424,5590.907,3.357113032625278,1.9885380767186824,4.187894400053388,0.4001715007541425,0.5132817729111339,0.6646741680212028,1.0090556479293218,0.4763092167102513,9.14441346005273,16.190453016227536,9.76846529599694,0.6591646226415094,1.8219528301886794,B0045,6,191,00191.csv,4,0.885193608411576,3
419,5543.61,3.358646172572514,1.969241613952096,4.188401226248918,0.4042030861814464,0.5066114761757654,0.6509708172327299,1.007865061542852,0.48076992050578465,9.074180330499932,16.44564599364816,11.667821242536203,0.6455837708830549,1.7796634844868735,B0045,8,193,00193.csv,4,0.8581010699478283,4
415,5499.046,3.3660643885240518,1.9830542841988097,4.188303916193977,0.40071787842244405,0.4998047735393598,0.6403002019566112,1.0092390728045402,0.483985227324104,9.063698357219925,16.652821920677077,11.605547628105036,0.6350154216867469,1.7496072289156626,B0045,10,195,00195.csv,4,0.8409352213456689,5
411,5461.219,3.367910347978234,1.980464521626357,4.18828020412361,0.40315657002212046,0.4934351622782205,0.6317916802649506,1.0082097757590034,0.4862605528227397,9.076577071060372,16.626045153527933,11.33737363596078,0.6266379562043796,1.7234939172749395,B0045,12,197,00197.csv,4,0.8245471942901911,6
409,5451.281,3.357745333360116,1.9822192378370669,4.115223647482973,0.40487074153178665,0.4141541644852351,0.6177297001608738,1.0081874076413238,0.48978886732539484,9.265023738219778,16.231693733501764,11.620350877507068,0.6126151589242054,1.6710073349633252,B0045,16,201,00201.csv,4,0.7935960418803983,7
409,5468.062,3.3696607473704705,1.9987122390470569,4.166319111887713,0.40050548320449386,0.46722365915096153,0.6276530720982322,1.0098943079946223,0.48739130422396426,9.339350112299787,16.185673883928935,10.671822530633758,0.6223867970660146,1.708833740831296,B0045,20,205,00205.csv,4,0.8183676087159205,8
404,5411.297,3.3747312015520436,1.97927314966301,4.188858082816243,0.4092736298866975,0.48641450893988347,0.6228892158147179,1.0088447706775023,0.4886004403514843,9.308634523153344,16.52621032903044,11.398196692688286,0.6177212871287129,1.7001782178217824,B0045,22,207,00207.csv,4,0.7977644276409412,9
400,5369.703,3.381799182114607,1.9640518711887227,4.189052979187811,0.3988431120171047,0.48503247576153186,0.6165874685425881,1.008540571989902,0.4900880896858556,9.254145206672922,15.196414604557985,9.296603688285062,0.61141,1.6876999999999998,B0045,24,209,00209.csv,4,0.7993777411831636,10
396,5327.406,3.385176591409285,1.9965583229383297,4.189280705297697,0.4023524826613929,0.4814360090595904,0.6125821930083026,1.0084157672653469,0.4910475561774714,9.291749311540086,16.354435553014117,11.261279216098824,0.6074853535353535,1.6759570707070703,B0045,26,211,00211.csv,4,0.7783107440628891,11
393,5299.266,3.3813096388474886,1.9676140964966768,4.189527524041756,0.4011741052704733,0.4831796887476636,0.6121519312429837,1.0088566807748427,0.4910958019749209,9.310447961834724,15.57016420519042,9.707028366022477,0.6070335877862595,1.6722035623409668,B0045,28,213,00213.csv,4,0.7803738231239117,12
397,5367.172,3.3490369985986668,1.98770164017674,4.097057578524458,0.40870663184052225,0.39605430506717676,0.6159913820815515,1.0080424431902402,0.49022105726068954,9.29775486780575,16.481904111846188,10.690942060486105,0.6110357682619647,1.6546221662468514,B0045,32,217,00217.csv,4,0.7713058245640294,13
399,5406.812,3.3694542187312684,1.99572402940065,4.166427487441078,0.4129355247437175,0.4613371749574813,0.6254526771870121,1.0087189699625896,0.4877759796268495,9.245632947295453,16.686364651804713,11.830830128672204,0.6204491228070176,1.7002180451127817,B0045,36,221,00221.csv,4,0.795279016979026,14
394,5353.094,3.3771129586319466,1.9723902186883997,4.189116912804917,0.41262650055674255,0.4840410232741883,0.6181125618678242,1.010914036070883,0.4896087497095646,9.21860683892004,16.527315358470222,11.511902702885745,0.6131010152284264,1.6840761421319796,B0045,38,223,00223.csv,4,0.7824128169919247,15
388,5280.031,3.382104218416538,1.976007577264544,4.189394418073402,0.4105577819660482,0.4813798992666114,0.6122046146070167,1.008249683063318,0.49096772180088016,9.19413015419709,16.325076195754107,11.44982769701312,0.6071515463917525,1.6697525773195874,B0045,40,225,00225.csv,4,0.7649414992231182,16
385,5248.593,3.3859954600090036,1.9786838559411903,4.189251613691141,0.409651466403204,0.47892233415206764,0.6065820586083148,1.0084247134366529,0.49229865653085625,9.188267060937262,16.18780234880546,10.622456948235733,0.601545974025974,1.6535792207792206,B0045,42,227,00227.csv,4,0.7544899426779375,17
380,5203.375,3.3830345538672018,1.9866467601774969,4.18999236240837,0.40899509501121806,0.4798557797494811,0.6065008829790791,1.007946613751651,0.49243513795509547,9.211910760834266,16.54868871782283,11.454783542847608,0.6015910526315789,1.6519342105263157,B0045,44,229,00229.csv,4,0.7504048978314295,18
376,5166.812,3.37881379914347,1.9915335628511552,4.165973150657214,0.40656931595090756,0.45507737106365553,0.6023224010859699,1.0076971244709267,0.49315165917011455,9.15685740939557,15.893386512216576,10.171879645140972,0.5973446808510638,1.629534574468085,B0045,48,233,00233.csv,4,0.7407258109620256,19
175,2384.094,3.406714657706338,2.942421777794815,4.1894414322262765,0.2424485762740095,1.2470196544314613,0.9941979686236161,1.0079890306492827,0.10720130260718394,8.865755104549711,11.62448622814209,6.4809916186045236,0.9865862857142859,2.904537142857143,B0045,50,235,00235.csv,4,0.0,20
388,5340.281,3.389059266953008,1.9935644864605024,4.195641973763218,0.4201054244166213,0.4751575457183277,0.5862699132665358,1.0082380238297786,0.4961015167504016,9.104538013834128,16.273556126855052,11.31258522417707,0.5814350515463919,1.5855515463917524,B0045,52,237,00237.csv,4,0.7308525593793626,21
370,5103.0,3.3783919657677504,1.9937078109097683,4.189381114418313,0.4128153527940675,0.47616710760747294,0.6038819340548259,1.008015294958034,0.49288338074389093,9.196243634400288,16.57769275391533,10.810399273587219,0.5989556756756758,1.6374,B0045,54,239,00239.csv,4,0.7287255851177903,22
365,5051.172,3.377934624269061,1.9840988185168291,4.189726548094093,0.41639664688433686,0.4759760971941609,0.604055203374872,1.0101830059414636,0.49293116450534197,9.224293881462565,16.451931737613187,10.998334849702937,0.5989753424657535,1.6359726027397261,B0045,56,241,00241.csv,4,0.7161023377036263,23
363,5027.563,3.3727225247575885,1.9818309446595743,4.166289777836687,0.4130458233121519,0.45341053162770795,0.6018841886990297,1.0094830851519123,0.49336255206803853,9.239291915944644,16.660404158556567,11.176693142084162,0.5967471074380166,1.6217961432506887,B0045,60,245,00245.csv,4,0.7129204834988017,24
360,4993.765,3.380735960428841,1.9984963466197732,4.189756191273931,0.4111948532055461,0.47544505232881695,0.6039763106164548,1.009270147494984,0.49294762156630717,9.220514425854448,16.192781213892964,10.857471146678199,0.5989144444444444,1.6401555555555556,B0045,62,247,00247.csv,4,0.7141991829499618,25
357,4962.469,3.3889133424072204,1.9886589228929203,4.1890449974281685,0.3997123145751166,0.47363207020161724,0.6006875482757976,1.0108313950708208,0.49363174722627573,9.140591023627803,14.742856005940368,8.642072257185315,0.5955579831932772,1.637201680672269,B0045,64,249,00249.csv,4,0.7190570819844222,26
352,4907.859,3.3855430731736647,1.983664414073366,4.189274783071479,0.401130862645177,0.47289068254338806,0.6033816848288885,1.0080797400452108,0.49303353778407133,9.05273466167465,14.693521549329,8.291552172415898,0.5983869318181818,1.6413380681818182,B0045,66,251,00251.csv,4,0.7173975428775917,27
350,4888.656,3.375688256474184,1.9705703151314151,4.189518201774546,0.4135213809950964,0.47427535155649014,0.6067336731114304,1.008906381541965,0.4922877337593462,9.311519157220646,15.86983818237976,11.169828713549872,0.6018137142857143,1.6444342857142857,B0045,68,253,00253.csv,4,0.7071027496463946,28
348,4866.25,3.37794278508875,1.971779249329659,4.166301702021804,0.40460530662342303,0.45011171216185586,0.6015575630713584,1.0084556602023516,0.49335894405240655,9.167853966731156,14.829662137922766,8.544610231037286,0.5966557471264368,1.6273017241379308,B0045,72,257,00257.csv,4,0.703531206505542,29
345,4836.125,3.373558298075209,1.9938420365930107,4.19002918934191,0.41585683144895275,0.47432459128982307,0.6099382533777461,1.00994980914745,0.4915016872800436,9.287848514483294,15.906462051621896,10.719122768444908,0.6047188405797101,1.6523362318840578,B0045,74,259,00259.csv,4,0.6941108278958862,30
342,4801.485,3.368742642573582,1.9993629637641337,4.1895524054233135,0.4170738781155352,0.47493592179893174,0.6121612430072217,1.0082413706235676,0.4911212286556692,9.322184761530549,16.353770501511462,10.760872493202537,0.6070888888888889,1.656140350877193,B0045,76,261,00261.csv,4,0.6914114388869608,31
338,4760.938,3.3718000664169727,1.9932756058141663,4.189008492340535,0.40707820571231085,0.47474581550540096,0.6133595751961213,1.0081786693703223,0.49077886948394683,9.289681276195049,15.076528277493722,8.949982420310926,0.6083704142011834,1.6639497041420117,B0045,78,263,00263.csv,4,0.6971551798505504,32
336,4740.907,3.366360304166582,1.9801057444800896,4.189696962609597,0.41992554269413757,0.47529313264752515,0.6140212606464395,1.0080303326541913,0.49066392240823736,9.365909184464234,16.045850353764667,10.757884886842625,0.609014880952381,1.6599970238095239,B0045,80,265,00265.csv,4,0.6832460217432723,33
347,4914.532,3.342277843498783,1.9944009127947364,4.0900107068393625,0.4228230839034499,0.3770036652017157,0.6005861132610241,1.0082541248682169,0.4935811221420622,9.328022708662925,16.24823467681854,11.306140300251627,0.59551469740634,1.5936541786743517,B0045,84,269,00269.csv,4,0.6822029317493292,34
353,4998.656,3.3722684174392836,1.9913126738513705,4.166284738890519,0.41748944710538666,0.4506085002534448,0.6130241600461854,1.0086099504503174,0.4909005802848438,9.373114023056761,15.761879553141288,9.4790425794374,0.6079943342776204,1.6578045325779038,B0045,88,273,00273.csv,4,0.7289529213213379,35
345,4890.015,3.357634548884028,1.9818085465777888,4.188598948796885,0.4246116730195818,0.47710346867521913,0.6243963654074587,1.0089146761829488,0.4881625695224866,9.306835708093752,16.349393593197068,10.332454980993557,0.6191582608695653,1.6860666666666666,B0045,90,275,00275.csv,4,0.7139321758287004,36
341,4842.11,3.3697954619483568,1.999993313622792,4.188722662834883,0.4211715878850021,0.4738370542042136,0.614012612549409,1.011018341220977,0.49076800859306174,9.339526786032339,16.22246271510604,10.839833611523423,0.6088821114369501,1.6624692082111439,B0045,92,277,00277.csv,4,0.6957731747455482,37
337,4798.281,3.3766733742445987,1.97465958029416,4.188679542275547,0.41112399958350815,0.4722585566192192,0.6093457451037623,1.0088132806643768,0.4917377119068585,9.1327535688995,14.780023826016944,8.430756383308424,0.6042848664688427,1.6526913946587536,B0045,94,279,00279.csv,4,0.7018312962317095,38
332,4739.188,3.356692310359256,1.978180955008712,4.1894790557667125,0.42480699694262847,0.47705601103911066,0.6216046286696331,1.0088474838548318,0.48906210255686383,9.343849839453913,16.357147782799643,10.53387183025022,0.6163945783132531,1.6755783132530122,B0045,96,281,00281.csv,4,0.6911808244378487,39
331,4733.156,3.3716599583869122,1.9845097801200728,4.165443751495042,0.41449279056812355,0.44770198167631836,0.6050658552624923,1.00822558167956,0.49260937466557053,9.257582649630315,15.304013119865168,8.869939890557658,0.6001619335347432,1.6317794561933536,B0045,100,285,00285.csv,4,0.6843279752855028,40
326,4670.61,3.358461612325261,1.992166497202334,4.189848639216605,0.42704572239870164,0.47462425381930284,0.6206808927728046,1.0089040108456189,0.4891848552713747,9.38425161776499,16.298057069520368,10.6882886044821,0.6154668711656441,1.6736533742331288,B0045,102,287,00287.csv,4,0.6741394908812485,41
323,4635.0,3.3733153872943236,1.9991203083414104,4.165425573897933,0.41257068270354974,0.4473581674025615,0.6014579071154386,1.008891006761111,0.4933925716263481,9.144982402264807,15.088230300481198,10.064613155464873,0.5964396284829723,1.620455108359133,B0045,104,289,00289.csv,4,0.6670070174301739,42
321,4615.86,3.367632771675607,1.9790832878431537,4.188987638858462,0.4172287219242889,0.4716734476646165,0.6147324348436539,1.0086883164534273,0.49051516443029824,9.26257479341655,15.201775291002932,10.072683658291727,0.609517757009346,1.6616728971962618,B0045,106,291,00291.csv,4,0.6804085117374855,43
318,4580.75,3.363321307304569,1.9986367632788744,4.1895804149451985,0.42293847484699737,0.4726683818530484,0.61718384421552,1.008109937595666,0.49012020332404654,9.40011028670591,15.820509282900383,10.675248304222224,0.6121345911949687,1.6652767295597484,B0045,108,293,00293.csv,4,0.6617864063235485,44
316,4557.406,3.346491714827562,1.971372324589047,4.16611714089707,0.4228131163487179,0.4511648079782389,0.6210353862363285,1.0087699262516547,0.48917804370853557,9.419332811255556,15.58071439830652,9.246532806024046,0.6160063291139241,1.659636075949367,B0045,112,297,00297.csv,4,0.6623168733492338,45
313,4524.0320000000065,3.3599039237162853,1.9843056004522797,4.188826402459722,0.4142912102405556,0.47124602085804224,0.6204955003009219,1.0089150089693268,0.4893291758248713,9.207828068558017,14.525034072927795,9.779306309207684,0.6155035143769969,1.6748019169329071,B0045,114,299,00299.csv,4,0.6679358357181778,46
311,4502.938,3.349639562276425,1.9946795397137125,4.189296725569063,0.4311659276530072,0.4734566374803193,0.6247886683198488,1.0103825696902464,0.48816352011293673,9.478974220669317,16.256345838594637,10.480505088316768,0.6194450160771704,1.6780418006430868,B0045,116,301,00301.csv,4,0.6488990885270688,47
309,4483.094,3.352423027875088,1.9789936656967484,4.189791506946971,0.43018587522720514,0.4735308370883571,0.6220813665043828,1.008360553211059,0.48876587655172593,9.37536325812961,15.916519503570711,10.523668544403776,0.6170168284789644,1.6723948220064724,B0045,118,303,00303.csv,4,0.6503639129625527,48
301,4448.36,3.3563090390508155,1.9690947658783289,4.189224626327275,0.4250155035902405,0.4720486346231856,0.6250499539522099,1.0094489912636213,0.4882287311799085,9.348977069227304,15.322696472607957,10.333780537953714,0.6201681063122925,1.6849601328903654,B0045,120,305,00305.csv,4,0.6572077690202801,49
305,4440.531,3.340602870094091,1.9951107736579323,4.165757111360098,0.43257643838511456,0.449387631674496,0.623734929192778,1.0088647594062352,0.4885975143935363,9.539830147989116,16.435471374813734,10.705267945634203,0.6185855737704918,1.6608065573770492,B0045,124,309,00309.csv,4,0.6363517458476216,50
303,4416.547,3.348511229053965,1.965197509539028,4.188761935596181,0.4222387923587892,0.4736093737632485,0.6278279595149393,1.0085879672096902,0.4874665205122714,9.436879605277216,14.7528730574534,8.422354120268961,0.6226607260726073,1.688112211221122,B0045,126,311,00311.csv,4,0.6536449360948587,51
300,4382.937,3.3328844784891074,1.9820270227741772,4.188802708146619,0.4354653766057159,0.4755849651609507,0.6341009810432264,1.0081206341074491,0.48569428810927634,9.4879310296259,16.57328291132994,10.305894083001153,0.6288686666666666,1.69386,B0045,128,313,00313.csv,4,0.6391428272150887,52
297,4347.453,3.3518219079975298,1.9731005832473112,4.18882331762149,0.4189092561940738,0.47082989831776123,0.6270509080782825,1.012324540932804,0.4876530209253673,9.300314416191522,14.528444176948046,9.708135894440083,0.6217804713804714,1.6866161616161617,B0045,130,315,00315.csv,4,0.6482206049496236,53
245,3581.188,3.2683273500289816,1.9974420919351863,4.189363830091343,0.4414205106619068,0.4924275247989218,0.7597050846771238,1.0095045117473536,0.43292211845717754,10.076022301978172,15.828293567742277,10.272451270920111,0.7536742857142857,2.036326530612245,B0045,132,317,00317.csv,4,0.6287957471922729,54
323,4746.5,3.3368580984170784,1.9759474231215743,4.087899947377259,0.42605368097405777,0.371105110873553,0.5859068227373201,1.0083299001575527,0.496285742528061,9.254842453288928,15.05093934814998,10.513038178493538,0.5810916408668729,1.5403188854489163,B0045,136,321,00321.csv,4,0.6380571850193401,55
318,4679.156,3.339305489603821,1.9944210992064384,4.164689190245494,0.44430005979861986,0.44816112399915164,0.6235792080415339,1.0094473741371577,0.4885744602290706,9.58411609363967,16.878888140585346,11.383707954838435,0.6184138364779875,1.6588490566037737,B0045,140,325,00325.csv,4,0.6554825047832906,56
312,4596.578,3.339570448565296,1.972391693643957,4.1883794105875705,0.44651701434149377,0.4734235893864813,0.6257994741257482,1.0100876092585305,0.4880219498520563,9.566905713744635,16.752865016509336,10.964965153580902,0.620698717948718,1.6716666666666669,B0045,142,327,00327.csv,4,0.6484934835397033,57
308,4544.641,3.3451677206996573,1.9932621672542288,4.188367290905127,0.4400238237461334,0.4725826977063492,0.6208878392755675,1.0110407655502038,0.4894362241256608,9.486246140892044,16.630725230629476,10.612563110904265,0.6157915584415584,1.661168831168831,B0045,144,329,00329.csv,4,0.6454071687844921,58
306,4526.938,3.3544794166161487,1.9848873247448808,4.189241965038727,0.4315337822161971,0.47251898872043174,0.6150097821120053,1.0078016297171766,0.4905691574628382,9.492943245052498,15.270710849004711,9.369620967593914,0.6100398692810458,1.6504477124183008,B0045,146,331,00331.csv,4,0.6427008031845645,59
303,4487.438,3.3411905698302573,1.9683654551310577,4.189229122156955,0.44175692058228627,0.47484033237612167,0.6210708337106292,1.0081100082305772,0.48920875141857717,9.621291466671476,16.438070093673065,10.805011622488383,0.6160811881188121,1.6593135313531355,B0045,148,333,00333.csv,4,0.6352454880802477,60
304,4513.312,3.3372444928972818,1.9924043536128275,4.106243161598799,0.43586580790990287,0.3862373074811951,0.5956433245504575,1.009973121232977,0.49451502854983537,9.480811280043975,15.659914658719188,9.26222100215556,0.5910875000000001,1.5732598684210526,B0045,152,337,00337.csv,4,0.6156760019587869,61
307,4568.438,3.3510332188429146,1.9776141524479487,4.132596928052376,0.4321489348822529,0.41525117875262785,0.5899031716590648,1.0110530492189724,0.49557443330039486,9.448949676434,15.265721279585906,9.184176986641098,0.5853244299674267,1.5643908794788275,B0045,156,341,00341.csv,4,0.6170833682807023,62
302,4499.656,3.3573066817086326,1.996982635601323,4.18912672162077,0.4331536933633804,0.46982172399395594,0.6130674558373729,1.0077262022738762,0.4910305033243829,9.522656892771677,15.459947276103474,9.450041015203176,0.6082092715231788,1.6461953642384104,B0045,158,343,00343.csv,4,0.6434227390858672,63
297,4430.984,3.3367004271481884,1.9822999400765693,4.1893708877050795,0.44661885060567574,0.47324784906642137,0.6233316332163754,1.0088787623235531,0.4886917095549094,9.570096566546104,16.472719613709117,10.750013368641667,0.6184309764309766,1.6628484848484848,B0045,160,345,00345.csv,4,0.6278124433742752,64
295,4411.141,3.3507625069372007,1.9703495135592828,4.189359078886884,0.437107373582009,0.470422537480097,0.6138039303856421,1.0075105897625538,0.4907820426797052,9.488568418373822,15.321947787344948,9.15211262490505,0.6090881355932204,1.645166101694915,B0045,162,347,00347.csv,4,0.6290078315253372,65
131,1991.531,3.3925513327274577,2.9329708174243927,4.1893540752465075,0.2539167299572221,1.2563832578221148,0.9901523172837655,1.00811996758102,0.12351722298157436,8.948370017570232,11.709111497619928,6.218829943059899,1.1400015267175574,3.2718086259541987,B0045,164,349,00349.csv,4,0.0,66
325,4883.312,3.3452602996349197,1.980504790064301,4.107093365455889,0.4393714407910624,0.3858276220565515,0.5724793139232982,1.0068312874472778,0.49819938486931425,9.378195494421618,15.469187485474004,9.344783647860208,0.5682596923076922,1.506123076923077,B0045,168,353,00353.csv,4,0.6266355568292261,67
310,4663.907,3.3478192813331984,1.9754246490329657,4.165486716481237,0.44760023718020675,0.4445517731149997,0.6068356261713458,1.0077613985685372,0.49200658915849876,9.495184531517388,15.90915813248566,9.443843460545205,0.6021812903225806,1.613267741935484,B0045,172,357,00357.csv,4,0.6495813516716594,68
304,4581.328,3.3500352436555985,1.9843068510361204,4.189250217496488,0.4497992048359754,0.4690525131361136,0.6091490165625868,1.007878767792016,0.4917570118008163,9.474914433741436,16.128312311530546,10.420100807106657,0.6042125,1.6251414473684211,B0045,174,359,00359.csv,4,0.6337485177966306,69
302,4553.031,3.3590566596536764,1.9881721268958945,4.189075663187289,0.4430184342639093,0.46810561809912565,0.599818664489055,1.0110523170001116,0.4939309754305879,9.411639640493867,15.803292200329722,9.428002844909713,0.5949907284768212,1.6040894039735099,B0045,176,361,00361.csv,4,0.6298550929085645,70
297,4486.5,3.3495911750877263,1.9809529177782503,4.189728966453982,0.4442557235641775,0.4704656693629983,0.6065388177429143,1.009350303830025,0.4923019638155643,9.476832839675836,15.46350630780127,9.273926392374843,0.6016390572390573,1.618811447811448,B0045,178,363,00363.csv,4,0.6183063778386736,71
294,4450.625,3.3462597198775272,1.9697892783360584,4.189240671585531,0.4517620447969772,0.4692070333957017,0.6056443773005142,1.0077970558442526,0.4926159794839872,9.49822266009937,16.26952559815265,10.822196858026564,0.6009925170068029,1.6127857142857143,B0045,180,365,00365.csv,4,0.6069476168507777,72
490,6436.141,3.4409645322869102,2.1792997733612083,4.23781853684158,0.3326670897422931,2.0584027683698594,1.0031661082518326,1.01435518394686,0.06413893909154736,9.035891964302168,13.880080551261509,7.4816252048861545,0.9949000000000001,2.9652632653061226,B0046,0,553,00553.csv,4,1.7282392323598248,1
429,5650.265,3.4252545586780085,2.1744736968146285,4.162338775528476,0.324416627188017,1.987716150053426,1.0024459582241103,1.0149368694391114,0.06866756022994971,8.872109574065124,12.941526372487642,7.336460768576002,0.9941440559440557,2.949899766899767,B0046,4,557,00557.csv,4,1.5161488467923143,2
424,5590.907,3.425904453303529,2.195666899317151,4.180873304847234,0.32596111495104635,1.9852064055300827,1.0023602664995583,1.014076992350372,0.0690922240326618,8.6284456728549,13.359691095670462,7.036154913419369,0.9940481132075469,2.9521415094339623,B0046,6,559,00559.csv,4,1.503121190703977,3
419,5543.61,3.423608435843718,2.1796283675041006,4.182266567788393,0.3282197984864449,2.002638200284292,1.0022919216677797,1.0139326738131618,0.06946080397493305,8.63136091760955,12.683911154117247,7.899396462339398,0.9939307875894985,2.9503150357995227,B0046,8,561,00561.csv,4,1.48586566102824,4
415,5499.046,3.4211455348547464,2.1952581561866973,4.180656549578995,0.3300594684044501,1.9853983933922974,1.0022939530561292,1.0141216340191552,0.06977802043199789,8.67696820980418,13.065399804685724,8.005527476677784,0.9940240963855421,2.94624578313253,B0046,10,563,00563.csv,4,1.4694562316392716,5
411,5461.219,3.418211640329191,2.1940346005371705,4.180899052149243,0.33009999497241205,1.9868644516120728,1.0024377453810243,1.0146327995843631,0.07005820126808798,8.714755394110101,12.802479603911388,7.515855438663681,0.9941158150851582,2.942,B0046,12,565,00565.csv,4,1.458955459264481,6
409,5451.281,3.3913871477101263,2.1978529182010296,4.121126965024616,0.32260248368526784,1.9231398813467941,1.0021724885230217,1.0146720016504305,0.07034570166788807,8.941517894800649,13.585554405586658,9.044841991412792,0.9939149144254277,2.918638141809291,B0046,16,569,00569.csv,4,1.4556853555098297,7
409,5468.062,3.405195390316552,2.190965071547283,4.158094572470294,0.3341483854387638,1.9671295009230105,1.002235016700841,1.0150359928774078,0.07031099612973535,8.956808204433376,13.94301293338268,8.443811826738017,0.9940772616136921,2.926723716381418,B0046,20,573,00573.csv,4,1.456232262380321,8
404,5411.297,3.4089875975783017,2.1866396618663058,4.180141305155931,0.3351989902052817,1.9935016432896249,1.0021923537852624,1.0152062278681104,0.0706954598905031,8.857079944726477,13.134169173843691,8.06628674251391,0.9938564356435642,2.9327599009900993,B0046,22,575,00575.csv,4,1.4440592236675138,9
400,5369.703,3.405344636824463,2.183328288428697,4.179370029585307,0.33901598451318093,1.9960417411566103,1.002036442615774,1.0155359732475864,0.07097168339471431,8.951187295260016,14.086951683642924,8.242975026602661,0.9937574999999998,2.9295799999999996,B0046,24,577,00577.csv,4,1.428294264765868,10
396,5327.406,3.4032461605763142,2.169516718963703,4.178701514525068,0.33868025792262746,2.009184795561365,1.0019449254309927,1.0142040713603584,0.07138218919696751,8.966158040889411,13.314723048488911,8.296797084853452,0.9936434343434342,2.927825757575758,B0046,26,579,00579.csv,4,1.4199848948034668,11
393,5299.266,3.3967709514446076,2.1506636217123933,4.178686122362143,0.3448765652906397,2.02802250064975,1.0019368953910395,1.0140802271588931,0.07162416677861991,8.972930848723113,14.173291675329546,8.370106703712374,0.9935633587786259,2.92195165394402,B0046,28,581,00581.csv,4,1.4043226018516568,12
397,5367.172,3.3721964614287634,2.1813781395662764,4.104216707532647,0.326601194057571,1.92272390776166,1.0020744940471753,1.0152535112311678,0.0712489419844622,9.032800036514974,13.959348125513564,8.304979789031412,0.9939219143576826,2.89508564231738,B0046,32,585,00585.csv,4,1.4234351301615986,13
399,5406.812,3.3962096829403037,2.1971149516601716,4.155511867054,0.33590363084480984,1.9582982288691313,1.0019365649129635,1.0150882170381768,0.07108402856895002,8.8666091485246,13.523198161538613,8.765510718121897,0.9937288220551377,2.91837343358396,B0046,36,589,00589.csv,4,1.4339948857967295,14
394,5353.094,3.3989726713804767,2.157995006136477,4.17891702072451,0.3432152827708036,2.020922014588033,1.0017349404979956,1.0138597436043135,0.07163237002750375,8.91721938287038,13.750234723504356,8.80144023223334,0.9935807106598983,2.923317258883249,B0046,38,591,00591.csv,4,1.4185177047756572,15
388,5280.031,3.39769311615204,2.198419108542039,4.178285871350945,0.33917517667158054,1.9798667628089062,1.0015911631812058,1.0144360732666853,0.07221054759052473,8.923958703020183,13.400973711086476,8.5613711031016,0.9934592783505153,2.9223969072164944,B0046,40,593,00593.csv,4,1.4056313337829422,16
385,5248.593,3.3923860221630204,2.151164339585934,4.1780747638293185,0.3450800072936531,2.0269104242433844,1.0016627535047886,1.014261294595994,0.07255186373956755,8.991317663963024,13.648707282364962,8.163198544840132,0.9936114285714285,2.915535064935065,B0046,42,595,00595.csv,4,1.3890214025155618,17
380,5203.375,3.387564802409393,2.152208745567858,4.177918597629585,0.3479959310646284,2.025709852061727,1.0017210974492488,1.014489076885478,0.07282207501978942,9.016720196858456,13.959820884900516,8.872123713099874,0.9935921052631578,2.909934210526316,B0046,44,597,00597.csv,4,1.3723339082737365,18
376,5166.812,3.3755889260430436,2.165968185309718,4.151019587024004,0.3458902183522195,1.9850070298564706,1.0015714385037338,1.0134987135278009,0.07325730412095806,8.999593683204713,14.349640095291218,8.688162001730284,0.9933547872340426,2.899239361702128,B0046,48,601,00601.csv,4,1.3615778905990563,19
175,2384.094,3.651052971550194,3.4709356617126152,4.177351418157289,0.1372768599397504,0.7064157564446738,0.9957188795918821,1.0096726635247664,0.10716174052507879,7.549065028670864,8.96387999471909,3.83053532775745,0.9871977142857138,3.1632914285714286,B0046,50,603,00603.csv,4,0.0,20
388,5340.281,3.3771442240108183,2.199378116446157,4.178852366259435,0.34764718537438866,1.9793801112687186,1.0017131896387048,1.013723806647551,0.07211448226749688,9.073580268946476,13.720010432160604,8.699809002378185,0.9934809278350514,2.90126030927835,B0046,52,605,00605.csv,4,1.4100282016237429,21
370,5103.0,3.3739069772216053,2.1709534591124666,4.177296277706522,0.3520484342617095,2.0063428185940553,1.0014759387718013,1.0133151573794763,0.07384765949431793,9.035703497783533,14.214578668306734,8.47170033454628,0.9933935135135135,2.896718918918919,B0046,54,607,00607.csv,4,1.3395671374926488,22
365,5051.172,3.3730377771688125,2.1705625280743464,4.176859724330072,0.3496329879324098,2.0062971962557254,1.001751590105337,1.0145892320656984,0.07432888943983192,9.0428494070086,13.7206185074268,8.280490065375812,0.9934191780821918,2.893120547945206,B0046,56,609,00609.csv,4,1.3291515487117478,23
363,5027.563,3.361814920655554,2.1762627754763426,4.148811503971785,0.34884318537197573,1.9725487284954428,1.0013919768296455,1.013852308100358,0.07464701313110839,9.103478864398264,14.307049577086085,8.856348701412879,0.9932258953168043,2.8840633608815427,B0046,60,613,00613.csv,4,1.3181687033905718,24
360,4993.765,3.36759601245628,2.16031962283908,4.17607839536505,0.3508852130193774,2.0157587725259702,1.0012785845104528,1.0149029063735249,0.07489506087783239,9.08626820310501,13.73206507015365,8.425880670036296,0.9930566666666666,2.8902611111111116,B0046,62,615,00615.csv,4,1.312423708466101,25
357,4962.469,3.3619567307164724,2.1449047324556036,4.175479903911147,0.35632922362603736,2.0305751714555433,1.0011100184599881,1.0129489271534275,0.07522353132758992,9.113491912356011,14.550153842364988,8.508137346905343,0.9930067226890754,2.884168067226891,B0046,64,617,00617.csv,4,1.2993237532162487,26
352,4907.859,3.360770876263507,2.196218583907234,4.175276949812811,0.3512019905524337,1.9790583659055767,1.0010016783342919,1.013842187549723,0.07561609739513132,8.977476169539525,14.437029519118854,8.100972450447205,0.9930755681818181,2.879627840909091,B0046,66,619,00619.csv,4,1.2877483042174591,27
350,4888.656,3.3581255157395584,2.169183841274847,4.175506752243359,0.35139713759051244,2.0063229109685117,1.0011852000845294,1.0136988771283435,0.07592957463752227,9.205520238536874,14.364000921258654,9.68122260138229,0.9930977142857144,2.8759628571428575,B0046,68,621,00621.csv,4,1.2865282739749122,28
348,4866.25,3.347714666699619,2.1947559967284405,4.145965438635247,0.34964729836077796,1.9512094419068062,1.0010013987669988,1.014252701339216,0.07615356107132927,9.14555330973735,14.693349843683665,8.487422044310932,0.9929545977011492,2.866126436781609,B0046,72,625,00625.csv,4,1.2719636386987183,29
345,4836.125,3.353800882166825,2.1877179876194033,4.174989626740224,0.350499107355799,1.987271639120821,1.0010290829534054,1.0140278357417702,0.0764455780028607,9.111354213090989,14.058016587648105,8.884202753259796,0.9928260869565216,2.872776811594203,B0046,74,627,00627.csv,4,1.2714495345417192,30
342,4801.485,3.350657273692142,2.1508230766314127,4.175655686812431,0.35520421902838795,2.024832610181018,1.0009585460015413,1.0134629302760532,0.07677179205956652,9.163824507961877,13.779152574880364,8.198671733801035,0.9927695906432746,2.8695,B0046,76,629,00629.csv,4,1.2615423884659074,31
338,4760.938,3.349047830330531,2.190167787518222,4.174757798171361,0.35475876178183274,1.9845900106531387,1.0009004370775454,1.014033434715715,0.07725965039396587,9.165326915001913,14.383739114376208,8.312486694926317,0.9926976331360946,2.8664526627218936,B0046,78,631,00631.csv,4,1.2421201619204132,32
336,4740.907,3.3446343037059103,2.18851427579806,4.175734259626989,0.3552154592897276,1.9872199838289286,1.0008605640359372,1.014031038623518,0.0774916059141573,9.179753755489338,14.589504036127655,9.30880586015818,0.992665476190476,2.8625059523809524,B0046,80,633,00633.csv,4,1.2402537441669796,33
347,4914.532,3.3205030122204913,2.1637485824862837,4.087128849753504,0.34164415639211315,1.923249326609223,1.0011746350209894,1.01490431160623,0.07629648459593957,9.27415763140438,13.891154624298236,9.0034143004865,0.993078962536023,2.8382449567723342,B0046,84,637,00637.csv,4,1.2851130012242886,34
353,4998.656,3.349264182688189,2.153820870810703,4.1471218794503475,0.35476060553206046,1.9933010086396443,1.0011690143333174,1.0140051761194069,0.075600097375196,9.271981913108279,14.673096336965486,8.473259328456152,0.9931042492917846,2.868189801699717,B0046,88,641,00641.csv,4,1.3043327841699193,35
345,4890.015,3.3574536928825296,2.1856873619664867,4.17500990248918,0.35443559236934985,1.9893225405226929,1.0009996740645901,1.0138060897113894,0.07643725609662333,9.033984664610193,13.896967367053858,7.936039262552428,0.9928202898550724,2.8761391304347828,B0046,90,643,00643.csv,4,1.2778639041619957,36
341,4842.11,3.3535254761184166,2.1586585951828057,4.175207914830006,0.35523759723865606,2.0165493196472,1.0008611138640546,1.0150239115464577,0.07686754696718796,9.172120651818531,13.908543615362126,8.53708203462974,0.9927689149560116,2.872595307917888,B0046,92,645,00645.csv,4,1.272346459165154,37
337,4798.281,3.347073227310051,2.1497344671215517,4.174827125492382,0.3605695519938226,2.0250926583708306,1.000811467966266,1.014982845931098,0.07730551770541885,9.093365400458568,14.617560660341365,8.326680818710987,0.9928753709198811,2.864519287833828,B0046,94,647,00647.csv,4,1.2477883952768762,38
332,4739.188,3.348504626898048,2.180494984747436,4.1748101416565255,0.35713201220837504,1.9943151569090896,1.000971558605881,1.0139301973708983,0.07785751154656331,9.119927887302934,14.288124170416689,8.493596852234688,0.9928150602409637,2.8652409638554217,B0046,96,649,00649.csv,4,1.2352499196655526,39
331,4733.156,3.332816913331474,2.1583931144361963,4.144890688492612,0.3582856634709954,1.9864975740564161,1.0007926094103774,1.013587060727205,0.07803310391296932,9.185345552194319,14.875868929885128,8.503321229084953,0.9927256797583082,2.8512054380664655,B0046,100,653,00653.csv,4,1.229251291851949,40
326,4670.61,3.343773088070051,2.1973084174346607,4.174530382960434,0.3535538218865468,1.9772219655257732,1.0006667122739987,1.0133237853999737,0.07854943570032238,9.156968538676207,13.880179808466218,8.26466295369675,0.9925110429447851,2.8624478527607358,B0046,102,655,00655.csv,4,1.223890910501634,41
323,4635.0,3.33676988143417,2.1948349231295037,4.1743300924480256,0.35867235859297997,1.9794951693185219,1.0004434396725717,1.0129735089678258,0.07903894399265589,9.08775088318824,14.631961684725407,9.631751846332815,0.9924185758513931,2.8553839009287927,B0046,104,657,00657.csv,4,1.205423323571373,42
321,4615.86,3.333058450714012,2.153169565361056,4.173688629517977,0.3626308825367711,2.020519064156921,1.0004321685718414,1.0140945273469484,0.07924927981620071,9.184456763175827,14.768164211079869,9.664507521019909,0.9924822429906544,2.8504610591900312,B0046,106,659,00659.csv,4,1.1957824090008151,43
318,4580.75,3.330716899309493,2.1789077465484965,4.174343502341572,0.3613340046505911,1.9954357557930757,1.0005022293394439,1.0146645679773671,0.07977665390129918,9.215049403610458,15.037938036453404,9.88841204693285,0.992519496855346,2.8482515723270443,B0046,108,661,00661.csv,4,1.190072949669846,44
316,4557.406,3.3218468956700393,2.16713614374112,4.14222437268915,0.35748908195667883,1.9750882289480303,1.000376190229538,1.0135210185380688,0.07995874963553497,9.185331012909922,14.290141125898849,8.025335181360502,0.9924753164556963,2.83996835443038,B0046,112,665,00665.csv,4,1.179201763233652,45
313,4524.0320000000065,3.327359417043662,2.175632256591337,4.173393414123743,0.36036409877027187,1.9977611575324064,1.0001870072907715,1.0128647179210617,0.0803263718231286,9.046655941616262,13.996450231420782,9.269688770757714,0.9922408945686899,2.845805111821086,B0046,114,667,00667.csv,4,1.169504032514554,46
311,4502.938,3.3259632346577273,2.1992835564527877,4.173536996898156,0.3598146183690496,1.9742534404453687,1.0001225394585929,1.0135831957851476,0.08055203619341957,9.26195924957788,14.935082428364884,9.174002167739484,0.9921826366559482,2.844131832797428,B0046,116,669,00669.csv,4,1.16772376849918,47
309,4483.094,3.322240958381916,2.176786994904175,4.174582549013794,0.3637121557604355,1.9977955541096195,1.0001481029921278,1.0125088172166772,0.08074202940811677,9.252994157098664,14.99164974108056,9.59696410956779,0.9921631067961163,2.841168284789644,B0046,118,671,00671.csv,4,1.1579256145829042,48
301,4448.36,3.325985699672719,2.1988382142547396,4.174588307825947,0.3605940041888143,1.9757500935712073,0.9999715315503709,1.0140396121078876,0.08198570958849184,9.26310734626783,14.811846373564524,9.81019684035809,0.9921607973421926,2.8432491694352158,B0046,120,673,00673.csv,4,1.1499812813376982,49
305,4440.531,3.3114789937571287,2.165246924019346,4.140409334076233,0.35677361132285035,1.9751624100568872,1.0003136352879307,1.016160339741845,0.08133507354713293,9.331127163327569,14.247555903096725,8.568462254778227,0.992280655737705,2.828285245901639,B0046,124,677,00677.csv,4,1.150285902223034,50
303,4416.547,3.3170441017303047,2.1595222389378317,4.1724288341154105,0.36486977228084383,2.012906595177579,1.0001598810351362,1.0136323841516852,0.0815890133825872,9.266824205941363,14.332240013732582,8.059409581986543,0.9922026402640265,2.834683168316831,B0046,126,679,00679.csv,4,1.1349452274085248,51
300,4382.937,3.314496922697215,2.1831972567411246,4.172310550176221,0.3596251642508673,1.9891132934350968,1.0002538884639347,1.0151417452145364,0.08197374553541624,9.20992133972331,14.276871638701772,8.052993279613379,0.9920526666666666,2.831846666666667,B0046,128,681,00681.csv,4,1.1380960963513609,52
297,4347.453,3.315933995614132,2.191895759269081,4.1745648072291,0.35989282719303095,1.9826690479600186,1.0001281764463046,1.0129399611534418,0.0823773550588342,9.1721362476023,13.777310967702926,8.929255041924005,0.9919393939393939,2.832121212121212,B0046,130,683,00683.csv,4,1.123711172150547,53
245,3581.188,3.4426193474976627,2.957668027855621,4.1730486061960095,0.2270068430762385,1.2153805783403886,0.9990527044797731,1.014458126942988,0.09051873892061768,8.57217147461004,11.441352869995514,5.903554941714076,0.9905044897959182,2.9553959183673464,B0046,132,685,00685.csv,4,0.0,54
323,4746.5,3.2963331961890048,2.1989086411312972,4.101731329888953,0.35546487594967535,1.902582246926022,1.0007823470008956,1.0136804581659815,0.07901951863218941,9.25834987796474,14.96165525093106,10.523579648407953,0.992809907120743,2.8130433436532507,B0046,136,689,00689.csv,4,1.214119211354098,55
318,4679.156,3.3205927834140843,2.1759612427269523,4.14324574268369,0.3615483592530107,1.9672779519473043,1.0005274848759138,1.0138752417282513,0.07961852869080463,9.311634785976043,14.622124863653871,9.144040336146384,0.9925723270440253,2.837688679245283,B0046,140,693,00693.csv,4,1.211944797522819,56
312,4596.578,3.3321448974569696,2.1740843812957524,4.174381858889519,0.36122309589609064,2.0002974775937665,1.0003494909916653,1.0134453544249995,0.08039939677452175,9.306501252940654,14.181162993443126,8.414881412545128,0.9923891025641026,2.8493365384615386,B0046,142,695,00695.csv,4,1.1971248679331925,57
308,4544.641,3.3300589536831566,2.1699286892596934,4.173792780760516,0.3625184991500044,2.003864091500823,1.000130643791712,1.0132265455749991,0.0808489406773457,9.361883663268088,13.989284902759552,7.9845247398656785,0.9921974025974025,2.847941558441559,B0046,144,697,00697.csv,4,1.1822892151870987,58
306,4526.938,3.326398154149516,2.15658205310809,4.174292933831419,0.3684867128876017,2.0177108807233286,0.9999751500715209,1.0127770109447685,0.0811842958806919,9.565977385225588,15.042601535042603,9.12757211198333,0.9922607843137254,2.8428562091503267,B0046,146,699,00699.csv,4,1.1645336676778395,59
303,4487.438,3.324081152870965,2.159229413482601,4.174080626824366,0.3679317443715241,2.014851213341765,1.0001108627417226,1.0138936920010262,0.08156395790179273,9.613253810213061,15.027421071078606,9.350422718476047,0.9922580858085807,2.8411914191419143,B0046,148,701,00701.csv,4,1.1535559567518647,60
304,4513.312,3.2901896835135895,2.1981836512730997,4.089380393518967,0.3524181484921359,1.8911967422458673,0.9997381912875449,1.0184755755177433,0.08143343521609728,9.659706152498446,14.577396723095212,8.278068180246816,0.9922631578947367,2.807723684210526,B0046,152,705,00705.csv,4,1.1601987101282063,61
307,4568.438,3.3123680120679446,2.172247401410494,4.142442473931475,0.3664123149802678,1.9701950725209811,0.999942885934547,1.0139384129430251,0.0810633302758852,9.660074492266734,15.36587842843583,9.322127978677653,0.9924684039087948,2.828231270358306,B0046,156,709,00709.csv,4,1.1711716308206082,62
302,4499.656,3.320267294029527,2.167855497701561,4.174041322689958,0.36966179767887125,2.006185824988397,0.9999545027275712,1.0134236160019647,0.08169918615541961,9.610732084606383,15.29268403662172,9.29680774099901,0.992191390728477,2.837437086092715,B0046,158,711,00711.csv,4,1.1563410270783216,63
297,4430.984,3.3220005581957603,2.197413864039741,4.174154842675988,0.36446192166848596,1.976740978636247,0.9997765998111345,1.012621804825029,0.08232467328307036,9.509606751933422,14.698902260428524,8.975450640886372,0.9919764309764311,2.8399393939393938,B0046,160,713,00713.csv,4,1.141082456193516,64
295,4411.141,3.316995919062792,2.1808859045895868,4.173817719824036,0.36819434355244657,1.9929318152344488,0.9995908082297772,1.0138097315277292,0.08267641491289368,9.55376799961061,15.066788669768552,8.921814894450147,0.9918596610169492,2.8350033898305087,B0046,162,715,00715.csv,4,1.1352383596118123,65
131,1991.531,3.6155991581342013,3.4276877712777214,4.174508000036821,0.1442658265135556,0.7468202287590993,0.9914201446967897,1.0091411483576724,0.12378726705883765,7.9488520188669245,9.413942588565495,3.9084770794250403,1.1558946564885495,3.460516030534351,B0046,164,717,00717.csv,4,0.0,66
325,4883.312,3.304824958917925,2.1634350552847827,4.122428601972404,0.36288460930770616,1.95899044406696,0.9999417105324964,1.0118756251887793,0.0787805248242312,9.689325427035971,14.884443210062466,8.808054638254733,0.9926836923076922,2.823326153846154,B0046,168,721,00721.csv,4,1.2530847858282803,67
310,4663.907,3.3235919579934095,2.1839323108066178,4.143823070139112,0.36293489597889983,1.959890759332494,0.9998114309250242,1.012656973957246,0.08071492117357269,9.54652406934783,14.454392118638458,8.022378891233046,0.9924735483870967,2.840061290322581,B0046,172,725,00725.csv,4,1.2050453590356518,68
304,4581.328,3.3336764636844887,2.196284886273677,4.173823759594136,0.3623156164929519,1.9775388733204586,1.000251341258239,1.0140280598156248,0.08154813988245604,9.486110245180768,14.172939173239188,8.441710989698656,0.9922447368421053,2.852111842105263,B0046,174,727,00727.csv,4,1.19119860196273,69
302,4553.031,3.32512940887575,2.1526544597098902,4.174042864835579,0.3704331189433545,2.021388405125689,1.0000776424140996,1.0143271740416917,0.08174257497333057,9.528985199683015,14.797843662102167,8.424149730523764,0.9921900662251657,2.8444304635761593,B0046,176,729,00729.csv,4,1.17463817374538,70
297,4486.5,3.3265245824041667,2.1963314779954723,4.173923325104936,0.3667096661155366,1.9775918471094638,0.9996836231447859,1.0135805482915097,0.0823480531768004,9.519831150565885,14.86814851282613,8.691361413738694,0.9920720538720539,2.84593265993266,B0046,178,731,00731.csv,4,1.1555432048235512,71
294,4450.625,3.325662411014798,2.189500804437932,4.174510564064746,0.36361409131213324,1.9850097596268137,0.9996591394483646,1.014505539753993,0.08274577942989426,9.50863223906921,14.051631055988958,8.539143671482977,0.9920074829931974,2.845227891156463,B0046,180,733,00733.csv,4,1.1538041170229467,72
490,6436.141,3.4752664759657903,2.4706118669327277,4.246764125510136,0.284625579673532,0.9173547695543616,0.9527678704653465,1.00110134824347,0.20144763569935933,8.272422519178683,12.376815880696888,6.164119764780845,0.9571534693877551,2.817938775510204,B0047,0,1,00001.csv,4,1.6743047446975208,1
429,5650.265,3.4765588189090355,2.477661652422805,4.186635709569866,0.2724949175636877,1.0584790841583143,0.9838885014038209,0.9981417400029184,0.10670769250195597,8.210715424489035,11.314903320182369,5.859946600629257,0.9883468531468532,2.881351981351981,B0047,4,5,00005.csv,4,1.5243662105099025,2
424,5590.907,3.4707669643372343,2.4707098734854784,4.199922751479228,0.2785348039336943,1.0725434158286409,0.9838892612061609,1.0003069695936524,0.10731479696293068,7.954455063989402,11.624528187721143,5.479274061759932,0.988211320754717,2.884254716981132,B0047,6,7,00007.csv,4,1.5080762969973425,3
419,5543.61,3.4675514337042928,2.465457800547402,4.199568876812779,0.2784157777923231,0.9906120381543251,0.9789479794332585,0.9982799264042614,0.12749941051411634,7.985864710265717,11.0929238810592,6.539654606258042,0.9832988066825776,2.843420047732697,B0047,8,9,00009.csv,4,1.4835577960067696,4
415,5499.046,3.4628386272032645,2.465765118194009,4.1993968014662295,0.2825845173210186,0.9597577334177592,0.9762640641045123,0.9986834889880236,0.1367702701794522,8.009426990342208,11.020979145558456,6.194695987225989,0.9807306024096385,2.829371084337349,B0047,10,11,00011.csv,4,1.4671391666146525,5
411,5461.219,3.4591836330966035,2.470048280303351,4.198907847432783,0.28092074353927915,0.9081878417461544,0.9711681343753054,1.0016128378277855,0.15320166429797555,8.033626730077737,11.05909419348262,5.984643622468541,0.9756763990267641,2.8199440389294406,B0047,12,13,00013.csv,4,1.448858156982267,6
409,5451.281,3.440865649757287,2.484128874181115,4.163303236325632,0.2771737019443224,0.8843222574161329,0.9709381095988223,0.9983585499996894,0.15361255478969701,8.150799939416203,11.877028657628198,7.741450259579009,0.975558924205379,2.7938288508557454,B0047,16,17,00017.csv,4,1.4458534180949325,7
409,5468.062,3.44810227661685,2.483034750266961,4.181797294694067,0.2832497217227614,0.8303047937258294,0.9610547420763002,1.001368895703553,0.18072914493363484,8.230899786348077,11.559250858608888,6.266450498746669,0.9657828850855744,2.7475867970660146,B0047,20,21,00021.csv,4,1.431118266178283,8
404,5411.297,3.4496654644975946,2.49830336362436,4.197837203348764,0.28011801526010743,0.8200445107715484,0.9582923588349711,1.0008569581108415,0.18795126667322634,8.146945225413083,11.34743713793976,6.568394932498809,0.9628856435643565,2.731106435643565,B0047,22,23,00023.csv,4,1.419274551657853,9
400,5369.703,3.4449123724079613,2.49851157426792,4.197777018222757,0.28543947471347547,0.8061528302326209,0.9553719838321842,0.9983176454232487,0.19493355285943673,8.251894856354932,11.693269060729056,6.029086504489762,0.960014,2.7561924999999996,B0047,24,25,00025.csv,4,1.3999974221808271,10
396,5327.406,3.441830864370845,2.4919375577484737,4.197306543877358,0.28257507687267536,0.790206793982795,0.9527836491780217,0.9987614170997864,0.201619340838536,8.23497518866995,11.557441727679937,6.921258447706686,0.9570863636363637,2.768262626262626,B0047,26,27,00027.csv,4,1.3885156686114437,11
393,5299.266,3.434468178084287,2.4683068422721184,4.19770091242359,0.29109652836021227,0.7796228757002281,0.949814677088373,0.9997148821455012,0.20780089499321494,8.269239827690175,11.667407771157473,6.078190565795765,0.9542162849872774,2.705918575063613,B0047,28,29,00029.csv,4,1.3652234669528964,12
397,5367.172,3.430115214310407,2.479195639185483,4.1533796403143945,0.2734618337936645,0.8223528319278763,0.9623912130236258,0.997480494103194,0.1770451371609594,8.236583239584068,11.311016339650983,6.020234259548604,0.9672589420654912,2.767632241813602,B0047,32,33,00033.csv,4,1.4060442272970963,13
399,5406.812,3.442078085056046,2.4933737831605582,4.1809212253928045,0.2793773991192219,0.784201431043027,0.9528782892582865,0.9986334774069276,0.20076784571510078,8.16126508624072,11.175603921563273,6.833427805195464,0.957409022556391,2.7229448621553884,B0047,36,37,00037.csv,4,1.405754161352578,14
394,5353.094,3.4424678812268277,2.491571322470993,4.198049966629152,0.28286927281082114,0.7829249399871396,0.9497638833815831,0.9987804112417712,0.20761258162955815,8.25301239256121,11.15023736338702,6.54955096713902,0.9543304568527919,2.7574187817258884,B0047,38,39,00039.csv,4,1.3867662881727878,15
388,5280.031,3.433855142547628,2.471859124111365,4.1976485673043396,0.2871250097007428,0.7941200464527238,0.9517236523037205,0.999389466856038,0.2036619845617688,8.291638340695691,11.81131136026599,7.4311340518241495,0.9562010309278351,2.77564175257732,B0047,40,41,00041.csv,4,1.3705053061420225,16
385,5248.593,3.4327517306039357,2.488914813470205,4.1969633661004995,0.2841656758412699,0.7509540163251343,0.9434304652541514,0.9976329826755008,0.2206481102504601,8.318107121376224,11.699803023226297,6.585098348268285,0.9480716883116884,2.6830077922077926,B0047,42,43,00043.csv,4,1.34974311148236,17
380,5203.375,3.4273855541261473,2.4728525339367153,4.196227134476293,0.2882066814620769,0.7344981639151511,0.9400504066130265,0.9979036135281564,0.22717236753733644,8.303021352537922,11.234017863419322,6.4492807161487855,0.9447536842105263,2.67641052631579,B0047,44,45,00045.csv,4,1.3251533367939785,18
376,5166.812,3.4184685184601045,2.4822189935935484,4.176260352394772,0.28897140514808994,0.6996389952776716,0.9371728265330332,0.9983031482652808,0.23346070210403586,8.32601397527908,11.729632241368254,6.255969131136229,0.9415117021276597,2.7346010638297873,B0047,48,49,00049.csv,4,1.3111943869635805,19
175,2384.094,3.6507246573834036,3.452630071948054,4.195583212031605,0.14346587265952485,0.742953140083551,0.9839651386620409,0.9986297932484944,0.10590714735908692,7.192903163731922,8.565277404002732,3.68149887907338,0.988576,3.0722799999999992,B0047,50,51,00051.csv,4,0.0,20
388,5340.281,3.4156755122328164,2.481264290061195,4.199835388165491,0.29171487353679965,0.6849254088472008,0.9234888743201762,0.9989433150461876,0.2574089555829166,8.388106987601862,12.186162994585318,7.437844548302451,0.9278634020618556,2.680860824742268,B0047,52,53,00053.csv,4,1.3394234405932892,21
370,5103.0,3.4189443106786306,2.487540187711501,4.195847527614419,0.28898893087115335,0.6889315124565609,0.9304751538451652,0.9988068791837494,0.2449272778107199,8.304841644444155,11.147409475641334,5.640907177558605,0.9351572972972975,2.669127027027027,B0047,54,55,00055.csv,4,1.2849157142560723,22
365,5051.172,3.4147835574863517,2.4907582384317,4.195387366763826,0.2877207992831269,0.6939751088812245,0.9322878087078719,0.9985415333431112,0.24164614739638005,8.319029412369582,11.681014963080823,6.5151237771694746,0.9370065753424658,2.6820657534246575,B0047,56,57,00057.csv,4,1.281719159327807,23
363,5027.563,3.409591730169167,2.4931638320699276,4.174064296873529,0.2868273364379839,0.6509406443735299,0.9267897523084677,0.9978750591581058,0.2517584402337099,8.401755924951388,11.29683746494969,6.031627711756803,0.9311564738292012,2.640454545454545,B0047,60,61,00061.csv,4,1.2600051642942829,24
360,4993.765,3.407645240350967,2.479240941037315,4.1949588865165515,0.29096882856993483,0.6915082577217526,0.9316546985476123,0.999192550425453,0.24323000086333818,8.395347720509116,11.88239860330653,6.8396351396365445,0.936135,2.6839555555555554,B0047,62,63,00063.csv,4,1.266070385993126,25
357,4962.469,3.407201115194828,2.4915265338912347,4.194794488425212,0.29270441704963296,0.6647484039571432,0.9255712459255204,0.9986749467627316,0.2535782203880096,8.419292173692186,11.79170575767619,5.963501626213136,0.9299983193277311,2.625274509803922,B0047,64,65,00065.csv,4,1.2413590294280803,26
352,4907.859,3.402851724115477,2.495727313119633,4.194210512385239,0.29209013723210653,0.6646506147381346,0.9273765014856346,0.9974120790687706,0.2505189121390405,8.293327119939335,11.72661603963688,5.621166320330247,0.9318448863636365,2.6299602272727274,B0047,66,67,00067.csv,4,1.2298873703485311,27
350,4888.656,3.398740761774466,2.4979742120513753,4.19378669081209,0.29352670809454856,0.6656873046089999,0.9267828902753352,1.0012611494596309,0.25117779098823134,8.49190236531868,12.464631760563272,8.312473338694458,0.931454857142857,2.667277142857143,B0047,68,69,00069.csv,4,1.228088614506696,28
348,4866.25,3.3945066004903923,2.495109477398993,4.1718864589662426,0.2911781957099523,0.6332412262626259,0.9236909885385988,0.9975908962365796,0.2567295399461265,8.437149776270967,11.863547747838409,5.845814490397229,0.9281844827586206,2.6291120689655174,B0047,72,73,00073.csv,4,1.2139857189070042,29
345,4836.125,3.39192930556013,2.4851956352139384,4.19388971043665,0.2973008027306913,0.6694587263547676,0.9289130253832715,0.9986484518139436,0.2479875090487207,8.429621946088576,12.460832791038596,7.523897750721147,0.9333594202898551,2.6514927536231885,B0047,74,75,00075.csv,4,1.2173435064564189,30
342,4801.485,3.39128980672992,2.4873308484835266,4.1938733183948385,0.29566874973963553,0.6702915350815828,0.9282509790818946,0.9987472813404836,0.2489078118478761,8.46306110156025,12.213639136225725,6.843267895979775,0.9327707602339183,2.6206198830409355,B0047,76,77,00077.csv,4,1.2073445944515917,31
338,4760.938,3.3932667889977304,2.488620645344286,4.1933443957612875,0.29397771550200075,0.6498548359611602,0.9244391789678553,0.9988826270225112,0.25527477857424213,8.459204966688853,11.534784991217848,5.678065516706621,0.9290218934911243,2.5852603550295856,B0047,78,79,00079.csv,4,1.18804049227045,32
336,4740.907,3.3838600818009588,2.476969143594387,4.19356398488292,0.30058022220876207,0.6606864740490002,0.9270778841362789,0.9976143324063644,0.25101873516241113,8.493224799915222,12.42977502748968,7.423116691476764,0.9315714285714287,2.6387559523809525,B0047,80,81,00081.csv,4,1.186304749886542,33
347,4914.532,3.3866520851320576,2.479005494894043,4.142510591712848,0.28520649212551585,0.7122544435636091,0.9460945366701964,0.9986321522662404,0.21452297405787984,8.466232868159803,12.428323073625249,7.7481416365469205,0.9510253602305476,2.6717492795389046,B0047,84,85,00085.csv,4,1.2613935471028506,34
353,4998.656,3.402095154295076,2.479600589435018,4.174381011699289,0.29413289724697517,0.6913618728557194,0.9356871602351079,0.9975353876339268,0.23519098155727214,8.553128334903379,12.48741336421358,6.4662962273199165,0.9405314447592069,2.702798866855524,B0047,88,89,00089.csv,4,1.2648246158850651,35
345,4890.015,3.404625504614091,2.46837363838224,4.194961577545829,0.29374453740395234,0.7142191380913228,0.9401543135566398,1.0005201322759871,0.2268940347339568,8.342818484380935,11.343734065329729,5.508541173532652,0.9449484057971015,2.7267391304347828,B0047,90,91,00091.csv,4,1.24664945489822,36
341,4842.11,3.3977378433240313,2.497016493627855,4.194728577808066,0.29693102237121016,0.7102546605652651,0.9395699773936357,0.9990584594637684,0.22788519245968336,8.481468325698998,12.641653349352346,7.411459075846392,0.9443014662756598,2.687302052785924,B0047,92,93,00093.csv,4,1.2333924152795082,37
337,4798.281,3.39454078926717,2.4751740867556524,4.194123941573546,0.29848916985174334,0.6933324220471535,0.9358384770108444,0.9979572313546616,0.23500972226549793,8.425193812256257,11.969937687736325,5.854130439012243,0.9406765578635016,2.703047477744807,B0047,94,95,00095.csv,4,1.2129250072037692,38
332,4739.188,3.397135252361952,2.499811739255094,4.194413177433493,0.29297216421967226,0.6799348528194118,0.9347314616646687,0.9985176632293312,0.23655267165917002,8.471726206300676,11.438399477589398,5.752864402927096,0.9397825301204821,2.6273584337349396,B0047,96,97,00097.csv,4,1.1999106597943647,39
331,4733.156,3.384557786350807,2.494550023378076,4.172002506353698,0.2962492148423545,0.6527166636410202,0.9317063778783359,0.9982543809866457,0.2422403218363401,8.510483818712029,12.144441411939049,5.97288559681807,0.9365800604229608,2.612616314199396,B0047,100,101,00101.csv,4,1.1902559038393383,40
326,4670.61,3.38207924956575,2.477337702429082,4.194068049662567,0.3031467551292844,0.7160239354365849,0.9431304926184637,1.0001312935854785,0.2210569521803255,8.530222967717657,12.67224284322037,7.1686022634012625,0.9478723926380368,2.6670337423312884,B0047,102,103,00103.csv,4,1.1892563795455853,41
323,4635.0,3.3808097620789024,2.478325379623597,4.193464344236471,0.30212498760751766,0.6840053250379015,0.9364521415339061,0.9979392762794396,0.2337010477888509,8.420605358837513,11.984785271459067,7.1465220860423955,0.9412,2.6453498452012383,B0047,104,105,00105.csv,4,1.167069685125939,42
321,4615.86,3.382026759648077,2.494831087986124,4.192797311893991,0.29850258207289426,0.6689653389329342,0.9330135422416266,0.999100265494274,0.24032611518862582,8.51215713252602,12.101959002780742,7.382525829631541,0.9377208722741432,2.6223520249221184,B0047,106,107,00107.csv,4,1.1615348403090369,43
318,4580.75,3.376424700878435,2.4956781405402677,4.193468094113346,0.3021460285814578,0.6771123530291057,0.9354455085688509,1.0171989370447034,0.2355963534375664,8.54602737861718,12.396974763839234,7.437403053147046,0.9402761006289307,2.6231383647798743,B0047,108,109,00109.csv,4,1.1555563844349988,44
316,4557.406,3.3729563491800936,2.4729308126474736,4.16991637056524,0.29562510262087255,0.6554699006596372,0.9350022847130899,0.9986136164374132,0.23640771280261816,8.4485741292899,11.455115215105929,5.381921071371701,0.9398993670886076,2.673943037974684,B0047,112,113,00113.csv,4,1.1488524666097713,45
313,4524.0320000000065,3.37864248825242,2.494578415325497,4.192396921446495,0.29418015914094303,0.6655098954547523,0.9345624675488318,0.9974310644719284,0.23737812232379688,8.334392904335672,11.39345446641458,7.095930385385411,0.9393194888178914,2.616594249201278,B0047,114,115,00115.csv,4,1.143572986788779,46
311,4502.938,3.370172138170829,2.492546798627854,4.192623205881946,0.30414143067161803,0.6936917789494044,0.9405823229183861,0.9979515372361276,0.22588613939033644,8.548983420432004,12.6352725981059,7.069448306910599,0.9453594855305466,2.638308681672026,B0047,116,117,00117.csv,4,1.1418015379428537,47
309,4483.094,3.367920943746027,2.4752083843332136,4.1933895299679325,0.30629748413732927,0.6950775981764981,0.940166082376245,0.9976588428393416,0.2267170894522368,8.545644001542279,12.45444631401429,7.30887586115927,0.9450071197411004,2.621229773462783,B0047,118,119,00119.csv,4,1.136058647502255,48
301,4448.36,3.3731133787458685,2.4974098896142385,4.192510832064287,0.3016104750586932,0.6815086669558785,0.9385689008878586,0.9980113940759702,0.22966915864031245,8.530684068571667,12.18400994607025,7.495438571816253,0.9435428571428571,2.68458803986711,B0047,120,121,00121.csv,4,1.1236364680969286,49
305,4440.531,3.3570684734893477,2.470530852621601,4.1689267149519535,0.30531212724431117,0.7014806750158655,0.9458611624510037,0.9999712649338626,0.21495570482077583,8.5880890540764,12.849012968534735,7.35148768925649,0.9508373770491804,2.622786885245902,B0047,124,125,00125.csv,4,1.1320498900328944,50
303,4416.547,3.3691516897861753,2.480060412530898,4.191753022543457,0.30039352347676973,0.6826567112240993,0.9389210671779096,0.9974683513415104,0.22889493172857928,8.520717953543993,11.44307926801482,5.371241395524288,0.943915511551155,2.6270726072607262,B0047,126,127,00127.csv,4,1.117010176215815,51
300,4382.937,3.3578225461504885,2.482310382215253,4.192116566565046,0.3065605136026649,0.727437776214936,0.9483861774789661,0.998613125908309,0.20976839206152106,8.509426489984776,12.895633770945397,6.848663265411697,0.9533533333333333,2.63421,B0047,128,129,00129.csv,4,1.120043039721982,52
297,4347.453,3.3676285575809373,2.499914991218416,4.192241727517348,0.2958661201904719,0.6847586520789961,0.9414057391873883,1.000314056557349,0.22442590227740364,8.454153696786289,11.573902587010837,6.964154614557398,0.9461501683501685,2.591973063973064,B0047,130,131,00131.csv,4,1.1059773445917065,53
245,3581.188,3.449492446913663,2.9946951355251095,4.192932934065261,0.2256815553738401,1.1982377985401511,0.9867104653499662,0.9976532128149662,0.08960900476023077,8.047459499367323,10.553052640742196,5.182978109514467,0.9918399999999999,2.8578734693877554,B0047,132,133,00133.csv,4,0.0,54
323,4746.5,3.372493003925355,2.47468810834507,4.151696493245396,0.2925374912287002,0.6534289737485044,0.9331169601303769,0.9989815716960124,0.23957458384935962,8.476574571858773,11.984288635557064,7.8715481416042525,0.9381102167182662,2.6096904024767804,B0047,136,137,00137.csv,4,1.1907902374762016,55
318,4679.156,3.382136756328252,2.4936019875098454,4.173641970261601,0.3006286854042768,0.7210697786583582,0.9478500725791358,0.997917941666946,0.21080243893717954,8.567006275916873,12.836265571184011,7.446598468197589,0.9528509433962263,2.6484056603773585,B0047,140,141,00141.csv,4,1.2012387088454022,56
312,4596.578,3.383822718764627,2.4794043785439617,4.194390827243979,0.3043651285209073,0.7871568409397396,0.9564443856574798,0.9980570526982784,0.1911769096972139,8.607327084258758,12.655987301395294,7.005940022524309,0.9615544871794872,2.704830128205128,B0047,142,143,00143.csv,4,1.1906909549024802,57
308,4544.641,3.3860339727551585,2.495823360233662,4.194161811786053,0.29798085644120026,0.755696791189024,0.9528788222891165,1.0010833967174453,0.19997155885200238,8.707959029152644,12.20963360823446,6.445965365840569,0.957811038961039,2.659957792207792,B0047,144,145,00145.csv,4,1.1764375730308343,58
306,4526.938,3.3841395923852935,2.4834980820953168,4.194190653204952,0.3029498146255402,0.7584364794995331,0.9523529313575727,0.9969202436286994,0.2004708697045603,9.003534328496398,12.780134013784457,7.084453431386641,0.9575339869281047,2.684781045751634,B0047,146,147,00147.csv,4,1.1628110372792353,59
303,4487.438,3.3827771801616175,2.4920392941768497,4.194292935889806,0.30129986469807096,0.749911380504678,0.9518066439769568,0.997543073671386,0.20145528266983814,9.02852617906244,12.658108002877777,7.212092109410009,0.9571128712871287,2.669247524752475,B0047,148,149,00149.csv,4,1.1516152840582583,60
304,4513.312,3.364536091766799,2.488243242390158,4.146356741131726,0.29531755871830156,0.7205243392993861,0.9517092580364076,0.9975286494682144,0.20104472563134193,9.027729535660669,13.24936801902594,7.140583602068951,0.9572552631578946,2.6417236842105267,B0047,152,153,00153.csv,4,1.1583673498348623,61
307,4568.438,3.3787603150369994,2.498187334581169,4.172368631167838,0.2995009216878313,0.7062482043307989,0.9457748215495677,1.006932903094604,0.21430530493640423,9.071608131387514,13.102537521023756,7.252246361737442,0.9511589576547232,2.679918566775244,B0047,156,157,00157.csv,4,1.1692285288386206,62
302,4499.656,3.38042492580436,2.4982213366801296,4.193697451503613,0.3031999134492264,0.7490842090849501,0.9517687360403534,0.9983451614477944,0.20166054745187945,9.050284055951,13.019156020970016,7.20570107658858,0.9569721854304636,2.7381059602649005,B0047,158,159,00159.csv,4,1.1588148476218465,63
297,4430.984,3.3757552328187086,2.4715997205282143,4.193432136090228,0.305448188744772,0.7830592309298843,0.9577791462463945,0.9976242692758268,0.1878394071811764,8.986064263951343,12.612257184300963,7.042188874917429,0.9629784511784512,2.6421683501683497,B0047,160,161,00161.csv,4,1.1439588147705455,64
295,4411.141,3.3744651760728988,2.4972991957929973,4.193707973256604,0.30432388030517943,0.7578831957444323,0.9541869981546398,0.99985435313252,0.19641372726719414,9.036875447987502,12.968805846071126,7.002084603853636,0.9593423728813558,2.676586440677966,B0047,162,163,00163.csv,4,1.1383941068159398,65
131,1991.531,3.6287077311529012,3.4270575222731954,4.193728328919069,0.14915465210923756,0.7666708066458736,0.9792185696039555,0.9971825301175916,0.12245843381625332,7.698431744424151,9.05446951177611,3.754632567159214,1.1839984732824427,3.7859546564885496,B0047,164,165,00165.csv,4,0.0,66
325,4883.312,3.3850807989789566,2.475863858583421,4.166980224197571,0.29476447574968107,0.6563694763225407,0.9269695970852067,0.9974759876799106,0.24969369445325132,9.095394308322597,13.123905320087225,7.20627888739228,0.9323372307692307,2.6444123076923076,B0047,168,169,00169.csv,4,1.2213102850395667,67
310,4663.907,3.3900890450634233,2.482088014003299,4.1751120424901105,0.30035894140286,0.7537054007267292,0.9526683776410486,0.9988968847011238,0.19913034535695295,9.009063913586548,13.179418154583676,6.940697188333073,0.9580832258064517,2.7155451612903225,B0047,172,173,00173.csv,4,1.2031062978889062,68
304,4581.328,3.3919885847746993,2.484545959502679,4.195168632438667,0.30164430571489026,0.80000978290906,0.9591403423116251,0.998023029768851,0.18572622296962701,8.958051495293551,12.742282067813369,7.337671887473821,0.9638328947368421,2.724825657894737,B0047,174,175,00175.csv,4,1.1897147112197684,69
302,4553.031,3.3862399608298266,2.4817240149799855,4.19482784099826,0.30428369226838087,0.7775840315760187,0.9554309097116921,0.998068559065162,0.1943298107542679,8.972563208541265,13.23162562344335,7.134430314314717,0.9602841059602649,2.712433774834437,B0047,176,177,00177.csv,4,1.177422568842014,70
297,4486.5,3.383817098626054,2.475682459777723,4.194470276921028,0.30563001783588534,0.7879026339225632,0.9577201485364993,1.000419995099013,0.1876484049828698,9.037146843138395,12.857920538298638,6.946010396092981,0.9629804713804712,2.716417508417509,B0047,178,179,00179.csv,4,1.158443027293818,71
294,4450.625,3.3818846696550433,2.4992087242533025,4.194180006661532,0.3016261045486911,0.7794904815206865,0.9573123780210179,0.9976414843513568,0.18865171164480396,9.009035929017505,12.67528068575023,7.309354332507813,0.9626020408163265,2.719397959183673,B0047,180,181,00181.csv,4,1.1567087516841796,72
490,6436.141,3.4658606296374312,2.6876065414465464,4.223690952621402,0.2522105866866519,0.7514088664270306,0.9276655898472513,1.000740182998641,0.25327787170988963,7.9114909421254485,10.85194413164328,4.327076688042291,0.9297089795918368,2.7540224489795917,B0048,0,369,00369.csv,4,1.6579955793677608,1
429,5650.265,3.4593246298099665,2.6835427959445024,4.161851896835355,0.24560705935427848,0.7775341089568664,0.9596461587566725,1.0008913420360177,0.18880344923880502,7.958927971485882,10.829468947828506,5.057240473390265,0.9617627039627041,2.8453566433566433,B0048,4,373,00373.csv,4,1.5076933476098775,2
424,5590.907,3.4552294701778714,2.6769979855651793,4.175466417206107,0.25218760410448565,0.8041665454145583,0.9640825344080227,1.00468755228754,0.1779521735717097,7.708927821830712,11.053444137693344,4.588613420702759,0.9660377358490566,2.8629033018867927,B0048,6,375,00375.csv,4,1.4989223343608031,3
419,5543.61,3.4575807060974952,2.6934384147921953,4.174693750587349,0.24590364283775737,0.7612394729007614,0.9590550928011438,1.0003370114328405,0.19090580346319175,7.711890755969547,10.582379295049948,5.839296404019783,0.9608739856801911,2.849109785202864,B0048,8,377,00377.csv,4,1.4782919502497789,4
415,5499.046,3.4576403855897397,2.6967591738883163,4.174741021763634,0.24676305587689623,0.7340003417876262,0.9561748606378301,1.0024109953994933,0.19750907760944017,7.733691649876036,10.227762694291696,5.137306073020586,0.9580944578313254,2.8383108433734936,B0048,10,379,00379.csv,4,1.461856891390611,5
411,5461.219,3.4540569996464043,2.6855475478766424,4.174511213058054,0.24724368244493516,0.7303696366816625,0.9556261469733808,1.0007359400857092,0.19834739069464222,7.713793706750157,10.448166696977866,4.980222854656747,0.9576958637469588,2.8311873479318734,B0048,12,381,00381.csv,4,1.4509592706473475,6
409,5451.281,3.436367401137892,2.6917502037421612,4.14121689573938,0.24607272353750542,0.7249168185349104,0.9578003813998489,1.002031773364646,0.19312075371317386,7.8513931260036465,11.087645565750543,7.155222438821644,0.9599364303178485,2.810327628361858,B0048,16,385,00385.csv,4,1.451746997147108,7
409,5468.062,3.4466304878843594,2.689384375743919,4.158004815622747,0.25018408196686265,0.6972504146112124,0.9502602542385188,1.0007316751284792,0.2098007206025278,7.905320525605018,10.331525897326843,4.793673906990975,0.9526088019559904,2.7892542787286065,B0048,20,389,00389.csv,4,1.444392866287476,8
404,5411.297,3.4469353939775913,2.6855540838129546,4.173957792716822,0.25005205256544416,0.7175123186440895,0.9524156532378657,1.0005511265640192,0.20582971840427322,7.847675607740912,10.695473118282326,5.852307403150473,0.9545089108910892,2.813918316831683,B0048,22,391,00391.csv,4,1.432738323965376,9
400,5369.703,3.4438356242957933,2.689152622424136,4.173757067290182,0.25468575630031437,0.7001147713499942,0.9494427440502915,0.99971357088635,0.21206391187591123,7.926506175979814,10.588614300598088,4.665756290669442,0.9515675000000001,2.7990125,B0048,24,393,00393.csv,4,1.417241201438662,10
396,5327.406,3.4417182002819104,2.678956108681276,4.172904801080625,0.25193985249107825,0.6989234197661545,0.9492353160642906,1.0019089598735609,0.21321472468095284,7.937097401174621,10.7107611721746,5.966782870286974,0.951087878787879,2.793401515151515,B0048,26,395,00395.csv,4,1.4057559944573452,11
393,5299.266,3.439456123966976,2.688287422782237,4.173032965850683,0.25492632312967695,0.6729217577392133,0.9438796730509981,1.0010368726226484,0.22433205465301886,7.9661274485105595,10.52686289722462,4.6364467518977195,0.9456396946564888,2.7785750636132316,B0048,28,397,00397.csv,4,1.3902706269897065,12
397,5367.172,3.4300387550398135,2.680621623320638,4.133304141515335,0.239830295413812,0.6907206234141383,0.9514187094129738,1.0014340929938248,0.20723941002173946,7.886742523689043,10.680714357791624,5.423983378651391,0.9537128463476071,2.7944231738035263,B0048,32,401,00401.csv,4,1.4196659307880326,13
399,5406.812,3.442487347026378,2.693587841641054,4.1566553119964516,0.24518841167289654,0.6726771239554221,0.9442040547675178,0.9997588632259335,0.22267914726596647,7.810373532807223,10.479304841863389,6.4110166631093595,0.9464416040100252,2.763937343358396,B0048,36,405,00405.csv,4,1.4190563985232272,14
394,5353.094,3.443450036715218,2.6905447145318244,4.172913024979518,0.24901199074973976,0.6792932802205907,0.9437570759749822,0.9998144854501804,0.22396559073876146,7.869709498966687,10.378581035006627,5.816881590887779,0.945774111675127,2.7823223350253805,B0048,38,407,00407.csv,4,1.404272356704056,15
388,5280.031,3.4369770767738053,2.6889512479861937,4.172334722190024,0.2522879764244498,0.6921554311263591,0.9480488241096376,1.00055829140422,0.2151793037861018,7.873285917762758,10.851484720266557,6.77279791487485,0.95009793814433,2.7864175257731962,B0048,40,409,00409.csv,4,1.3916140490958342,16
385,5248.593,3.4351167375068576,2.6767423992621824,4.171533861821569,0.2522563185105066,0.6702841804063908,0.9424867611094392,1.000296719098956,0.2265055817316393,7.888295790156799,10.70498211965856,5.791351271182641,0.9445246753246754,2.7693714285714286,B0048,42,411,00411.csv,4,1.3749618350294734,17
380,5203.375,3.4352880614818906,2.692752260117709,4.172113180559959,0.25163229304040974,0.6398964375200618,0.9365969047664734,0.9998388108585378,0.23788899699697827,7.90514873318139,10.26828159930382,5.3164865337243095,0.9385494736842107,2.750265789473684,B0048,44,413,00413.csv,4,1.3545155713071164,18
376,5166.812,3.426473499744202,2.69610071870072,4.152547964911409,0.25343350935916564,0.6175794001704538,0.9360188749298911,0.9997539612146188,0.23908047727147577,7.9278743808781424,10.42028909453994,4.625050947307112,0.9379143617021276,2.7215478723404254,B0048,48,417,00417.csv,4,1.3440223073315984,19
175,2384.094,3.6332673475295345,3.4429735829245125,4.171642845757827,0.13646156572290577,0.7286692628333142,0.9854842004014975,0.9993706702918804,0.10629008508341334,7.084065434295192,8.382812028066311,3.244836904349097,0.9875862857142855,3.098285714285714,B0048,50,419,00419.csv,4,0.0,20
388,5340.281,3.4231723044699156,2.6813752744142234,4.176821150785954,0.25933204077618194,0.6241123647053892,0.9250233140583074,0.9998450687021054,0.258310368939546,7.950376644939932,11.025933551300648,5.95926310165347,0.9269360824742269,2.704474226804124,B0048,52,421,00421.csv,4,1.372384475860572,21
370,5103.0,3.428797713311107,2.6946752970811247,4.171686901258687,0.2535686620922733,0.6118074140455239,0.9297328159099641,1.0005731202327626,0.25047538219191096,7.891054732187375,10.196289899952207,4.3925556591499575,0.9315237837837839,2.7235081081081085,B0048,54,423,00423.csv,4,1.318410575267441,22
365,5051.172,3.4246615589655964,2.6954700046169733,4.172000465131976,0.25289752224153944,0.624388011507484,0.9341251703434303,1.0035187304131965,0.2425103313800676,7.911933312913009,10.67776116366158,5.229477055068411,0.9360608219178084,2.7333397260273977,B0048,56,425,00425.csv,4,1.3112727599578604,23
363,5027.563,3.420260120001828,2.696945913635699,4.151092092342163,0.2522703721414791,0.5848392934625366,0.9283586633773623,1.0002204688393834,0.25271220942756756,7.9731250548171255,10.197605675555666,4.6345830128059475,0.9302220385674932,2.6978374655647386,B0048,60,429,00429.csv,4,1.2970172419001187,24
360,4993.765,3.4176468335228454,2.678219557836974,4.171107672675929,0.2566413296188526,0.6330821740599428,0.9362285211622211,1.00063095764688,0.23902664150431654,7.988820643678426,10.817583822184044,5.5122868457875205,0.9379705555555555,2.7347333333333332,B0048,62,431,00431.csv,4,1.2995219526631718,25
357,4962.469,3.4172601086559014,2.6929901554909765,4.170406220123355,0.2588691138843147,0.6074926717006246,0.930033329245173,1.0004747296268892,0.24981721597972836,7.990220402102304,10.516072793190034,4.416742275111169,0.9318661064425771,2.713859943977591,B0048,64,433,00433.csv,4,1.2826154066729571,26
352,4907.859,3.4115448650857543,2.6849697818820895,4.169460748536267,0.259965256386176,0.6181827392358854,0.9348347446587294,1.006586673096361,0.2414929966073137,7.882690956878554,10.549697060839051,4.165726780150168,0.9365846590909093,2.720522727272727,B0048,66,435,00435.csv,4,1.2752890152407,27
350,4888.656,3.4065891490442124,2.6836073579697186,4.170165006607723,0.2622748225047406,0.6305241689517129,0.9371176228014825,1.0026150245180556,0.23703345271446652,8.054682377673142,11.262651366620426,7.315300101334252,0.9390748571428571,2.721897142857143,B0048,68,437,00437.csv,4,1.2735572473264072,28
348,4866.25,3.404850768576602,2.6880496504528555,4.148906074950599,0.25893354154418613,0.5873763434875765,0.9311372529050507,1.0001495156365343,0.24793431027140464,7.989516678064296,10.67022537319244,4.365172036599799,0.9329954022988507,2.6934137931034483,B0048,72,441,00441.csv,4,1.2594114333938535,29
345,4836.125,3.4037388246513496,2.6866245843324728,4.170272562112315,0.263408777989533,0.6330501867138745,0.9395139259872171,1.000662603416492,0.23328767732457542,8.031961049301984,11.290252755528313,6.068007090518063,0.9411078260869565,2.7307043478260873,B0048,74,443,00443.csv,4,1.2631632585495876,30
342,4801.485,3.4068285577090975,2.698617918096401,4.170271899546104,0.25904397716023453,0.6205907230950722,0.9359020639605131,1.001004029933717,0.23965062329791603,8.043229181254354,10.973350060572036,5.295489008322056,0.9376789473684211,2.7205584795321633,B0048,76,445,00445.csv,4,1.2491717310136363,31
338,4760.938,3.4086789774100317,2.699107325579607,4.1694521749389235,0.2583498577034428,0.5999419210889063,0.9323227445653476,1.0009807316550958,0.2463182031151368,8.03181115051043,10.3391489283262,4.210083699862245,0.9340005917159764,2.711390532544379,B0048,78,447,00447.csv,4,1.233984347835307,32
336,4740.907,3.3973450050321667,2.6835548325191994,4.170146996930818,0.2663163081782509,0.6341566658803726,0.9407426247998096,1.0015794381065346,0.23040883361870534,8.097013437245893,11.22843469416495,5.958057132776801,0.9425315476190477,2.726205357142857,B0048,80,449,00449.csv,4,1.240031992028868,33
347,4914.532,3.3993392010348766,2.681569834191177,4.12494331073437,0.24973270819081894,0.6666187118988738,0.9537558797304317,1.000338666801855,0.20304574630930244,8.022533123805395,11.142187018109254,6.412846247701139,0.955814985590778,2.771112391930836,B0048,84,453,00453.csv,4,1.30370857198071,34
353,4998.656,3.4116534333763227,2.683679055503892,4.151287967783268,0.25921561302754664,0.65114513563719,0.9460929584807043,1.0008223865758237,0.21959175693865884,8.108172025448226,11.266783334689707,4.9518120709890985,0.9480753541076486,2.7418838526912177,B0048,88,457,00457.csv,4,1.315055963470538,35
345,4890.015,3.417645007960136,2.682654869893668,4.170265534323388,0.2565636647760347,0.6568425808577718,0.9477855148830246,1.0014803549820417,0.21605195224589466,7.8977220071348055,10.42585253276335,4.376691593022779,0.9497913043478261,2.7678753623188403,B0048,90,459,00459.csv,4,1.2888738300982074,36
341,4842.11,3.4079105797438367,2.6823844675903756,4.1709795561538705,0.2642965744419518,0.6999043342512854,0.9560273563484156,1.0011333619216,0.19799087633964266,8.04149350152151,11.216029100406416,5.739645936811844,0.9579976539589443,2.783715542521994,B0048,92,461,00461.csv,4,1.2877137595885193,37
337,4798.281,3.407164499269472,2.686240486840372,4.169424514471797,0.2629438368545806,0.6619212993529593,0.9496364262713143,1.0008607894638553,0.21221449626411665,7.954120438181095,10.782099455149345,4.443610206952369,0.9515762611275964,2.764480712166172,B0048,94,463,00463.csv,4,1.2673379985315465,38
332,4739.188,3.411264697940678,2.6969281633328235,4.170624380836064,0.2589130614735587,0.6501765227109937,0.9487573095482515,1.000768040220572,0.213748588156227,7.997450587692992,10.321202935071105,4.4233378067695455,0.9508560240963856,2.7668524096385543,B0048,96,465,00465.csv,4,1.250594345697306,39
331,4733.156,3.399055092260418,2.697244348677796,4.149740744130536,0.2615216607376631,0.6357275775826019,0.9485527697552146,1.00042503459904,0.21404457703719473,8.033089769228212,10.97070399517944,4.5610828124782605,0.9507190332326284,2.7366858006042296,B0048,100,469,00469.csv,4,1.2487131179395878,40
326,4670.61,3.397998613644679,2.682663772646134,4.170538290499679,0.26700568305719796,0.7113881923342871,0.9603224978651567,1.0015325180388504,0.18801623825695132,8.032822875095608,11.121182366824469,5.404055092428144,0.9622380368098161,2.7880920245398775,B0048,102,471,00471.csv,4,1.248002326082933,41
323,4635.0,3.3968749308721438,2.6897565950033164,4.170102316006519,0.2666229724571551,0.6713786297734341,0.9539242483967955,1.0062480227973458,0.2032917749548563,7.971994643634386,10.805368665446066,5.73925583210223,0.9557139318885449,2.767108359133127,B0048,104,473,00473.csv,4,1.2300895244599586,42
321,4615.86,3.3949285391136215,2.6851150517360427,4.169002458595089,0.2661113940219394,0.6715026254985355,0.953519534598257,1.000237361904988,0.20386991586284756,7.985840586212385,10.90427632418744,6.5070522726979405,0.9554404984423677,2.7638816199376945,B0048,106,475,00475.csv,4,1.2244197121500937,43
318,4580.75,3.3923053503439844,2.691698678764574,4.169722967056448,0.26826603360759965,0.6824039510102811,0.9562176825328654,1.0009932577793423,0.19764219330673874,8.055923800450703,11.177549576040898,6.0314636779647515,0.9581591194968555,2.770150943396226,B0048,108,477,00477.csv,4,1.2186682845116386,44
316,4557.406,3.393507466288284,2.688395997689043,4.147796072295514,0.2588193750488778,0.6278612131363603,0.9495409470303556,1.0006542561971037,0.21224684775495334,7.982156595851859,10.375532122783676,4.027087515658299,0.9515816455696202,2.7393227848101267,B0048,112,481,00481.csv,4,1.2037865236033616,45
313,4524.0320000000065,3.397997936501643,2.696650926823416,4.16937546220786,0.2583911061399535,0.6399374860723537,0.949292534598478,1.0009626594711905,0.21341542209438938,7.842796481143621,10.314092555911314,6.380458303445346,0.9511405750798722,2.756415335463259,B0048,114,483,00483.csv,4,1.1947642300832226,46
311,4502.938,3.3882925257712984,2.6969697387700067,4.170164354666364,0.26896846827457177,0.7091223964536275,0.9617299045592227,1.0010181767758786,0.18438020969957125,8.079939832789865,11.367431862943256,5.509823480352361,0.9636707395498392,2.7853794212218648,B0048,116,485,00485.csv,4,1.2052091893871495,47
309,4483.094,3.3877256181336417,2.6967087456075824,4.169926901474105,0.26907492105644587,0.6894839493712763,0.9583265475382831,1.0003688126988763,0.1929748361644375,8.064765751727982,11.06954549641082,5.631634357727196,0.9602148867313917,2.7718543689320385,B0048,118,487,00487.csv,4,1.1955746593628465,48
301,4448.36,3.3892443793813447,2.6919470298999473,4.169479557902343,0.26864254806446436,0.7004280237011531,0.9604743072287989,1.000126079444024,0.18708009287075986,8.047690080561159,10.977331626368253,6.140028997020718,0.9624916943521594,2.7796611295681064,B0048,120,489,00489.csv,4,1.1888497102149884,49
305,4440.531,3.379247569665043,2.686563173222129,4.1466990810536295,0.2668320952393432,0.7085488272564326,0.9640803173362276,1.0021900619093496,0.17773625878182267,8.077528255423264,11.25041370680882,5.465218771548184,0.9662419672131147,2.7639836065573773,B0048,124,493,00493.csv,4,1.1915605250807406,50
303,4416.547,3.3916390352444328,2.6961737443762415,4.168333177873153,0.2626839326930855,0.6605349459209355,0.9541804254072416,1.0003664269909844,0.20224344087016005,7.993540199499143,10.261913330935936,3.919607356136191,0.956147194719472,2.7619174917491747,B0048,126,495,00495.csv,4,1.1726587153109655,51
300,4382.937,3.3795641863547807,2.687805922420921,4.1690272272079385,0.2696397720884101,0.7695159881244513,0.9704382036513209,1.0012571198673526,0.16091909203576352,7.973181959906695,11.209451387068038,4.926664589101874,0.9723660000000001,2.79853,B0048,128,497,00497.csv,4,1.1841133872494156,52
297,4347.453,3.3905357196785717,2.6954427225266566,4.169215137661718,0.2600517985903083,0.6687549394509809,0.9568694430548056,1.0018658991684293,0.19662478168597097,7.915947250994455,10.39465598668322,5.67514895908986,0.9586471380471381,2.7696835016835015,B0048,130,499,00499.csv,4,1.1576825122317769,53
245,3581.188,3.4657216656737035,3.078111316923791,4.1701191621232025,0.20198147876047415,1.0920078451994115,0.9887316907290912,1.0001136128555836,0.08983257797410317,7.631644271961187,9.73523495959482,4.090500504942291,0.9908424489795918,2.9388122448979592,B0048,132,501,00501.csv,4,0.0,54
323,4746.5,3.3909861606032004,2.6861121256233056,4.135364610542779,0.25795640620082266,0.6585064958816558,0.9536686474918151,1.0023792621826997,0.20313757310587321,7.938268366482139,10.71880829888557,6.8621741346333565,0.9556755417956656,2.759006191950464,B0048,136,505,00505.csv,4,1.259355851168598,55
318,4679.156,3.3970417211274984,2.6816961536149058,4.1506494675081695,0.2666276627052862,0.7766321441442057,0.971860723702563,1.000168699926821,0.15625930624706955,8.024531067354474,11.267543040114028,5.618699591502497,0.9738666666666667,2.807066037735849,B0048,140,509,00509.csv,4,1.265883375278026,56
312,4596.578,3.4053897793262036,2.693526088631363,4.1705945560509186,0.2641094350452808,0.8033654368362444,0.974602466474259,1.0029269600514006,0.1478408452351438,8.026701986317695,10.977215485451683,5.064519474568929,0.9765891025641026,2.839410256410256,B0048,142,511,00511.csv,4,1.247259867318412,57
308,4544.641,3.4044637089502996,2.6819098951639786,4.170902199360611,0.2639890514884672,0.7987029421581333,0.9743398667332848,1.0009156470599612,0.14875073740034178,8.083086131954136,10.698980931953203,4.6645669483657795,0.976303896103896,2.837983766233766,B0048,144,513,00513.csv,4,1.232808747256218,58
306,4526.938,3.40066115678775,2.6836569825858465,4.1707733769162845,0.27038292033391453,0.8375828418345779,0.9773446816135273,1.0001085078242802,0.138489490209124,8.282945581406354,11.200778779435032,5.32312195251972,0.9794078431372549,2.8409575163398695,B0048,146,515,00515.csv,4,1.2319592783041904,59
303,4487.438,3.399557901522936,2.686405541586876,4.170606882649154,0.26937208005839447,0.8317287948769958,0.9769975747007612,0.9997514170880324,0.1389261331055714,8.296254318972048,11.067122162658642,5.541618582537869,0.9792092409240924,2.8396534653465344,B0048,148,517,00517.csv,4,1.220785786262778,60
304,4513.312,3.3869933616946555,2.685608364298082,4.1280471381711665,0.26005141527085684,0.8057494812789363,0.9767496637730696,1.0014756423920743,0.1386990103774671,8.280354632475289,11.217197558663642,4.915715204593138,0.9792776315789472,2.820358552631579,B0048,152,521,00521.csv,4,1.2275441303266783,61
307,4568.438,3.3947531020283486,2.685972991906515,4.150268203613492,0.26805931863881893,0.788069245435497,0.9738385500192067,1.0292876659492052,0.14902934549311242,8.346898191755683,11.59325762914515,5.560590846748571,0.9761967426710099,2.814814332247557,B0048,156,525,00525.csv,4,1.2386788414290355,62
302,4499.656,3.3979955411966936,2.689198249643033,4.1705243721131415,0.2710966988363644,0.875033182508882,0.9802649950544473,1.0011525386558742,0.12750689992333988,8.337878264565942,11.534047303435644,5.556067195976106,0.982453642384106,2.8458211920529797,B0048,158,527,00527.csv,4,1.2283577755407058,63
297,4430.984,3.399587991995103,2.6983204775942364,4.170294880009359,0.2675963630773408,0.8610067086103284,0.9801876236771123,0.9994560675644152,0.12835329710188526,8.259622932500356,10.92572543982624,5.2394480377443795,0.9821845117845118,2.849077441077441,B0048,160,529,00529.csv,4,1.2095481507570451,64
295,4411.141,3.395118621843109,2.693240203211685,4.170568686817898,0.2714894862735073,0.9239034655093752,0.9833779841752258,1.0001444836054942,0.11543107552003957,8.290496900072908,11.346378697595553,5.200354762685339,0.9854569491525422,2.853742372881356,B0048,162,531,00531.csv,4,1.2082142070681048,65
131,1991.531,3.6274300474413557,3.441548920019712,4.170160404909495,0.13872026704118337,0.7286114848897833,0.9815143614251551,0.9996934306535468,0.12233193172728664,7.381556529300557,8.56828741399406,3.2818963508196903,1.1629511450381678,2.9241784732824425,B0048,164,533,00533.csv,4,0.0,66
325,4883.312,3.402660754515897,2.6866110987705887,4.152589435404936,0.26193076404741517,0.6918933744551139,0.9566274965004851,0.9998506480954517,0.195515384170801,8.321321846834685,11.439171740202124,5.356814982922005,0.9590467692307693,2.7808369230769228,B0048,168,537,00537.csv,4,1.2998734542832149,67
310,4663.907,3.409317486730915,2.699083135691788,4.151970239591361,0.26162461832207085,0.8214276208820102,0.9772791431136014,1.0004944197478995,0.1375940030441256,8.23807744072398,11.147240167890732,4.750767302760103,0.9796651612903226,2.8422322580645165,B0048,172,541,00541.csv,4,1.2691220651743778,68
304,4581.328,3.4133709426845633,2.6907134698484554,4.170962379739071,0.26339815673207123,0.9241060535523342,0.9840040834561613,1.0008604029243209,0.11361732170860699,8.189029507624946,10.831285577855546,5.622961864697238,0.9858572368421052,2.8743125000000003,B0048,174,543,00543.csv,4,1.2555144634690785,69
302,4553.031,3.4068009615962724,2.684500860538322,4.171135033653532,0.2692250403209314,1.0302140257972243,0.9871893320151928,1.0019448914018847,0.09902616248286937,8.234868029314756,11.236293148641268,5.100919345338106,0.989076158940397,2.876930463576159,B0048,176,545,00545.csv,4,1.2519876926897655,70
297,4486.5,3.406169063274703,2.687835669252526,4.1708733924683505,0.271068628462354,1.4830377232158245,0.9901168517565061,1.0012709000931328,0.08170742633920844,8.238279702155017,11.08616967823061,4.95131798402625,0.9922713804713805,2.8826430976430975,B0048,178,547,00547.csv,4,1.2374982003019996,71
294,4450.625,3.406745720524415,2.690437364566134,4.170920111392399,0.26593604609003624,1.0139305135162409,0.9865545525457216,1.0011831011426036,0.10032406710115392,8.219372551773532,10.751912617606896,5.313416504918225,0.9888034013605441,2.87528231292517,B0048,180,549,00549.csv,4,1.2231273969878986,72
183,1713.235,3.053366988981642,1.9925401284554691,3.8462292855248927,0.2716884404493635,1.8529512228845022,1.9911008133050878,2.020967008916884,0.20978215960100796,13.052857746525287,16.380725919820748,7.088085868858643,1.9757169398907104,2.062672131147541,B0049,0,4257,04257.csv,4,0.8583727215167135,1
335,3170.984,3.2129415422375103,1.9882559316714203,4.162219408853582,0.3758156550602705,0.5814098446515721,1.838286633259802,2.0153014084095795,0.5663341193082031,12.628005551626734,20.824132297943244,15.182355543280645,1.8247074626865674,2.015301492537313,B0049,4,4261,04261.csv,4,1.4209057149417377,2
329,3135.344,3.184979657873478,1.999572792895172,4.191097729318615,0.44779729449631656,0.7094959414211726,1.9024102519616237,2.0148554374560215,0.45817679047669496,12.625179528928726,22.127142494646403,16.426095369069387,1.8883258358662613,2.0857598784194527,B0049,6,4263,04263.csv,4,1.372852133389263,3
318,3049.781,3.3418301077163903,1.9713959702644483,4.191581344098992,0.3439548386420773,0.4920499038788786,1.7343849389987147,2.0160129514309597,0.6956761483585697,11.462796138822771,17.45530915998414,12.601084144899673,1.7212452830188678,2.0079654088050316,B0049,8,4265,04265.csv,4,1.3643742487429145,4
465,4565.859,3.2625681004485227,1.9735165526751872,4.462470916200919,0.36359626389246047,2.488954363525732,2.0045868396237765,2.016781837557893,0.13170835988651053,14.669814873687034,20.096309819317955,14.860173877147599,1.9889634408602144,2.2860752688172044,B0049,10,4267,04267.csv,4,2.378643730568756,5
548,5428.594,3.4447754613409876,1.9779063196102415,4.176096603328684,0.4048581414844321,0.45041839216009816,0.8641755005097665,2.0159486718933524,0.9962696804559763,10.159724053383584,20.530529696550808,15.52555167709832,0.8568715328467155,0.910286496350365,B0049,14,4271,04271.csv,4,1.0605357965671216,6
269,2646.797,3.2264301040985295,1.999505796022011,4.192152439213644,0.43168937484688363,0.49170266030102594,1.631724457466756,2.0165552728134664,0.7898938311100923,12.747809437833528,19.605507267281187,14.085841219326984,1.618944981412639,1.753386617100372,B0049,16,4273,04273.csv,4,1.0069932376659496,7
273,2705.594,3.226587700876868,1.9998676881173485,4.19193811929599,0.4716803893496029,0.480824907346336,1.541466435461987,2.0160269331983307,0.8536484633896111,12.859387226194555,21.578292345131203,14.947130402218376,1.5293875457875459,1.6324615384615384,B0049,18,4275,04275.csv,4,0.9298775334359536,8
264,2627.828,3.2214892828227866,1.9942412611094629,4.191932999195206,0.4567373251111932,0.483725881049359,1.5481032877370609,2.015682931257663,0.8494501087530163,12.77865014417398,21.333411676684342,15.58105150749049,1.5361090909090906,1.6398863636363634,B0049,20,4277,04277.csv,4,0.9232377029483808,9
297,2981.312,3.3410764354812947,1.9887929829692832,4.190969695803424,0.42187752747450147,0.45386737009852673,1.268040789650512,2.015748607797613,0.97281254383877,11.60077882051404,18.65094643921925,12.232992550541926,1.2578814814814816,1.3697710437710438,B0049,22,4279,04279.csv,4,0.9053279121173716,10
193,1941.797,3.064645703434,1.99394963168183,4.171684324757671,0.4595856940710598,2.177707596152864,1.9918699549524492,2.016079035961751,0.20412853165133146,12.462166006182779,21.206691637037263,14.518209090178308,1.976905699481865,2.069979274611399,B0049,26,4283,04283.csv,4,0.8595848360639872,11
263,2663.625,3.2359600944959555,1.997025505884536,4.190637849743496,0.4759824042722833,0.4699877147029823,1.4315633891789727,2.0167832944872015,0.9134155945717654,12.68524460660397,21.329570135453707,15.357517257293935,1.420486692015209,1.4910874524714828,B0049,28,4285,04285.csv,4,0.8369614294820705,12
281,2862.25,3.306834813693079,1.990570708799589,4.1898267739177975,0.4382776759237843,0.4594504759164919,1.2827972771329763,2.0153368862843233,0.9687343134302495,12.070917134385256,18.615958800969327,12.34136884015224,1.2726362989323845,1.3555302491103203,B0049,30,4287,04287.csv,4,0.8456824187653132,13
185,1894.485,3.027048731210282,1.9874243707218109,4.190571685709423,0.46747909427597295,2.203147314987612,1.99132682330145,2.0158427443639826,0.2084488093987708,12.931744232686027,22.131760657764843,16.63033451226726,1.9759589189189184,2.030783783783784,B0049,32,4289,04289.csv,4,0.8071214007577537,14
176,1799.25,3.0458944536011447,1.989251737206632,4.18826381558764,0.44876076186903013,2.199012078381008,1.9900791687971107,2.015178417335196,0.2137311034506927,12.53100572898693,21.079756102740596,16.673945042820396,1.974857954545454,2.0497045454545457,B0049,34,4291,04291.csv,4,0.7820744360746734,15
169,1741.204,3.0556096413337333,1.9868911872895965,4.162762870031206,0.4218069605130619,2.17587168274161,1.9889148395636458,2.015693117280659,0.21807178508889544,12.33551372934191,19.664724046912717,12.961817864525571,1.9739124260355028,2.0541065088757398,B0049,38,4295,04295.csv,4,0.7953019444133349,16
24,236.156,3.6333215332721274,3.4543504315144196,4.19011964495105,0.19451783606294853,0.7357692134366305,1.8455690193556895,2.014259088676831,0.5678582026175583,7.437341180783139,8.914965140326935,2.7804821497591146,1.8311166666666665,2.543791666666667,B0049,40,4297,04297.csv,4,0.0,17
182,1899.218,2.9848405470772863,1.996058976050717,4.1692630784027385,0.46430561638777196,2.1731381124581617,1.990973959623023,2.017126618248215,0.21021435715216644,13.187367445445181,22.347809168975328,18.315427810461465,1.975554945054945,1.9842197802197805,B0049,42,4299,04299.csv,4,0.7752051154719997,18
221,2305.25,3.216101228170252,1.9811242583835047,4.186817701935873,0.4522966041686386,0.46521331136834787,1.476061610828751,2.016129985116996,0.8918542091115955,12.73854385905339,19.41196098209977,12.848959079763139,1.4643755656108597,1.5261990950226245,B0049,44,4301,04301.csv,4,0.7711865903845158,19
161,1690.594,3.0487042882213067,1.991234767471124,4.188353148421002,0.4175998750705185,2.197118380949878,1.9881249898325228,2.0162046577360044,0.22350078467313175,12.43174282130699,19.074608803884857,12.42089345028494,1.9727291925465842,2.050888198757764,B0049,46,4303,04303.csv,4,0.7585098914517947,20
171,1800.421,2.97408172255637,1.992352748796434,4.161361064351189,0.45850664327655377,2.1690083155547546,1.9893941710211709,2.01581049777552,0.21691801569849223,13.382353818734753,22.607671167433093,16.575765283337727,1.9741754385964916,1.9696374269005847,B0049,50,4307,04307.csv,4,0.7349386490499009,21
154,1633.25,3.0444695632884358,1.9960897948919885,4.186507738215053,0.4123234048754184,2.190417943323065,1.9869597453899306,2.0160585309963657,0.22881591259300357,12.300881528020009,19.003281636478988,12.317097157690661,1.9715415584415585,2.0465259740259736,B0049,52,4309,04309.csv,4,0.7366758033690756,22
163,1737.172,2.977231196667954,1.9999963944412724,4.188359485457034,0.46425327410544454,2.1883630910157614,1.9884870151283096,2.0163487950701433,0.22210301492241585,13.146013541941878,22.10154579807187,16.14865544725759,1.97298282208589,1.9813190184049083,B0049,54,4311,04311.csv,4,0.7093946599203638,23
151,1614.406,3.0221149151314726,1.9911540027307004,4.185414346041184,0.42651811293670044,2.1942603433104835,1.9864544147288472,2.0153902683188014,0.23069950113065515,12.419820365387574,19.702963463668752,14.426265399147837,1.9710569536423843,2.0233245033112586,B0049,56,4313,04313.csv,4,0.7186465009220309,24
159,1708.86,2.9634989615749228,1.9924291348754952,4.187572397568079,0.46631919011326245,2.195143262692584,1.9877745412866725,2.016217383011093,0.22461759639272516,13.214727037699832,22.293655276575564,16.24628031730832,1.9723924528301888,1.9672327044025155,B0049,58,4315,04315.csv,4,0.6913885231046639,25
183,1713.235,3.058057702902253,2.1766233079901336,3.818275498868238,0.23195586528296536,0.7373151435269629,1.967882341520864,2.0138841954536875,0.2948439346361529,14.106047002561935,17.700710235479104,8.430919352908528,1.9544546448087434,2.0604207650273225,B0050,0,4319,04319.csv,4,0.8631448527758341,1
335,3170.984,3.2490350549942337,2.1749971933736196,4.158856235580694,0.3016674857585617,1.983859042207074,2.0000500371673122,2.014864087482442,0.15525045888682076,12.882473241826203,19.05864532227174,13.441695552852865,1.9862728358208959,2.280770149253731,B0050,4,4323,04323.csv,4,1.648789607776492,2
329,3135.344,3.276984379936998,2.1911951483218752,4.183088539012577,0.3373066194062902,1.9918933906907021,2.0001574169501235,2.0155624547698805,0.15670614531485097,12.442013542177062,20.111233999456417,14.458558678592192,1.9860498480243165,2.3108814589665654,B0050,6,4325,04325.csv,4,1.601636485397804,3
318,3049.781,3.2890741542906974,2.1942759978640183,4.1834218050176215,0.34634718943088644,1.9891381642730428,1.999381685199029,2.016192178653311,0.159216386502034,12.067451252934292,20.278735817853075,15.336795114819925,1.9856188679245286,2.3236509433962267,B0050,8,4327,04327.csv,4,1.5517564797427017,4
465,4565.859,4.452558225780352,0.3492816607816715,4.535649473663294,0.45187717562042756,-0.0011754506154701971,0.029318245377458602,2.0134497447946256,0.2269356321874596,5.787557091529866,6.935918101259972,1.8255387579730762,0.02592516129032258,0.04392043010752689,B0050,10,4329,04329.csv,4,0.0325584171083419,5
548,5428.594,3.3355734950869853,2.178400890970668,4.542426686314755,0.47145358973833773,2.36392444773088,2.0055567331475808,2.018766969100753,0.12129292720478951,15.239769089136006,24.962762102598138,19.896598492936167,1.990978102189781,2.3515529197080287,B0050,14,4333,04333.csv,4,2.640149115738702,6
269,2646.797,3.2573285012561177,2.1918281570306326,4.180885798287954,0.32316713628943877,1.9890576412573213,1.9976916428210447,2.016882367193576,0.1731001000386336,12.391726056611569,19.265522316221983,13.754313015946249,1.9833420074349446,2.286843866171004,B0050,16,4335,04335.csv,4,1.359027658891632,7
273,2705.594,3.2495783074004967,2.1945981119604814,4.184295530413868,0.34323763962912546,1.9896974184533867,1.9978786539081472,2.016230384723665,0.17185737943951016,12.491970904185653,18.66332781758057,12.225666011407988,1.983541391941392,2.2824652014652016,B0050,18,4337,04337.csv,4,1.3742172692238257,8
264,2627.828,3.2675758567757787,2.1871747097810523,4.186758460479898,0.3318089696583581,1.9995837506988456,1.9973459914842018,2.0165268325750443,0.17473385774998407,12.223956310303723,19.24741197475352,13.556014574872064,1.983011363636364,2.3017348484848483,B0050,20,4339,04339.csv,4,1.3528030430821978,9
297,2981.312,3.1510598793508446,2.1918823058659096,4.185256536983114,0.4408635179612672,1.9933742311172042,1.9987818593787239,2.017293825164074,0.16465514450080698,13.386384235573518,22.784422727870645,16.501991460449013,1.984684175084175,2.1866700336700338,B0050,22,4341,04341.csv,4,1.3607406193458431,10
193,1941.797,3.5669768532640593,0.3203299638987588,4.160830604206153,0.5771103611878987,0.2752563603452973,0.9813110313134946,2.014695797616069,1.007283061398303,9.39503756076183,13.887369323051947,7.400456485450009,0.9838269430051815,1.2362642487046633,B0050,26,4345,04345.csv,4,0.5268786924650971,11
263,2663.625,3.252056715450036,2.184263094213456,4.184284380356375,0.28819108424014916,1.9999382284865028,1.9975116671519328,2.0203138964301943,0.17511566364235887,12.718196082251707,17.779357290699473,11.858754677480611,1.9830958174904945,2.277425855513308,B0050,28,4347,04347.csv,4,1.4002714246164416,12
281,2862.25,3.0874838435029104,2.1762467490120763,4.184699738172036,0.32274820389847536,2.0084529891599594,1.9977018363826191,2.0182354363143165,0.16929317981683586,14.939082954475598,22.235523638017437,16.081025715054004,1.9839708185053382,2.118327402135231,B0050,30,4349,04349.csv,4,1.4289274755270829,13
185,1894.485,3.527243039562959,2.1381406475642324,3.691318669736286,0.2573826751674723,0.058513696076040844,0.19773236668073918,2.0100328722713914,0.5960556941707942,7.209330122235992,10.434223507755965,4.983256145295406,0.1947989189189189,0.19801621621621623,B0050,32,4351,04351.csv,4,0.076583541740148,14
176,1799.25,3.2035526569134523,2.1260336204243564,3.795648723658771,0.3176785170925403,0.24535799570121108,1.2349940373134418,2.0132843977975976,0.980556242813018,12.119721382650447,18.15521296792552,13.672397036020778,1.2262852272727274,1.2740681818181818,B0050,34,4353,04353.csv,4,0.5736933387569048,15
169,1741.204,3.4168857432287325,2.186548090086204,3.757656239642927,0.2945929620991944,0.13357602626865006,0.6917680676449822,2.0132816182317166,0.9561814848548518,9.057556338502183,14.027851994614435,7.5515003918555434,0.6859964497041421,0.7451479289940829,B0050,38,4357,04357.csv,4,0.3014742035427856,16
24,236.156,3.322716204974352,3.2123720225635264,3.7574298441231098,0.1411583049907929,0.5449564742222535,1.8435138843844037,2.0120442634592433,0.5674277257544058,7.604996558081503,9.290927916610505,3.291519468945931,1.8315916666666665,2.2689583333333334,B0050,40,4359,04359.csv,4,0.0,17
182,1899.218,3.290574483611846,0.1970552492968445,4.171560623651518,1.369937666792896,0.1106887562590293,0.3451329767724057,2.014103231474595,0.7574739044829238,7.204792493597744,9.918067818733402,5.595219427790071,0.351656043956044,0.47131318681318685,B0050,42,4361,04361.csv,4,0.1795654263232146,18
221,2305.25,3.210764993027875,0.1927377074618698,4.062962069472706,0.3528652969058339,3.8702243620108367,1.9855243680733965,2.017632920268886,0.23335231016662136,12.058448732368104,19.262784970646152,12.881174568697867,1.9799972850678733,2.2364796380090497,B0050,44,4363,04363.csv,4,1.179168781562907,19
161,1690.594,3.520738945664213,2.1295104990476927,3.705386395014377,0.3147466920797628,0.045262652738133013,0.28959118365576325,2.0114062797913776,0.7040114083871492,7.604057088612014,10.698614481562748,4.29305780165393,0.2857962732919255,0.28451552795031054,B0050,46,4365,04365.csv,4,0.0961913170505672,20
171,1800.421,3.3510986530307876,2.199179035422044,3.763545734911403,0.3431155084509702,0.15776389344252628,0.730544848380584,2.012015024168927,0.9678644927019486,10.185710952125977,15.425941131175092,9.48415683300506,0.7246959064327485,0.7419824561403509,B0050,50,4369,04369.csv,4,0.2780851770910449,21
154,1633.25,3.40018711839692,0.4130567628886104,3.818979027069523,1.1180419260194827,-3.343145329951717,0.0027790146850075886,0.0056342576621893,0.0013524176415678608,5.65936924570859,6.6283285313680995,0.12305893143877267,0.0004090909090909091,4.545454545454546e-05,B0050,52,4371,04371.csv,4,,22
163,1737.172,0.2966779489160762,0.2699084666247476,0.3599544547321904,0.018314525058021898,0.05897143506657326,0.0006816782370935151,0.0031944628257135,0.0008524570170871184,5.884714514591004,6.566309956548845,0.7256341919972842,0.0004208588957055215,2.4539877300613496e-05,B0050,54,4373,04373.csv,4,,23
151,1614.406,0.24197773151733176,0.2339836210065135,0.2492950753551196,0.004567910301928089,0.0143431290353776,0.0006971727488679514,0.0036371072006491,0.0008691612377571372,5.647486022663556,6.606324237240683,1.3339312138303683,0.0004158940397350993,5.298013245033113e-05,B0050,56,4375,04375.csv,4,,24
159,1708.86,0.23472276332269082,0.2259955398929921,0.2459800772270432,0.004254076733665301,0.01891865269802251,0.0008013335280087206,0.002348216855097,0.0009325230018776903,5.894264423762076,6.577509402056284,0.6763420122329453,0.00041383647798742134,5.660377358490567e-05,B0050,58,4377,04377.csv,4,,25
183,1713.235,3.1549295868000704,2.469359676853076,3.8000325140227753,0.25018442629340293,0.2903519549305744,1.444694618164293,1.9904601456447135,0.8871946410371061,13.521306814955082,17.933039751399626,8.802975158446056,1.4528885245901644,1.459420765027322,B0051,0,4443,04443.csv,4,0.6434735598158292,1
335,3170.984,3.3515013948204975,2.494398109831089,4.166332642660912,0.2877034886774095,0.4483099784885307,1.5427628209287927,1.99003056135952,0.8290963390184855,12.329416092737752,17.97953483271074,12.420192127784894,1.5515982089552238,1.6969970149253732,B0051,4,4447,04447.csv,4,1.293180461998278,2
329,3135.344,3.4103353813308237,2.493737690186406,4.197817181186768,0.2856698351374756,0.4561426694512103,1.4746664717153095,1.9907652212254523,0.8706193507620527,11.786163300295161,16.976273689395825,11.439116880318398,1.4827173252279635,1.6641458966565346,B0051,6,4449,04449.csv,4,1.2288940261191657,3
318,3049.781,3.399036037954353,2.484825203522635,4.201090648817504,0.30100695006976963,0.45789584683745943,1.5006986661957025,1.9902247660821275,0.8556237034294888,11.79177216318508,18.15291521418941,13.609377777826957,1.5088578616352204,1.685185534591195,B0051,8,4451,04451.csv,4,1.2039031789717949,4
465,4565.859,3.35046347393405,2.481006838176381,4.4605398643795535,0.32183608327631735,0.8156471604564635,1.896872396959773,1.9923919648262227,0.4130390989267412,14.855344209164883,20.74350641722436,15.64290348514779,1.9087286021505376,2.1552086021505374,B0051,10,4453,04453.csv,4,2.330873478782131,5
548,5428.594,3.5507869816186806,2.4989144012367213,4.183564695802171,0.3187571640121974,0.41343356512809093,0.7375306160516587,1.9906556562988875,0.9592830763634587,9.407360590589006,19.42896460124537,14.443452034283514,0.7407635036496352,0.7882171532846715,B0051,14,4457,04457.csv,4,1.0092808819126011,6
269,2646.797,3.3747303939191564,2.4909800416005967,4.201222601303239,0.34123398551000467,0.4532146936701906,1.4121020737012022,1.9928667511122289,0.9025916289111331,12.00427347710193,18.9541455757646,13.498868483967037,1.4194862453531598,1.5350260223048329,B0051,16,4459,04459.csv,4,0.9565659895125322,7
273,2705.594,3.4288897043375743,2.4946772785123836,4.202406487867388,0.3288703685808047,0.441553323160532,1.282335808953127,1.9902384975692375,0.9519496591633624,11.420322251577586,17.468709072861763,11.206059772527334,1.2888805860805863,1.4183992673992674,B0051,18,4461,04461.csv,4,0.901956291365404,8
264,2627.828,3.391239374171384,2.4990630530936326,4.204413406598424,0.352673048614815,0.4510124435025422,1.34082874099171,1.990706372919536,0.9323909539308037,11.80356781146328,19.153660408464766,13.562539023289322,1.3479507575757574,1.4526439393939394,B0051,20,4463,04463.csv,4,0.8897906666138162,9
297,2981.312,3.458540277576628,2.4911013141195597,4.203308441652878,0.33305358587025097,0.4394928266331726,1.138981779931305,1.990986162648124,0.9837323681459692,10.939133221658826,16.52477794467856,10.40027560627191,1.144391245791246,1.2490572390572392,B0051,22,4465,04465.csv,4,0.8830717036634559,10
193,1941.797,3.331880238029603,2.487899627353052,4.187936112831865,0.31717047236114576,0.46325054106041286,1.6578827538328458,1.9921565534257668,0.7409913147912969,11.883224057630693,17.11375752268931,10.824848100390646,1.667653886010363,1.8262227979274612,B0051,26,4469,04469.csv,4,0.8431270354481757,11
263,2663.625,3.4455112582421257,2.4928843010694406,4.204131585576503,0.3368320842633842,0.4380712138346494,1.2024790526236682,1.9907118191391828,0.9726759550232803,11.104558398908889,17.63739523383682,12.105981412712453,1.2087110266159695,1.3203498098859316,B0051,28,4471,04471.csv,4,0.826559103449663,12
281,2862.25,3.4313160640623783,2.4993609910440835,4.20261624712583,0.3587942236278666,0.4424172460907325,1.1683569317325024,1.9901462850291596,0.9790266024085421,11.406827135294929,18.522369238924338,12.506763704642466,1.1739679715302493,1.2596370106761567,B0051,30,4473,04473.csv,4,0.8352681546837963,13
185,1894.485,3.3091927488307733,2.498094046924129,4.204441713018145,0.34695410764798684,0.48243120148641916,1.6652629774337186,1.9918526087146264,0.7344430215781391,12.198436592525173,18.39923327528304,13.014047732868884,1.674914594594595,1.8175513513513515,B0051,32,4475,04475.csv,4,0.8025719464987874,14
176,1799.25,3.321646649287508,2.495501924298458,4.205629455017258,0.3282003393930467,0.48397359852493604,1.6833216067815981,1.9915285938625495,0.718286704091553,11.825318185585296,17.275372082939334,13.181311957214895,1.6924079545454551,1.8455738636363639,B0051,34,4477,04477.csv,4,0.7839218784699513,15
169,1741.204,3.2949705809839465,2.4904774374699135,4.18869211223692,0.3244621079186689,0.4812034754460255,1.7406000834384334,1.990859718937767,0.6574060680074947,11.835979280716879,16.60444518809659,10.297260938555004,1.750674556213018,1.8994378698224852,B0051,38,4481,04481.csv,4,0.7910763493036002,16
24,236.156,3.7129537186963533,3.546618065659587,4.197410333228745,0.170494738426812,0.6507922675691575,1.8228736152324203,1.9900013859472852,0.5607983383730071,7.054471734319081,8.422696645654868,2.544582076844641,1.8324666666666667,2.5202916666666666,B0051,40,4483,04483.csv,4,0.0,17
182,1899.218,3.3300145239416707,2.491598912047876,4.1821997161959255,0.34051451624834694,0.4449393424353687,1.5728547609195669,1.994157229105373,0.8100562758744125,12.009985166510232,17.682518901037938,13.72454279611489,1.5817219780219784,1.7113186813186811,B0051,42,4485,04485.csv,4,0.7654538269480236,18
221,2305.25,3.391911995963896,2.4869071541416994,4.194584498935661,0.35719586169843254,0.43651069218437666,1.314253401431098,1.9911277842699449,0.9422355995659047,11.689546036688197,16.94512387438401,10.724235326386754,1.3207547511312219,1.4145610859728506,B0051,44,4487,04487.csv,4,0.773177347633947,19
161,1690.594,3.267971796503206,2.499952602276462,4.197406401996851,0.3438866297169587,0.4970015732310227,1.7653134403490016,1.990804461946515,0.6280721978068254,11.987366110206718,17.545176388637014,11.284771034165589,1.7755826086956523,1.88255900621118,B0051,46,4489,04489.csv,4,0.7605293776416485,20
171,1800.421,3.2933938275360117,2.4997210982004625,4.189508964301152,0.3601061664050572,0.463950679965734,1.6393244831010425,1.990688448137932,0.7580772043328375,12.368454802055908,18.870237090882178,13.043549847131462,1.648395321637427,1.760374269005848,B0051,50,4493,04493.csv,4,0.7376430319247004,21
154,1633.25,3.271485849685164,2.491516785323916,4.19596724295681,0.33959420101414894,0.4926823412400836,1.7554397237037889,1.9935500054668205,0.6403728290752935,11.81014948809308,16.8501327260127,10.531631978742457,1.7654090909090911,1.8905454545454545,B0051,52,4495,04495.csv,4,0.739179500257907,22
163,1737.172,3.30778530525047,2.496222014851971,4.190531975284901,0.3624552059717663,0.4560602357638639,1.6005657555126513,1.993456926596487,0.7913306114436407,12.09457421285805,18.12397455517185,12.395660654404285,1.6066601226993869,1.7112883435582822,B0051,54,4497,04497.csv,4,0.7014575429842594,23
151,1614.406,3.2841455177779646,2.488325882818304,4.178476681914968,0.3401875162742557,0.4616601796141544,1.688137636758635,1.9932734131292416,0.7160343750219632,11.79702749942571,16.26047891418261,11.350843833779841,1.6945960264900668,1.7922317880794703,B0051,56,4499,04499.csv,4,0.7047349480541781,24
159,1708.86,3.3119152698386256,2.495715251425015,4.1919700049548565,0.3651597599633232,0.4532307313486119,1.5784322210682304,1.9937534992241324,0.8081061551207243,12.079392114792578,18.153508709771476,12.36898001740152,1.5842176100628935,1.6790440251572327,B0051,58,4501,04501.csv,4,0.677848893570423,25
183,1713.235,3.134533959399899,2.691234036028442,3.83956882325682,0.19959726213800902,0.2475730382232264,1.8087003987272394,1.9979778414937188,0.5805209549917427,13.147685384792432,16.429874854641657,7.302175056082701,1.8126076502732245,1.8765573770491801,B0052,0,4381,04381.csv,4,0.8606591508342232,1
335,3170.984,3.3543285492513166,2.694829986819334,4.150553672824585,0.25515065335694564,0.4314024150737419,1.618978833688864,1.997569083235086,0.7800630381905694,11.746281905613133,16.315701424377302,10.710816341580703,1.622532537313433,1.8141492537313433,B0052,4,4385,04385.csv,4,1.4183095114360322,2
329,3135.344,3.3958185323324503,2.6969580006046856,4.176524869238658,0.2573309586744454,0.44511429447083506,1.581953236592257,1.99887278060858,0.8086278356428309,11.375626826625542,15.689005573106092,10.09064312632432,1.5853313069908817,1.8093890577507599,B0052,6,4387,04387.csv,4,1.3707123028693164,3
318,3049.781,3.3984180977394076,2.697283446718984,4.178983136527925,0.25078203445024333,0.44688184488840976,1.6053127060143075,1.9980539993077264,0.7911162103179334,11.242586382966397,14.97127576364998,9.978581887888446,1.6087540880503144,1.8445628930817608,B0052,8,4389,04389.csv,4,1.3515647352626494,4
465,4565.859,0.2368976601225322,0.2268252104332805,0.2409705720685858,0.0032593266875876607,-0.01406697497539311,0.0012235365973742207,0.0044615692112832,0.0011586729183949264,5.5591158087032575,6.581808344024416,1.3303996569284573,0.00016430107526881725,0.0009548387096774198,B0052,10,4391,04391.csv,4,,5
548,5428.594,0.33891988449688537,0.3259144093812141,0.4013740814936729,0.01797271875051899,0.07531323704409515,0.0017445368772425012,0.0055728368121939,0.0012651860687160103,5.817834945150515,6.737694429645351,1.7277915612936603,0.00039963503649635045,0.0003704379562043796,B0052,14,4395,04395.csv,4,,6
269,2646.797,0.3234807888442701,0.3222221275291471,0.3247660042446946,0.0005334654189083204,0.001666925406670794,0.0016703652873638374,0.0048922114406281,0.0010937563212955646,5.782840820033069,6.627599429348354,1.1714425182223724,0.00040743494423791835,0.000713754646840149,B0052,16,4397,04397.csv,4,,7
273,2705.594,0.32390294292207045,0.3218827423030691,0.3249405523148152,0.0005135804882814144,0.0017475291755515987,0.0017635350477223839,0.0058819367513436,0.0011399980921681938,5.813684831217029,6.583040639790345,0.16548998624522682,0.00040659340659340664,0.0006483516483516483,B0052,18,4399,04399.csv,4,,8
264,2627.828,0.324473351966894,0.3232168838079549,0.325615660720445,0.000527075465890582,0.0015677060979590873,0.0018106122885154128,0.0056418781587152,0.0012740502091093957,5.767637628902302,6.6517285530931165,0.9470096686866407,0.0004075757575757577,0.0006742424242424244,B0052,20,4401,04401.csv,4,,9
297,2981.312,0.32466187572394384,0.3230251103407697,0.3259509224348625,0.0006173750846078042,0.0020739695412741455,0.001887558035204071,0.0056489146604673,0.0012578118809912246,5.786917078715292,6.5987627942231075,0.3010665451955852,0.00041279461279461287,0.0005723905723905724,B0052,22,4403,04403.csv,4,,10
193,1941.797,0.35320476265266726,0.3432939472815726,0.3955571188397784,0.010213191303773477,0.05195634913323638,0.001422325260832755,0.0044420044238845,0.0013192494167307066,5.683693761052382,6.6219772375278785,0.1699411322682849,0.00041450777202072545,0.00083419689119171,B0052,26,4407,04407.csv,4,,11
263,2663.625,0.3233612009000584,0.3211377350306882,0.3274744903526401,0.0012028625908692037,0.004405990923717074,0.0018238966208545798,0.0053189356737964,0.0011678749368807758,5.727340157746257,6.646274566862874,0.685936510857565,0.00042281368821292785,0.0006045627376425858,B0052,28,4409,04409.csv,4,,12
281,2862.25,0.32391593370497757,0.3217376539313532,0.326717874874792,0.001355299894482537,0.004383083335707416,0.0018546862450268943,0.0048887195075065,0.0011217748725011272,5.9003989237563355,6.672403840084891,0.5035472670493313,0.0004163701067615659,0.0005871886120996442,B0052,30,4411,04411.csv,4,,13
185,1894.485,0.32524374198582356,0.3234955258719347,0.3273918513110536,0.0010894206081600527,0.0035977464911968182,0.00119487702888185,0.0039499069486707,0.001092658490900752,5.883705249180587,6.586040670084572,1.123507185283561,0.0004281081081081082,0.000837837837837838,B0052,32,4413,04413.csv,4,,14
176,1799.25,0.3257026258942197,0.3237199275721395,0.3279186387508218,0.0010619569688008748,0.0031108698063855855,0.0014272734809103876,0.0044332755781813,0.0012201221520952946,5.705300542411731,6.6242080981673,2.125915149879911,0.00042500000000000003,0.0008465909090909093,B0052,34,4415,04415.csv,4,,15
169,1741.204,0.4073647899207004,0.3810248926630337,0.5149253197410989,0.023684360283328917,0.1339004270780652,0.0011936464327629499,0.0034419632406462,0.0010800156497184946,5.659816925973588,6.59530928801328,0.08909171417310358,0.0004213017751479291,0.0008757396449704144,B0052,38,4419,04419.csv,4,,16
24,236.156,0.32959119818339044,0.3288279450149741,0.3304422255855551,0.00039584148970861434,0.0010514988679928838,0.0016554652384880625,0.0037539270352613,0.001225673823113758,6.161148563000329,6.28820769613908,0.2445261860036556,0.00042500000000000003,0.0009166666666666666,B0052,40,4421,04421.csv,4,,17
182,1899.218,0.3234524095139687,0.3194939610849327,0.3268780977694632,0.002126692436254715,0.005278071613399715,0.0013481731303242731,0.0078785385351691,0.0014396042482438909,5.75534290155213,6.582054970348843,2.3318307021100546,0.0004417582417582417,0.0007912087912087913,B0052,42,4423,04423.csv,4,,18
221,2305.25,0.32192337326959014,0.3184212338752171,0.3285254196383198,0.0025966708046600145,0.009436307525505394,0.001650477869822075,0.0053640057463974,0.0013227326520516137,5.773897577009191,6.588698518838487,0.18417960803513544,0.0004307692307692308,0.000660633484162896,B0052,44,4425,04425.csv,4,,19
161,1690.594,0.32179114268680864,0.3170418237707028,0.3283222855989348,0.0024301663190562876,0.010067179816950766,0.0011667565037034935,0.0056664452505802,0.0013370078086550486,5.7051337493509084,6.60717530952573,0.1661300909569725,0.00042111801242236023,0.0008944099378881988,B0052,46,4427,04427.csv,4,,20
171,1800.421,0.4906874413217856,0.4493991260435427,0.7680244991448124,0.05817252043001817,0.31854935568377774,0.001091387277356892,0.0046554791818517,0.0013016204882287754,5.961640391926228,6.61496479869181,0.6441225823260917,0.0004269005847953217,0.000824561403508772,B0052,50,4431,04431.csv,4,,21
154,1633.25,0.32496324886560674,0.3178791442491548,0.3361141058865468,0.0032814068431225446,0.01687117132740029,0.0009447349642240437,0.0032393522005432,0.0009643464497271857,5.640355163569891,6.6145133816337776,0.11611550135178206,0.0004207792207792208,0.0008831168831168832,B0052,52,4433,04433.csv,4,,22
163,1737.172,0.3200749504297926,0.3153630335182592,0.3261771649155523,0.004279426659939,0.008376986470592096,0.0012534487365987684,0.0036759481454355,0.0012316966796667539,5.878312867355149,6.546796095221561,0.6891933876060898,0.000430674846625767,0.0008036809815950921,B0052,54,4435,04435.csv,4,,23
151,1614.406,0.322777572934972,0.3154931438300191,0.3312920115805132,0.0032508132191381815,0.014441709724586471,0.001145231124236097,0.0056317516518788,0.0011849627950834118,5.623840641053641,6.595730103984381,1.270749971390134,0.0004357615894039735,0.0008476821192052981,B0052,56,4437,04437.csv,4,,24
159,1708.86,0.3208764063278491,0.3153986271768572,0.3284411359130549,0.004756216677992508,0.009327725306836177,0.0013876128523205803,0.0126431625349494,0.0016148368114099006,5.882304744716434,6.555064601703525,0.60715127231098,0.0004301886792452829,0.0007924528301886792,B0052,58,4439,04439.csv,4,,25
215,2349.64,3.0828389099409663,1.9808329057464713,4.082016063841389,0.36811464573576635,2.1011200283820326,1.993560711727946,2.0157846600725544,0.19338064792757953,11.988576567861957,19.02185891684059,13.373819592706376,1.9790065116279068,2.09293023255814,B0053,0,6672,06672.csv,4,1.06914178861943,1
233,2560.688,3.1103286425468237,1.9735558560671431,4.178658528567033,0.4024090724428493,2.204944826017343,1.995270330107185,2.0158554217685096,0.18602186992639902,12.059863244911188,18.304754041202315,12.761078917181433,1.9803914163090124,2.1174334763948495,B0053,4,6676,06676.csv,4,1.1540727934432229,2
229,2522.375,3.1104628288221936,1.9558143264177168,4.192255020207044,0.42055096764611416,2.2364406937893273,1.9952721899822612,2.0157450085599695,0.18768060468054357,11.967885395858058,19.33942752368694,13.185228708736272,1.9800646288209605,2.125951965065502,B0053,6,6678,06678.csv,4,1.1501525413826983,3
225,2488.719,3.115027942360279,1.99748310559266,4.192588912486402,0.4102137268204141,2.195105806893742,1.994739489778059,2.0158186517663363,0.1892635115635341,11.985900972885712,18.729143210051177,12.832927899891757,1.979719111111111,2.132048888888889,B0053,8,6680,06680.csv,4,1.1305863853936766,4
223,2474.844,3.109376043532363,1.974695202836088,4.192849949462827,0.41523242056569587,2.2181547466267393,1.994716528121975,2.0154879896693143,0.19006644963827024,12.004376962205335,18.709411575172343,12.750401493567148,1.9795533632286992,2.127170403587444,B0053,10,6682,06682.csv,4,1.121790272357562,5
222,2473.875,3.1067532264566258,1.963739794456287,4.193081087954604,0.4115202896904334,2.229341293498317,1.994462268339957,2.01514791138818,0.19045736265642232,12.133888437168595,18.63570596513145,12.789045635472167,1.9794603603603602,2.124783783783784,B0053,12,6684,06684.csv,4,1.1135982401443856,6
223,2495.5,3.083406677687234,1.944364958852849,4.179165887700054,0.4222546389814299,2.2347959087217797,1.9944377413009737,2.0165720599153336,0.19005420422747446,12.327089378265738,21.292305794774187,16.38343852928513,1.9795408071748877,2.096219730941704,B0053,16,6688,06688.csv,4,1.0864654057095062,7
221,2481.078,3.080580001769896,1.9470490842081751,4.191975122366585,0.43142834975854605,2.2449260381584093,1.994535794151797,2.0161080991224587,0.19086257123282882,12.164497494980397,21.01159959420005,16.6239850645565,1.9793583710407237,2.0984705882352945,B0053,18,6690,06690.csv,4,1.0647493568993147,8
218,2460.125,3.0828198149689934,1.9602813323957715,4.1919635181969905,0.4471293054215453,2.231682185801219,1.9942958735740086,2.0159395612536084,0.1922234816735491,12.128732336863894,20.939938897683515,14.379688382018193,1.9791275229357796,2.0993899082568808,B0053,20,6692,06692.csv,4,1.0809288094959644,9
216,2440.547,3.095128536447283,1.9605995541160255,4.192155796080977,0.41634640037236087,2.2315562419649515,1.99423279352749,2.015751416688318,0.19301585264484145,12.245191547318633,19.283836838998095,13.358598460995687,1.9789518518518516,2.111199074074074,B0053,22,6694,06694.csv,4,1.0852752041846463,10
216,2449.922,3.078011917190656,1.9595048550370973,4.192319942921637,0.43110957577785985,2.23281508788454,1.9941341922034355,2.0145490297544875,0.1929938950047384,12.190916714981144,21.101391697483887,16.61339486466803,1.978946296296296,2.0962592592592593,B0053,24,6696,06696.csv,4,1.0504799933740894,11
212,2408.781,3.0992512260717127,1.9845858202377116,4.178294459840927,0.41045849348787566,2.1936704502909015,1.993681474074749,2.0175406007257113,0.19482046495510183,12.163073942837917,18.64340722345076,12.49153753267338,1.978596226415094,2.1127735849056606,B0053,28,6700,06700.csv,4,1.0853550177054303,12
214,2442.547,3.0759964813859115,1.944670916271544,4.192753069603226,0.430580577195079,2.2480821533316817,1.994006147873811,2.0152928005596524,0.1940151830816296,12.292542702117027,21.313677971413888,16.928747371283126,1.9787953271028034,2.0944953271028037,B0053,30,6702,06702.csv,4,1.0508395690790722,13
211,2420.671,3.076814828498021,1.9692766515934297,4.192029518756707,0.4485403462925347,2.222744946822922,1.9936811039205453,2.016114129246863,0.19538687045283698,12.129527968970198,20.92811979857166,14.293476980224957,1.978500473933649,2.0939810426540286,B0053,32,6704,06704.csv,4,1.060906788333118,14
210,2409.906,3.0908348956433267,1.991566826677512,4.192422731350341,0.4152711744860938,2.200855904672829,1.9936409148373782,2.0152155871167707,0.19575656761378687,12.364595355360214,19.930786955410536,13.985725960576772,1.978410476190476,2.108209523809524,B0053,34,6706,06706.csv,4,1.070582461063814,15
209,2416.672,3.0705536079059534,1.9588680902433295,4.192159667005352,0.4393964619135396,2.233291576762022,1.9937041845656749,2.0158432646768185,0.19628399914014905,12.128324396717016,21.0220574646762,15.53486028900846,1.9783282296650717,2.0893588516746413,B0053,36,6708,06708.csv,4,1.024036665663697,16
207,2395.75,3.087460321440554,1.9836880271317603,4.177933640317498,0.41091533835962,2.1942456131857377,1.9931353663259233,2.0152978607340772,0.19708892835702674,12.302129277138697,19.091622529647232,13.060626991696193,1.978124637681159,2.0984685990338163,B0053,40,6712,06712.csv,4,1.0670957253433857,17
208,2410.688,3.0715434654202056,1.968810244689163,4.192397472111982,0.4302127554099461,2.223587227422819,1.9931312424190146,2.015387641467015,0.19672666025429145,12.366585260617875,21.30570494347084,16.89479725776775,1.978363461538461,2.0846875000000002,B0053,42,6714,06714.csv,4,1.0279237850447498,18
206,2402.125,3.0648787393041275,1.940239319338743,4.191651190035001,0.44830970846856016,2.2511330926249693,1.9933351618651365,2.017433515230241,0.19756062310628536,12.13341884254367,21.06885524244432,14.153202637716578,1.9782038834951454,2.0785485436893207,B0053,44,6716,06716.csv,4,1.0325426399701008,19
202,2355.265,3.0920593287919123,1.9763616179319543,4.191822005194803,0.42008270766854056,2.2154603872628487,1.992634824405149,2.016831246534153,0.19961982970475367,12.146814956196247,19.0403826843671,12.822124752630575,1.9777930693069306,2.107673267326733,B0053,46,6718,06718.csv,4,1.055948784653705,20
205,2396.719,3.0752264215555254,1.958878972318411,4.192766032434195,0.42402181447807724,2.2338870601157836,1.9928835846166293,2.0149856192697904,0.19827870377815748,12.493460218119653,21.22988294194384,15.59834394842258,1.9780185365853657,2.0895268292682925,B0053,48,6720,06720.csv,4,1.0445313831308718,21
208,2442.344,3.063652287832334,1.9866817453254884,4.151701089360854,0.41194139452170775,2.164748824870271,1.9928226279037262,2.0155113891751384,0.19675044550132662,12.212439916474112,20.949809700571592,15.735934849280312,1.9783855769230765,2.074730769230769,B0053,52,6724,06724.csv,4,1.035313906812183,22
208,2444.703,3.081738329329653,1.9605382250198835,4.177926260298856,0.41191447128488196,2.217130956136578,1.992894098916617,2.0152683941461595,0.1967288925450701,12.533800131697806,20.122996890408825,14.306592057652852,1.9782461538461538,2.0898076923076925,B0053,56,6728,06728.csv,4,1.076341053101982,23
200,2412.25,3.0712653565298207,1.9904175883780109,4.19142646613203,0.43903877986186474,2.2008491020427403,1.992442672698046,2.0162575030692795,0.2004792600707915,12.15752125414067,20.906313087706064,14.052367027960633,1.9774779999999998,2.0824849999999997,B0053,58,6730,06730.csv,4,1.0352223140423542,24
203,2403.234,3.0775076513338275,1.9817745728975944,4.191965715839513,0.4216493326145542,2.2101911429419183,1.9925926037905592,2.017437032117796,0.1992371293226043,12.500489505201012,21.200762542996532,15.357667935481757,1.977743842364532,2.0907684729064036,B0053,60,6732,06732.csv,4,1.0514287056908256,25
199,2361.047,3.081721091323029,1.9986378497920827,4.19127356264746,0.4342414306364585,2.1926317313902928,1.9921660756337995,2.0149215751246916,0.20113701641521453,12.129752391274424,20.01669492389786,13.482187463467959,1.9774030150753767,2.093276381909548,B0053,62,6734,06734.csv,4,1.060332934638968,26
201,2392.468,3.065618110074436,1.9475532037509713,4.192474641560636,0.4309557127927725,2.2447971411375867,1.992579022263777,2.0155065877750697,0.2001693086623403,12.4375808996521,21.300888549752415,16.008785931201402,1.977674626865671,2.0789900497512437,B0053,64,6736,06736.csv,4,1.0236966462748538,27
199,2373.89,3.078450046499129,1.9971786671898824,4.17716731983324,0.4110398968705432,2.1799512394910283,1.9922556312887356,2.0152751887801044,0.20104994659883613,12.499986997045514,19.859103950325803,13.777267773839467,1.9775175879396982,2.083869346733668,B0053,68,6740,06740.csv,4,1.0465884668750889,28
199,2383.234,3.0625561806089783,1.954304860794578,4.191922035679278,0.4331584602206052,2.2376171748847,1.9924965285905243,2.0172461252654528,0.2012573800055707,12.407329307373491,21.371062787995548,17.215731708463267,1.9774894472361808,2.073758793969849,B0053,70,6742,06742.csv,4,1.0031121684812232,29
195,2342.453,3.070668465167841,1.9728121678621011,4.1914917424018325,0.44517027559010974,2.218679574539731,1.991918687181604,2.0162327917586262,0.20306525042617932,12.12683073125857,20.121473725568496,13.508362628803024,1.9770102564102563,2.081697435897436,B0053,72,6744,06744.csv,4,1.0461578935615607,30
196,2359.296,3.0689252222547845,1.9932654775438805,4.192505197154108,0.42530092803615344,2.1992397196102274,1.992084846981035,2.0152751189158074,0.2028276337414781,12.488226976946088,21.375504791399432,15.991466195932471,1.977054081632653,2.0804642857142857,B0053,74,6746,06746.csv,4,1.0156263513525603,31
194,2345.453,3.059463155886766,1.9677305370734943,4.191388693209469,0.4522986816080285,2.2236581561359747,1.991605417269501,2.016331827542422,0.20371991345042284,12.141455926320956,20.75519907919811,14.021413422319615,1.9768402061855668,2.0702371134020616,B0053,76,6748,06748.csv,4,1.0250054893129452,32
195,2360.172,3.0515604930870808,1.9646771872417268,4.176817913788527,0.4334455932282837,2.2119761622004495,1.991893805829171,2.015461100618231,0.20327367791944137,12.395143910298117,21.495108529574846,17.685038386440862,1.9771056410256407,2.0543538461538464,B0053,80,6752,06752.csv,4,0.9801331625592912,33
191,2315.407,3.0772581124120912,1.9842967959422224,4.191203897341503,0.43182234413346116,2.2069071013992807,1.991620909948196,2.015619248928888,0.20533986227434123,12.19451958922961,19.650976156235696,13.071081776792333,1.9766869109947642,2.0860837696335075,B0053,82,6754,06754.csv,4,1.036777776420363,34
191,2322.156,3.0764274410465147,1.9519786488395736,4.191950279497998,0.42170425574112597,2.2398880689921574,1.9916919647659999,2.0158297917061314,0.20528347917321588,12.32467046038635,18.85601423191303,12.70979059880223,1.9766670157068065,2.0887958115183247,B0053,84,6756,06756.csv,4,1.026830062058722,35
191,2327.1570000000065,3.0735171627901745,1.9991200294367055,4.191989330112193,0.4177221040456201,2.1928693006754876,1.9916218196651592,2.016194986579563,0.20536881325440856,12.456556362135045,19.66943680638515,13.643930234462468,1.9765821989528796,2.0863298429319372,B0053,86,6758,06758.csv,4,1.0150379662805102,36
191,2335.0,3.0586262243104274,1.9919158008530224,4.192193889063254,0.43040004690810546,2.200278088210231,1.9915769869135742,2.0162179222845116,0.2053054859121366,12.493233578273262,21.138845685984403,16.13319637917737,1.9765120418848166,2.06982722513089,B0053,88,6760,06760.csv,4,0.9904614739486176,37
190,2329.375,3.0655406838342585,1.94559141180858,4.176984220978375,0.41894547506196317,2.230778374064568,1.9913315013296005,2.015859431138657,0.2059426808065725,12.497083720348076,19.288047919779903,13.18043019522095,1.976395789473684,2.0719263157894736,B0053,92,6764,06764.csv,4,1.0145765174582757,38
190,2333.875,3.0545790418645686,1.974560984027517,4.191893131054369,0.4341013814062103,2.217332147026852,1.991453914785753,2.019579743107578,0.20575569642663444,12.499664099435382,21.3268013324968,16.686513911637228,1.976557894736842,2.061794736842105,B0053,94,6766,06766.csv,4,0.9811308944080388,39
188,2317.453,3.050692756091621,1.945088917895143,4.191053526742021,0.4567925698937887,2.2459646088468777,1.991333341091594,2.016238639458721,0.206925459854018,12.233147481743185,20.84260661100648,14.13866128013351,1.9763510638297872,2.0566648936170213,B0053,96,6768,06768.csv,4,1.0041687429386437,40
186,2295.109,3.0706836502741286,1.9541644750198832,4.191344296215671,0.42084544429123,2.237179821195787,1.99101351508358,2.0172163751638545,0.20819601071326527,12.380002749755878,18.56010936417985,12.28117099267158,1.976116129032258,2.0801182795698927,B0053,98,6770,06770.csv,4,1.007820487960787,41
184,2326.657,3.051595420919736,1.935548354335742,4.1920711169862885,0.43423572210484424,2.2565227626505466,1.9908720980814456,2.0162879372042917,0.20920349872202085,12.616251645969692,21.59240098021019,16.166204712281896,1.975775,2.0629510869565215,B0053,100,6772,06772.csv,4,0.982454133084564,42
200,2479.297,3.072187965091245,1.9814063517681837,4.132408076306833,0.38068943730641236,2.1505078035560117,1.9918802848881905,2.0155258990014104,0.2006615034646108,12.829588969895449,20.679962323191948,15.233380665773609,1.9776159999999998,2.0796650000000003,B0053,104,6776,06776.csv,4,1.1096775355538029,43
198,2463.578,3.094404341842919,1.9931418060709152,4.175775307137671,0.39473306796494245,2.182299441982371,1.9920221198393642,2.015457752881536,0.20166866919527887,12.58985421750493,18.987480522594797,12.882853235342939,1.9774252525252525,2.088237373737374,B0053,108,6780,06780.csv,4,1.1136801589914762,44
197,2458.812,3.070776135685358,1.947894370100842,4.19084164853627,0.42766430342440764,2.2429472784354276,1.9921969805882975,2.0161593144943324,0.20233091404292286,12.499581621225966,21.621996984314368,15.654428207676439,1.9772964467005074,2.075309644670051,B0053,110,6782,06782.csv,4,1.0385009100572404,45
192,2400.672,3.093317588803282,1.9856387948209864,4.19061444729718,0.40508122493096066,2.2049270068441116,1.9915614937804331,2.0159544884457428,0.2046884061335546,12.55044884575378,18.973652680872625,12.813988898347747,1.9766489583333333,2.102239583333333,B0053,112,6784,06784.csv,4,1.0768815902180078,46
191,2396.407,3.0749380759068083,1.949232767477218,4.191036582578031,0.4303419282953859,2.2418038151008126,1.9913636586660952,2.015999719716144,0.2052463112572737,12.432369953422185,20.978900321002104,14.314254505394512,1.976517277486911,2.086047120418848,B0053,114,6786,06786.csv,4,1.0721705505837382,47
190,2392.375,3.0677280268889113,1.971670057823583,4.190677216614621,0.42943296245066886,2.2190071587910385,1.9913026171829147,2.016625929850398,0.20577225549331263,12.51661002939304,21.79016577987201,16.558445369141342,1.9763989473684211,2.0793315789473685,B0053,116,6788,06788.csv,4,1.0124588999851116,48
188,2373.687,3.0638438118587557,1.9947630114629615,4.174970264553197,0.4298057572160085,2.180027876331087,1.9908825994766095,2.015107043691624,0.20698217218750198,12.386978430486096,21.259687238039497,14.399790257658005,1.9763255319148931,2.0633776595744684,B0053,120,6792,06792.csv,4,1.0279944857549583,49
189,2385.922,3.069633671738992,1.93495405419616,4.191223425605613,0.42105430391649795,2.256269371409453,1.99127383323294,2.01589697281402,0.20644015427721674,12.86442209459833,22.11367611975276,16.67325507893288,1.9764645502645501,2.075862433862434,B0053,122,6794,06794.csv,4,1.0304147279049998,50
185,2345.0,3.0774703956362286,1.9626921591466933,4.1907916530158085,0.42806734217493875,2.228099493869115,1.9908555652032598,2.015193789051477,0.20843964390714215,12.452887134609785,20.512663513524156,13.940239755936279,1.9759989189189189,2.0859513513513512,B0053,124,6796,06796.csv,4,1.0556163273995052,51
186,2363.047000000006,3.065650898720959,1.965011869626919,4.191391388470691,0.423930327657254,2.2263795188437716,1.9910466332112344,2.015263550837058,0.20802009029088922,12.717167506079072,21.838243278861643,17.350993548133278,1.976122580645161,2.074725806451613,B0053,126,6798,06798.csv,4,1.0011115418162628,52
182,2316.687,3.087680483774557,1.9982886464924436,4.1908069648629,0.40929139612342075,2.1925183183704564,1.9904919510318815,2.0167120885262446,0.2102702203857749,12.479976931874727,19.19841243068418,12.801812787942652,1.975637362637363,2.0962912087912087,B0053,128,6800,06800.csv,4,1.0466839215498662,53
181,2322.0,3.080080108538352,1.987337089818558,4.176075101120923,0.4115310280985609,2.1883083675724304,1.9901940926688606,2.015138320039454,0.21089436134371092,12.53086381740867,19.947938817320452,13.472087834273523,1.9755027624309394,2.0825138121546964,B0053,132,6804,06804.csv,4,1.047181656018543,54
184,2357.687,3.063813027452571,1.9333820178355816,4.1919833117809935,0.42397207706170753,2.2586012939454116,1.990607985239254,2.017603787583275,0.20912596101971312,12.900294389057347,22.11167709201849,16.891835805989054,1.9758826086956518,2.071842391304348,B0053,134,6806,06806.csv,4,1.0102740078425778,55
3,23.0,4.060790325607858,3.8013484699433544,4.190597056442859,0.22468325419384527,0.3890769804940062,0.6718360254347512,2.011883291667193,1.1605150069896715,6.164758961234487,6.582625875555882,0.0,0.6662,2.3373333333333335,B0053,136,6808,06808.csv,4,0.0,56
280,2660.313,3.224017445984581,2.1808531235872497,3.849482783980402,0.38223007929096736,0.185623967810836,1.1711014926455594,2.014141944601924,0.9924503367197394,12.46348139823978,19.2224107892251,13.071780250476813,1.1634164285714288,1.155692857142857,B0054,0,6809,06809.csv,4,0.7399351039859233,1
299,2826.0,3.250620648698839,2.1857283549042807,4.1501696736386835,0.33922694062411707,0.4313623833221927,1.649008812993141,2.0146172696903197,0.7742370118742742,13.22908734445715,19.13350840101625,14.025344850945878,1.6375585284280934,1.803076923076923,B0054,4,6813,06813.csv,4,1.1665440238116096,2
296,2818.578,3.3125509639490387,2.191704472328808,4.18097797086454,0.3491777089896154,0.4368009330443301,1.5571537423633102,2.0143625410829222,0.8421272465574602,12.767949622305693,19.246439328077983,13.025964291332057,1.5460364864864864,1.7388040540540546,B0054,6,6815,06815.csv,4,1.1052521456138635,3
284,2713.812,3.014547209987882,2.194436684364802,4.183817862511293,0.470311042865422,1.989280825053751,1.997470366256859,2.0147009133139475,0.16840940941240212,14.48548355867213,25.274344894624623,20.083325218072112,1.9841443661971834,2.0459084507042253,B0054,8,6817,06817.csv,4,1.0960302257185877,4
289,2786.578,3.362083204238267,2.1744802077788186,4.179551945393369,0.3311252456486618,0.42398011505538413,1.497567121848318,2.0151107748835604,0.8784096306209648,12.21069483610014,17.912726519981458,11.815705908420536,1.486656055363322,1.7066539792387543,B0054,10,6819,06819.csv,4,1.0754450685609742,5
276,2667.89,3.0193532290227596,2.1991956579298835,4.186221002348923,0.48561369965189427,1.987025344419039,1.9970237894724439,2.0153415190841444,0.17077894541729582,14.382852820878863,25.399130245059563,20.008847180503718,1.9837188405797102,2.0524202898550725,B0054,12,6821,06821.csv,4,1.0655493528023796,6
260,2530.172,3.2949076790535123,2.195382286735059,4.162967318861197,0.351633215713046,0.42790564747529736,1.6640947581323788,2.0145865502939007,0.7613798795068452,12.646539321462496,19.958495728003356,15.297632170289017,1.652409230769231,1.8744153846153844,B0054,16,6825,06825.csv,4,1.0568368579972396,7
251,2446.062,3.099558518903638,2.186961493066742,4.186119302404479,0.4449713764164695,0.6151519693180565,1.9715890005191599,2.0144164466227608,0.28127212880799046,13.501798463127008,22.3455512044548,17.082850693356118,1.9583808764940243,2.100529880478088,B0054,18,6827,06827.csv,4,1.0449064445364842,8
275,2713.25,3.344320754921095,2.1792899341144296,4.183685207894235,0.35663880840682083,0.43133532978906697,1.5296231097961999,2.014507087829109,0.8597253805263284,12.310686417130766,18.346440665576743,12.818892171516957,1.5187054545454548,1.7354145454545455,B0054,20,6829,06829.csv,4,1.0458363976936966,9
270,2676.578,3.3393968492515325,2.1960491387884744,4.186682919177322,0.37305761918965435,0.4298216769831278,1.5281548216731664,2.015019913901801,0.8606210370927184,12.449589157423155,19.776786565302107,13.229252237637361,1.5172311111111114,1.7279481481481482,B0054,22,6831,06831.csv,4,1.018187920878015,10
242,2394.734,3.1066787302612444,2.1942476804372792,4.187137846103755,0.44960821896954783,0.6158541836751281,1.9701082949463853,2.014966759457277,0.2864170849160639,13.39260571620204,22.520284175103843,17.06825264098604,1.9569016528925625,2.1059669421487603,B0054,24,6833,06833.csv,4,1.0226409233672231,11
267,2673.0,3.3713317734388912,2.1907481286563577,4.170757473231068,0.3344994680575574,0.41380134907970145,1.5000438844683899,2.014728010762573,0.8769725934728457,12.045245019281868,17.54568061289479,11.575923271645266,1.489376029962547,1.7212022471910111,B0054,28,6837,06837.csv,4,1.03890961861509,12
261,2619.578,3.1171442968796907,2.185877354823723,4.18733783943504,0.46085230832779406,0.5133414222994159,1.8653555811837863,2.0143689610455375,0.5230171078765105,14.027143186292392,22.730114882559057,17.715048569590795,1.852755555555556,1.9764482758620692,B0054,30,6839,06839.csv,4,1.0173250354350074,13
261,2640.016,3.3723181530355464,2.18549830376202,4.183271363053432,0.3361899195624255,0.4269269647714049,1.5115348909095658,2.014355748891674,0.8707415383684125,11.986987916312621,17.24230903543893,11.204409622947487,1.5006459770114946,1.7385708812260539,B0054,32,6841,06841.csv,4,1.033183911994548,14
258,2621.187,3.3752367769573675,2.169486415611112,4.1871763489072675,0.3458802295403766,0.42510576829421964,1.4978572418243388,2.0146806054764226,0.8785135653595444,11.961246010798936,17.67282228813571,11.405681710100296,1.487141085271318,1.7216085271317827,B0054,34,6843,06843.csv,4,1.0095232119739597,15
257,2616.453,3.0680241783485127,2.1991609285274296,4.187497017349983,0.484062961589743,0.5754760778731587,1.9179494962272428,2.0150473398447923,0.42483800280292205,14.303923037098802,24.83365687277193,18.43733757216017,1.9049151750972764,2.000552529182879,B0054,36,6845,06845.csv,4,0.9862483259626476,16
251,2565.109,3.080029423131606,2.16946894247905,4.167864162415893,0.4651647271021656,0.5834662104491857,1.9314917930639428,2.014525320811098,0.3938476915316865,14.014570142346548,23.814869897999767,19.25598375725171,1.9186039840637454,2.0299163346613547,B0054,40,6849,06849.csv,4,1.0080048320000436,17
242,2532.531,3.0995001166042586,2.189366386338004,4.182759232638332,0.46680504584824184,0.5689993167746197,1.92048742497431,2.0146338064826703,0.41934267683299126,13.82742179742786,23.286158021770156,18.173079295362086,1.9073925619834715,2.0348016528925617,B0054,42,6851,06851.csv,4,1.0153387761254196,18
248,2556.593,3.135117188240346,2.1938108499397133,4.183401065560466,0.46717785968538955,0.5061197903880057,1.8496260164406817,2.0145545734774464,0.5483581169455682,13.793181239419976,22.857688282463823,17.39833931199999,1.8371475806451614,1.97283064516129,B0054,44,6853,06853.csv,4,1.0106786853355956,19
248,2577.891,3.361825569933971,2.195354018162212,4.174098618023754,0.3443086403153814,0.4219281412173057,1.5258301851172213,2.015071938818325,0.8622149926010138,12.006556818172502,17.0744400013979,11.057682255385508,1.514958064516129,1.7468709677419356,B0054,46,6855,06855.csv,4,1.010409656585336,20
247,2572.36,3.069748420550782,2.1757051329882087,4.187244537540539,0.480973889986596,0.5927270141487933,1.9223708469458909,2.015121108029787,0.4153748421695483,14.223331420666247,25.034160636506623,18.487848944452747,1.9092129554655877,2.0040485829959516,B0054,48,6857,06857.csv,4,0.9801433323963482,21
258,2697.75,3.0996476610968013,2.1816843710356264,4.149611746563943,0.45305236992121667,0.565728345478322,1.9101289869279874,2.013901151718406,0.44058168213450843,13.816713741617784,23.829313770803378,18.120103258890317,1.89765503875969,2.021294573643411,B0054,52,6861,06861.csv,4,1.1016641723624383,22
255,2683.406,3.3276361450033405,2.1869057073992466,4.167185143906847,0.3601874857851409,0.4381615654486053,1.6020250094257769,2.0160965699328157,0.8111534395174257,12.297445133045807,18.148295901779747,12.201813847058867,1.5908133333333336,1.822254901960784,B0054,56,6865,06865.csv,4,1.0826512239001271,23
251,2646.156,3.090887653178106,2.1798631989492883,4.1862395960608145,0.482553184453165,0.6015935952348093,1.9236868575194104,2.01701234819005,0.41235822266588296,13.917709213674303,24.24050410772348,18.571519354306638,1.9106390438247014,2.031059760956175,B0054,58,6867,06867.csv,4,1.0575008387868343,24
245,2593.531,3.1255606087732573,2.1957368370641035,4.183562459488766,0.4666643918391088,0.5371431209247794,1.8803976235137,2.01436163651519,0.4975703584001488,13.738247646589583,22.93935470684112,17.46954249583966,1.8676816326530616,2.0061551020408164,B0054,60,6869,06869.csv,4,1.0385517331615322,25
245,2604.125,3.0910099520509644,2.197272162359153,4.183469543197807,0.4736850116684262,0.5826070257021785,1.905113543140002,2.014438424073582,0.45139127600031964,14.021036742212438,24.77112444800467,20.426402203786672,1.892163265306123,2.0046448979591838,B0054,62,6871,06871.csv,4,1.0073294901291132,26
242,2588.594,3.371121145966289,2.186991625035034,4.182803471091083,0.3425825587076067,0.4321947162057964,1.5218884335997784,2.014431202432039,0.8646808411159785,11.909908874752377,17.39258920543283,11.106187095330782,1.5111537190082651,1.7495495867768593,B0054,64,6873,06873.csv,4,1.0160400308540347,27
240,2579.203,3.3382772643772527,2.1839945875783817,4.177543051799468,0.3661333913221257,0.43208261629606826,1.559622677772477,2.013986354296884,0.8408270514721972,12.313622257322168,18.305747733025576,12.171468375110493,1.5487566666666668,1.7654833333333333,B0054,68,6877,06877.csv,4,1.0158319636440951,28
237,2555.453,3.275227014636782,2.1974155139704856,4.18745666665725,0.4133797842828775,0.4582146124549782,1.647130067473807,2.014668185258512,0.776094857025625,12.835536006037291,19.849601783840107,13.863059563791396,1.6357215189873422,1.8275907172995784,B0054,70,6879,06879.csv,4,1.0015383803216271,29
234,2525.609,3.08264025202744,2.1944796571193828,4.187380122640154,0.4669467440798845,0.6002573826146276,1.925711921884979,2.0148626167695514,0.40739889858262296,14.025334270032486,23.697887384213885,18.536831900309828,1.912789743589744,2.0212136752136756,B0054,72,6881,06881.csv,4,0.981248861591824,30
233,2536.172,3.3354691487943056,2.19582689132158,4.183314724424282,0.3694191206177518,0.43870442487708106,1.5632852002617028,2.0148532560429055,0.838519020489302,12.206393799822907,17.639370990163055,11.431484238027288,1.5522437768240342,1.7748068669527899,B0054,74,6883,06883.csv,4,0.9987416030110134,31
233,2536.204,3.06956232360524,2.180729125655269,4.187279483525102,0.4829670744849523,0.5931624242688276,1.916727602246359,2.0149047097695103,0.42729928729426064,14.157912343382948,24.855759413239458,19.248614285031834,1.9037502145922747,2.001115879828326,B0054,76,6885,06885.csv,4,0.9584014230949642,32
228,2488.86,3.1084291827280213,2.198606902338691,4.168586129733135,0.46397249507843974,0.5199929943962198,1.8791650730873322,2.0144352591101575,0.49929579680846814,13.877029644763786,22.633573596217214,16.903065625524874,1.866705263157895,1.983701754385965,B0054,80,6889,06889.csv,4,0.9800846133894624,33
229,2518.547,3.3581509225423294,2.178492152794792,4.183747098480424,0.3633022263619525,0.42982142211546037,1.5204721015245712,2.014355978821028,0.8654820838472418,12.000734280236426,18.24210090664387,11.765963133041735,1.5096576419213978,1.7352445414847164,B0054,82,6891,06891.csv,4,0.9720372198962766,34
226,2485.766,3.1056894645085027,2.1931605321338634,4.187523274109238,0.4740900306729078,0.5316479324054604,1.8782588716032265,2.0147034101308976,0.5012171076604856,13.961422230756657,23.459587106388874,17.65865053304322,1.865537168141593,1.9804424778761063,B0054,84,6893,06893.csv,4,0.9693202807518412,35
227,2506.718,3.076065545012625,2.1971158447610275,4.184269535257578,0.4881490672301501,0.570941647205248,1.8963962748516057,2.0139210824745613,0.4681389440043431,14.14108020855593,24.87318926454243,19.342189482893858,1.8837180616740092,1.978854625550661,B0054,86,6895,06895.csv,4,0.9479786388506264,36
222,2459.297,3.121042954980712,2.192446180613871,4.183868392040906,0.4735362281927353,0.5162038571793648,1.8576897659318123,2.014478855847645,0.5355876933743066,13.857077682108361,22.57895105031832,16.81751942524891,1.8451531531531538,1.9695450450450454,B0054,88,6897,06897.csv,4,0.9638519569071228,37
223,2488.734,3.330025768269621,2.1750045839249057,4.169539487587025,0.37493550084281296,0.4233448601104901,1.5518985984544131,2.0139737933023243,0.8458188171180612,12.299989669041157,18.155876160419844,11.923816186848097,1.541244843049328,1.7531883408071751,B0054,92,6901,06901.csv,4,0.9682336695484696,38
223,2491.375,3.067009596769174,2.1906356157422464,4.18749739820457,0.4810147245341154,0.590608887588103,1.9124622855946998,2.014431483451508,0.4362573331027361,14.212120623239777,24.745737558953422,20.250133126637067,1.8996044843049333,1.9908295964125562,B0054,94,6903,06903.csv,4,0.9407020864603765,39
220,2467.328,3.224323331222822,2.1969226044699126,4.183674115350642,0.4437385498081572,0.46586179542679895,1.701137560872864,2.0183776817827956,0.728104563755007,13.232401754114171,20.864500972462256,14.80732172159502,1.6894418181818185,1.8565227272727276,B0054,96,6905,06905.csv,4,0.9618442077038964,40
219,2466.125,3.348287536831091,2.188259141429684,4.185924206625423,0.3784363786372467,0.4285500265408242,1.5163224163121791,2.0139931249992817,0.8681123502874847,12.098481296366476,18.59367691804772,12.04217554874119,1.5055808219178084,1.7216575342465754,B0054,98,6907,06907.csv,4,0.9332340144199704,41
218,2459.312999999994,3.0573024563037245,2.1682818867328626,4.187821519147336,0.4767057097378447,0.6210530121358646,1.9284095076756849,2.014238765879417,0.4008327940844686,14.316106635806587,24.597212846034733,19.293438293010006,1.915698165137615,2.0049908256880737,B0054,100,6909,06909.csv,4,0.9313454737145216,42
226,2559.125,3.076951013118892,2.187733999755357,4.145501189988608,0.4606235295306098,0.5452022410718955,1.895454744833536,2.014308805131467,0.4692184291646878,14.083550544682673,24.13178710047615,17.889956498234262,1.8832911504424783,1.9820265486725663,B0054,104,6913,06913.csv,4,0.9976429099116704,43
223,2534.156,3.085795975435223,2.158914847324055,4.168037433999008,0.45687947361505327,0.5863924945277339,1.9122439737900219,2.0138438441231696,0.4362117900049837,14.07160712441505,23.612194914633054,18.401349111989962,1.8997551569506732,2.007367713004484,B0054,108,6917,06917.csv,4,0.9833315262972036,44
221,2521.985,3.3302769619097354,2.1913469960772693,4.182894970276525,0.37508873786058616,0.4420908381515458,1.565931033307629,2.0139333922350606,0.8368280790928758,12.23792511997238,18.35582339692624,12.075945145305145,1.5552380090497742,1.7741085972850679,B0054,110,6919,06919.csv,4,0.9904370062777442,45
219,2503.172,3.071754770434524,2.1887585386046826,4.187269403966888,0.4728952493583292,0.6097073474310362,1.9198574969973197,2.014466237816939,0.4206748042258624,14.182674582038874,24.73342335069987,20.25612804176314,1.9069415525114162,2.006963470319635,B0054,112,6921,06921.csv,4,0.9499871340436294,46
216,2474.344,3.0794678744671966,2.198239401427243,4.183666770470569,0.4714751476683675,0.5933291066521273,1.9091240247400683,2.0139589410587826,0.44292079772626813,14.10332308130901,24.172566338551658,18.730223908814708,1.8963740740740744,2.001055555555556,B0054,114,6923,06923.csv,4,0.9526027840900876,47
215,2349.64,3.0669938746662084,2.1796805503092664,4.071079307477162,0.42581010972954497,0.4718482975161309,1.8522246939753906,2.0140304829398645,0.5434233781753514,14.073408640034845,23.99040081449467,18.51217825380239,1.8402604651162793,1.9183534883720932,B0054,116,6925,06925.csv,4,0.8850175175465715,48
233,2560.688,3.092460830981556,2.1687268442761383,4.166737300664872,0.4499430440362837,0.5832567102863293,1.9078841823975716,2.014601101608025,0.44518843062808316,14.081056672524559,23.497913584081875,18.089491441393633,1.8952978540772534,2.003918454935622,B0054,120,6929,06929.csv,4,0.9937402750241768,49
229,2522.375,3.109872659544261,2.191725388766709,4.182736373587939,0.4577068183132159,0.5621707146932056,1.8886275942243516,2.0140748044967807,0.4824553954714021,13.882912785076055,22.413638355604547,16.422490143939854,1.8760410480349348,2.0012969432314414,B0054,122,6931,06931.csv,4,0.995507330519279,50
225,2488.719,3.0916929425969144,2.16190489413124,4.183619389994964,0.46374236017514353,0.6005735437720041,1.9132216217910722,2.014119788854084,0.43417041488043767,13.976909425974554,23.276288269463745,17.543468383563102,1.9004924444444447,2.0181644444444444,B0054,124,6933,06933.csv,4,0.975407870968116,51
223,2474.844,3.092077800709679,2.1867699716569766,4.18340061507743,0.46613529943877197,0.5841918338749776,1.903346510749379,2.0142173050860928,0.45448805604368125,14.001484389915577,23.166415774259068,17.363806750992374,1.8906367713004493,2.0053542600896863,B0054,126,6935,06935.csv,4,0.965960558373922,52
222,2473.875,3.0868228519569625,2.198752976514828,4.183750141327261,0.46713788567684406,0.5898065184012422,1.9027929815963607,2.015149324108691,0.45537355946678604,14.093605062402071,23.915519230311656,18.20843933207594,1.8901495495495502,1.999756756756757,B0054,128,6937,06937.csv,4,0.9573702621688754,53
223,2495.5,3.072604933827402,2.166553275090901,4.1672081859932595,0.4752126626206723,0.5626966923010777,1.8852058718255222,2.0142477748570418,0.48848855752134435,14.300275862318225,24.7714915843067,19.836109896881467,1.8727291479820636,1.956582959641256,B0054,132,6941,06941.csv,4,0.9294756591964932,54
221,2481.078,3.076772656394079,2.1974146026719614,4.183066668693598,0.48715944639346537,0.5735824284863131,1.8841881744826403,2.01446153517772,0.49080892918670366,14.124062472619881,24.68396453173386,19.96538087660612,1.8715692307692313,1.9653212669683258,B0054,134,6943,06943.csv,4,0.9323553879823946,55
218,2460.125,3.2911829197288838,2.1984537160355733,4.182465009412686,0.4011614121489018,0.4512273736279271,1.6061501128404339,2.0143094298980313,0.8084193090066676,12.64526098166937,19.020363167421827,12.701388353413623,1.5948880733944955,1.7943394495412845,B0054,136,6945,06945.csv,4,0.954568378404969,56
216,2440.547,3.0675140530182183,2.1699490089903373,4.186729661376772,0.4711458670238766,0.6182824890724956,1.9185750523816054,2.016093932087486,0.4232420560942069,14.223331638985794,24.13873479197664,18.421554064818658,1.905603703703704,2.003324074074074,B0054,138,6947,06947.csv,4,0.9330242104372936,57
216,2449.922,3.0671371599201427,2.176887912375456,4.183427098166605,0.4915057532411112,0.5817526144337517,1.8905120523683234,2.014278751068411,0.4793173051825483,14.139185148296136,24.815641221382517,20.048273378981555,1.8778824074074076,1.9671435185185187,B0054,140,6949,06949.csv,4,0.923294184000959,58
212,2408.781,3.078813614886158,2.1883883016985664,4.166698332057613,0.46484046556176395,0.5653038444156055,1.8976415345909172,2.015356074543067,0.4653634042412932,14.087390371698557,23.24485824164149,17.29333171362341,1.8850207547169813,1.9856981132075473,B0054,144,6953,06953.csv,4,0.9257799164262976,59
214,2442.547,3.066888936059056,2.170115376243027,4.184004022833215,0.48931037635095603,0.5836576390357449,1.8894343368968853,2.0143329905022145,0.4811659260706758,14.202958247128624,24.863734259210677,20.35091291329907,1.8767728971962623,1.9650280373831777,B0054,146,6955,06955.csv,4,0.9162765793280084,60
211,2420.671,3.2822748078833337,2.1966197167856167,4.182970368325371,0.4070195768942672,0.4520607938589314,1.6116949621676682,2.0139655039502675,0.804167078877111,12.672879944135305,19.187532398616906,12.801395665498609,1.6004331753554508,1.7933744075829385,B0054,148,6957,06957.csv,4,0.9387011679112468,61
210,2409.906,3.06323475400009,2.1844861596911245,4.186946857158577,0.47294164867839167,0.6160942602733899,1.915975846751273,2.0144164428749267,0.4290058178935058,14.267116889972154,24.608575630578702,18.84839619642355,1.9029742857142862,1.9945809523809521,B0054,150,6959,06959.csv,4,0.9158990586877171,62
209,2416.672,3.3294345220814243,2.1969048206503072,4.182782183216822,0.3850967440438321,0.4355550746260275,1.531078380606631,2.0139993110110943,0.8591767967190661,12.173995572424568,18.81386799948547,13.231734688838989,1.5201885167464118,1.728555023923445,B0054,152,6961,06961.csv,4,0.9202608990433788,63
207,2395.75,3.059197039764698,2.189593119391126,4.175798948316686,0.4640271273229939,0.6164188212094897,1.9239678603051142,2.014122151363509,0.410769603278679,14.240824503948053,23.94925053538712,18.100344898346645,1.9111971014492761,2.001275362318841,B0054,156,6965,06965.csv,4,0.9111253917360888,64
208,2410.688,3.0606951230963726,2.1801159908061365,4.183432164471636,0.48943745194638677,0.5889962529471249,1.8954720655139328,2.0146239260917764,0.470036788609675,14.275292993104369,24.82147170162433,20.28981957633819,1.8829413461538467,1.965158653846154,B0054,158,6967,06967.csv,4,0.8980507043695345,65
206,2402.125,3.3096645129465334,2.1883204645817864,4.182464884390648,0.39196162233303095,0.4421781496716699,1.5628771814551712,2.0143268562937324,0.8390951648877759,12.319879487331049,18.57811741414672,11.879712564032141,1.552122330097088,1.7518834951456312,B0054,160,6969,06969.csv,4,0.9278864624016372,66
202,2355.265,3.068838395977353,2.176027126654838,4.187190771734197,0.4689654969106541,0.6128542249130278,1.9221234338631747,2.015447318773766,0.4157940399247707,14.017340985088923,22.523812738647745,16.501366134360715,1.9091990099009906,2.0077970297029704,B0054,162,6971,06971.csv,4,0.9118415396987224,67
205,2396.719,3.0642577232510537,2.192431157609426,4.184124653963867,0.47961365479370016,0.5868624906719946,1.893753475079801,2.016007641646079,0.4731401691927664,14.309673058312118,24.885270958035292,19.40127215223626,1.881245853658537,1.968839024390244,B0054,164,6973,06973.csv,4,0.8936491649329469,68
208,2442.344,3.05089172896046,2.165885100454371,4.1396795894908935,0.4683207132682686,0.5296223279029975,1.8756925097491361,2.013710590988413,0.5049676352210464,14.20580721645281,24.49535100296176,19.193651230855295,1.8638038461538464,1.9303798076923078,B0054,168,6977,06977.csv,4,0.9100864492604256,69
208,2444.703,3.0723870805326334,2.1973597496316057,4.166798038044882,0.4636466679902361,0.5628589936602908,1.8855006121204965,2.014086384956398,0.487732329701613,14.343325580342825,24.79248513927076,19.14054963436039,1.8732932692307698,1.9596778846153848,B0054,172,6981,06981.csv,4,0.911490473146094,70
200,2412.25,3.292510597456584,2.1972629267290893,4.182556356872751,0.40377480247812547,0.44853534444590215,1.5892865093489725,2.013579783626152,0.8206516392237352,12.52113276136492,19.41886177632084,12.821478711106618,1.5786080000000005,1.774665,B0054,174,6983,06983.csv,4,0.9337172811638196,71
203,2403.234,3.0615420925064947,2.198752877987022,4.18680349899093,0.4714081188743872,0.6127076268074001,1.9122698448277065,2.0145269757019744,0.4360435088332202,14.320010513448283,24.843161021240142,19.194942149898907,1.8996926108374388,1.9905467980295568,B0054,176,6985,06985.csv,4,0.8981517756068776,72
199,2361.047,3.104814009888728,2.198603650230703,4.184455817920845,0.4713332452397283,0.5303814546960757,1.8597985539148076,2.013833114751838,0.5321713403002745,13.817833063271001,22.81807409211731,16.537319985192475,1.8475809045226135,1.9613065326633166,B0054,178,6987,06987.csv,4,0.9139367135371254,73
201,2392.468,3.0591573873230504,2.1805571893421827,4.184079696303244,0.48671106857774016,0.5882254605268238,1.89140048264604,2.0142375375887425,0.47761028734912664,14.23049295284562,24.58129890321389,19.36351611523265,1.878945273631841,1.9592139303482587,B0054,180,6989,06989.csv,4,0.8764848617154279,74
199,2373.89,3.0574972660409525,2.174201624293327,4.166279880071051,0.47080079697874994,0.5862951322026664,1.9002676588320566,2.0145185318391374,0.4604646278922317,14.343710795679344,24.654627092855215,18.765455009945196,1.8878643216080409,1.9667035175879397,B0054,184,6993,06993.csv,4,0.8854917958581964,75
199,2383.234,3.0567448490556264,2.1705705059131044,4.183737744816785,0.49399223661769215,0.59079650628555,1.890264884888235,2.014683733517366,0.4797497193871965,14.146643227132303,24.667711168999983,20.318511539978484,1.8777437185929657,1.9558743718592968,B0054,186,6995,06995.csv,4,0.8819074622846708,76
195,2342.453,3.151370552126675,2.196118065671102,4.18293565751089,0.46417089920299354,0.4856904878774344,1.7846369215171307,2.0176843567914893,0.6375832353618502,13.552247410117072,21.67226159753115,15.323819954119054,1.772794871794872,1.9036871794871797,B0054,188,6997,06997.csv,4,0.9045809105944796,77
196,2359.296,3.0561639338398625,2.184361072149743,4.18457456922587,0.4855738838305499,0.5976032989593785,1.898624220141883,2.01440809078633,0.46393106664324624,14.28080189135689,24.961444132266895,19.711944974873376,1.8860408163265312,1.9666938775510203,B0054,190,6999,06999.csv,4,0.8734606349455996,78
194,2345.453,3.236611432340167,2.1930074246895095,4.1835244239011375,0.43286193597565054,0.46169949992566783,1.659181672032401,2.0155539688129593,0.7662166341663991,12.92628985289928,19.86209455847644,13.390470504147821,1.648014432989691,1.8158865979381444,B0054,192,7001,07001.csv,4,0.903131190986828,79
195,2360.172,3.0377786371686537,2.168539148301184,4.171664411266561,0.4906270459074886,0.6011741141707905,1.9081546173118866,2.0138149794596263,0.4445920822173868,14.22945813956484,24.813991518744384,20.751306305114475,1.8958266666666672,1.9550051282051282,B0054,196,7005,07005.csv,4,0.8712217754060124,80
191,2315.407,3.096631349811912,2.198772654679334,4.183480212813237,0.47162911702295435,0.5355498599208146,1.8642294908545067,2.0144066602582416,0.525395476706986,13.889055949262897,22.3422759308799,15.993071508176936,1.8519109947643981,1.9564816753926701,B0054,198,7007,07007.csv,4,0.8936499043476617,81
191,2322.156,3.0611426143701355,2.1680465237840907,4.183649118386083,0.4764014620955196,0.6056747125537152,1.906378206279869,2.014418972161935,0.44910548642917364,14.09831645395676,23.389616432610406,17.4338374871743,1.893631413612566,1.9806230366492146,B0054,200,7009,07009.csv,4,0.8835064014687892,82
191,2327.1570000000065,3.0558445282697995,2.1849035687167166,4.183468521205082,0.47913920573241336,0.611612032650783,1.906253816518962,2.0141152321395848,0.4490575393053792,14.205610727972747,24.437246414395887,18.61127757895456,1.8935926701570687,1.9791937172774867,B0054,202,7011,07011.csv,4,0.8779403705367915,83
191,2335.0,3.0499483326806858,2.1788266272471644,4.1836327331469265,0.49416973072543835,0.5973676323842203,1.895731780561238,2.0141663967491747,0.4694749532422611,14.199988460708054,24.617323081703876,19.63144730423671,1.883081675392671,1.960256544502618,B0054,204,7013,07013.csv,4,0.8599389109365094,84
190,2329.375,3.0516041952252326,2.173598497548058,4.165207327973796,0.47478866158207905,0.5795735549915606,1.8948160572027428,2.0132527178328865,0.47060902019728096,14.288204303284642,24.271941214408503,18.339110462744713,1.8824115789473688,1.9581368421052634,B0054,208,7017,07017.csv,4,0.8697358119609565,85
190,2333.875,3.0472454916360254,2.171024131749843,4.183812225950738,0.4983017823211285,0.5991529014164141,1.895107209660374,2.014162039227291,0.4707215860140374,14.208858242752529,24.804728027574093,20.087407206853886,1.8825747368421057,1.95541052631579,B0054,210,7019,07019.csv,4,0.8638271814812677,86
188,2317.453,3.231306720712414,2.193241046616703,4.183143233797935,0.4379490231896133,0.4618009051497909,1.6588493905957211,2.0142693231407978,0.766932686394631,12.936183613815922,19.87934804833635,13.438785237921977,1.647634042553192,1.8089787234042554,B0054,212,7021,07021.csv,4,0.8865694537789144,87
186,2295.109,3.0561992011444175,2.1928820402300686,4.185938542114043,0.47263809453266725,0.616776652745493,1.914295735191982,2.0151269835079497,0.43273383790265185,14.084182887600768,23.51552492010551,17.438050950058944,1.9015838709677422,1.986188172043011,B0054,214,7023,07023.csv,4,0.8690078572313327,88
184,2326.657,3.049101236395701,2.1802092140590776,4.18432308250829,0.48989161940324494,0.5946685405664995,1.891234957507829,2.0142021506611645,0.4780587278891419,14.275903069670573,24.913142338885027,19.610213429068395,1.878759782608696,1.9526195652173914,B0054,216,7025,07025.csv,4,0.8474446088377652,89
200,2479.297,3.0592618954233486,2.1788337133933458,4.1182630057067415,0.43504290493713327,0.4958691140629101,1.839921082247695,2.014661709338553,0.5619416691417586,14.30665353308513,23.80380834532953,18.48369302230999,1.828432,1.89547,B0054,220,7029,07029.csv,4,0.8799727721580702,90
198,2463.578,3.070487564105729,2.1830841723157457,4.164907528561344,0.4539094169438794,0.5587473299523373,1.8791985184788427,2.013850378393117,0.4990871356595615,13.97058204189835,23.08245417914552,17.133710591263238,1.8672,1.9485353535353536,B0054,224,7033,07033.csv,4,0.9110444582768508,91
197,2458.812,3.067048133380307,2.1910520386239125,4.182445897550156,0.49133413759301797,0.5576180633697945,1.8583263868517852,2.01445536812595,0.5345663219591015,13.799155081842601,23.778234573688007,17.89461556109116,1.8461370558375638,1.924045685279188,B0054,226,7035,07035.csv,4,0.912172429335506,92
192,2400.672,3.0722065010406205,2.199607761547385,4.182116565141312,0.4721660969620623,0.5700799738375593,1.8751411971726242,2.0139766427208468,0.5063452993288486,13.85337076803369,23.05943482945761,17.050305904772056,1.8629114583333335,1.9543333333333335,B0054,228,7037,07037.csv,4,0.8872043975884799,93
191,2396.407,3.117253230362332,2.1991241347308157,4.183709805636206,0.47364818455970265,0.5015944083095607,1.8007394278053837,2.013905512810969,0.6171147917918259,13.514874679422098,22.244929264861582,15.786229417200424,1.7889675392670161,1.8955340314136127,B0054,230,7039,07039.csv,4,0.8961236767959215,94
190,2392.375,3.0560602390351073,2.187300234238766,4.18305579589887,0.5024263390575993,0.5604704079231588,1.8630775262224644,2.013316103545993,0.5266586220016259,13.789537640473576,23.801178997375885,18.56885124421076,1.8509242105263162,1.920421052631579,B0054,232,7041,07041.csv,4,0.8851334001128452,95
188,2373.687,3.2276996110787217,2.1979569345819563,4.163750891434571,0.4408684462108772,0.44067736589231377,1.6262309803207142,2.013953855353921,0.7930229556776321,12.632160467633849,20.129283300775896,13.496360565969049,1.6156670212765962,1.7574095744680853,B0054,236,7045,07045.csv,4,0.8793386645436118,96
189,2385.922,3.0511101255752124,2.1932450152273764,4.1857725238225205,0.4888489089381256,0.5720381311035787,1.8732689450855993,2.0148144241402814,0.5101552004809543,14.133236180004296,24.104183465359977,18.753065798947524,1.8609428571428572,1.9253227513227515,B0054,238,7047,07047.csv,4,0.8461224238450626,97
185,2345.0,3.110131898177326,2.188819744044954,4.183962354946822,0.47755169159347033,0.5015868379497128,1.8048797617601653,2.0136887102362766,0.6118345419052434,13.44514404240349,21.124822433154826,14.748948787856964,1.793117837837838,1.8899297297297297,B0054,240,7049,07049.csv,4,0.8705933152969343,98
186,2363.047000000006,3.048474354226641,2.1933054601044173,4.183748382269399,0.5044639191784408,0.5602583147689355,1.8598794839735198,2.014227701858619,0.5317162309129086,13.90645728525564,24.038373358435607,19.58492102937656,1.847936559139785,1.904994623655914,B0054,242,7051,07051.csv,4,0.8440520909609104,99
182,2316.687,3.0720502151516498,2.1984194356911515,4.183059531782334,0.48219110370710605,0.543912540654444,1.8567500633735283,2.014321523108064,0.5371405715651912,13.600457924373249,22.333795391644557,16.158042067522516,1.8445802197802204,1.9238076923076926,B0054,244,7053,07053.csv,4,0.8536244678403578,100
181,2322.0,3.0780861695186963,2.197124548478272,4.164596042177817,0.4757231247552645,0.5052096081682129,1.833326657916153,2.014990295943545,0.5723022312116928,13.622342114819537,21.7292466341309,15.475956260598728,1.8216519337016577,1.8952872928176796,B0054,248,7057,07057.csv,4,0.8524519337958137,101
184,2357.687,3.047978400472379,2.1601370672426743,4.183536913886723,0.5006436440862841,0.5655539832770371,1.8581997718360517,2.014705651659665,0.5345007334464391,14.071709155413798,24.067733333922256,18.964162279652523,1.8462934782608698,1.903679347826087,B0054,250,7059,07059.csv,4,0.8373919001793014,102
3,23.0,4.067670722536387,3.83839582745546,4.1824770749578155,0.1985579554302379,0.3440812475023556,0.6715559054131551,2.01259368265579,1.1613729936970165,6.019953177795341,6.383481120383388,0.0,0.6664666666666667,2.3373333333333335,B0054,252,7061,07061.csv,4,0.0,103
280,2660.313,3.2439361669782594,2.4930794984834495,3.843735024444539,0.31061721654167473,0.2272633485980733,1.1719845140949632,1.9908401866645415,0.9797662282686106,11.879033293126687,18.02446981350722,12.119462698846238,1.1781807142857146,1.1534428571428574,B0055,0,7314,07314.csv,4,0.7989997927037011,1
299,2826.0,3.2904290284649416,2.480538609588174,4.174020568347548,0.25972402853725535,0.4639271776399183,1.7488135690152746,1.9904809087057092,0.6481554399427039,12.415262417855027,16.633080095446793,11.68578141629304,1.758446822742475,1.9037123745819395,B0055,4,7318,07318.csv,4,1.319892156462878,2
296,2818.578,3.326231366449631,2.48985034932468,4.1994512899066025,0.2804986487872958,0.4785032679521386,1.7062192795030635,1.99068249202928,0.6949630234440948,12.360226804144617,18.02222405324747,12.024694488965473,1.7154689189189192,1.8779695945945942,B0055,6,7320,07320.csv,4,1.2769832801132015,3
284,2713.812,3.338535407708074,2.485404008194569,4.201354950378872,0.269562738008131,0.4776714287528536,1.7298251369595599,1.9912233324564588,0.6696501792059064,12.182802262813878,16.276920867509258,11.249960461174389,1.7386809859154932,1.920767605633803,B0055,8,7322,07322.csv,4,1.2572591312230863,4
289,2786.578,3.3690503311576365,2.484071154442301,4.2022865042877005,0.2856551572815346,0.46484174254721244,1.6306268891010312,1.9905957922031052,0.7650246980134167,11.995175259559732,17.386184005164274,11.520235732692075,1.639432525951557,1.8272179930795844,B0055,10,7324,07324.csv,4,1.206763751299412,5
276,2667.89,3.3596802370189534,2.4813880969343156,4.202804398571556,0.2771173321585299,0.4711340859017943,1.6935068390218855,1.9916252726422965,0.7075370634776282,12.015852590858461,16.287370504806514,11.096598679133916,1.7021536231884062,1.8989673913043479,B0055,12,7326,07326.csv,4,1.2077322536103197,6
260,2530.172,3.331138062731705,2.4857750442530606,4.194689870235318,0.27949184736296306,0.47667768229605745,1.7971146812994743,1.9907997928291332,0.5873285000030485,12.31051634460958,18.765407738610975,14.1815653671331,1.8068876923076922,2.0065615384615385,B0055,16,7330,07330.csv,4,1.2009614290093835,7
251,2446.062,3.335155652675837,2.4898705968581996,4.203456278554985,0.27652318741656445,0.48843531277154684,1.8221572371321053,1.9913346793894355,0.5510499101272549,12.203269426883178,17.743208793113464,12.68990558761781,1.8318414342629483,2.0523107569721115,B0055,18,7332,07332.csv,4,1.189059086549973,8
275,2713.25,3.3970397549525346,2.4863788962445756,4.203931038045003,0.27739571317568057,0.4574268604818763,1.6053690606567472,1.9910133759936124,0.7856439222074226,11.974188885781311,16.27240932778339,10.970818850620411,1.6138538181818183,1.81832,B0055,20,7334,07334.csv,4,1.169708782604433,9
270,2676.578,3.3803008994123225,2.484196378836121,4.204477051328936,0.29578781889110484,0.45944756135335574,1.6276018295925172,1.991488728701696,0.7678264524895696,12.146032186206996,18.496064110315466,12.23847820728334,1.636331111111111,1.832640740740741,B0055,22,7336,07336.csv,4,1.1483647194613424,10
242,2394.734,3.3446128760924214,2.488899766066993,4.204395922551529,0.28271838045052067,0.48538634501514366,1.8077870574021455,1.990666668360672,0.5720353591999178,12.075029193191549,17.233592924973692,12.021604441799258,1.8173487603305782,2.034111570247934,B0055,24,7338,07338.csv,4,1.1527726060972296,11
267,2673.0,3.4016962939915634,2.4856427415338582,4.196508158151434,0.2863506745019652,0.44555589112925365,1.593669186406355,1.9902971005145704,0.794494773823247,11.953480850146518,17.25233196126928,11.546921515758683,1.6023123595505617,1.800749063670412,B0055,28,7342,07342.csv,4,1.1318370471727228,12
261,2619.578,3.3777825070738476,2.4945204316368925,4.2049198480597365,0.29889471768546755,0.4618220776494839,1.6458599813553114,1.990731521433284,0.751928551982334,12.091243346975185,18.84637103862602,13.944201625755253,1.6544697318007662,1.8505478927203065,B0055,30,7344,07344.csv,4,1.1326525803383347,13
261,2640.016,3.411152214850695,2.489824423973652,4.204749253288386,0.2851392384707784,0.45024381957347615,1.5846855208655988,1.991422567659727,0.8013395982049237,11.84145066042513,16.69866695291335,10.945539270373846,1.593199233716475,1.805505747126437,B0055,32,7346,07346.csv,4,1.1160565716574584,14
258,2621.187,3.4062074380814424,2.4929609831648176,4.205529950993648,0.29385750651895,0.4504708025828359,1.5877063395996862,1.9907556302335792,0.7990060369970609,11.855003538549179,17.281200338137296,11.312481752049125,1.5962348837209301,1.799263565891473,B0055,34,7348,07348.csv,4,1.0984641825068853,15
257,2616.453,3.4006629565141497,2.4987737122938984,4.205627291462969,0.3011573982002005,0.450505191364742,1.5865759855033685,1.991522785179081,0.7995564820652137,11.91733362745109,17.87487048558903,11.75092113190316,1.5946560311284046,1.7901439688715954,B0055,36,7350,07350.csv,4,1.092569410309668,16
251,2565.109,3.3734363664560836,2.4960528571959832,4.197933604847559,0.3057700306605213,0.4551549625172946,1.6558941163184238,1.9908882502143304,0.7428737437680821,12.135031767584422,18.56561933924195,14.072815066762413,1.6646254980079682,1.8589561752988049,B0055,40,7354,07354.csv,4,1.109167680712031,17
242,2532.531,3.3751298920141575,2.4950345179419164,4.205390438967899,0.30550917174450815,0.463849661768013,1.6682911209073605,1.9907992030652175,0.731915064312135,12.085534035682384,18.731388722663795,13.811191325576246,1.6769760330578514,1.8720826446280994,B0055,42,7356,07356.csv,4,1.107503502890571,18
248,2556.593,3.3799212171444224,2.499203075422064,4.205435554958762,0.3064539246734946,0.4620908864061799,1.6518817234383687,1.9911585440753383,0.7466144056182916,12.035133443915594,18.85911132920102,13.615611520017826,1.6605967741935481,1.8496129032258064,B0055,44,7358,07358.csv,4,1.106751675424531,19
248,2577.891,3.4131937901660443,2.4858947643408493,4.183847655178161,0.28836973381226155,0.42850839214965575,1.5634301408140314,2.0081513637326145,0.8166915748353278,11.694010522378294,16.474886676905992,10.748664947056607,1.571966129032258,1.7559112903225806,B0055,46,7360,07360.csv,4,1.0726694124582823,20
247,2572.36,3.3882127771112662,2.4902199266036034,4.205811869776469,0.3146016764885625,0.45425028558043445,1.6103136762013597,1.990451483901724,0.7813778914234873,12.02595112446758,18.429839421941313,12.16762925834113,1.6187481781376518,1.8069554655870446,B0055,48,7362,07362.csv,4,1.0776844021506693,21
258,2697.75,3.3833310240018224,2.49591717391522,4.185284066167707,0.28659069886314875,0.4602915991205814,1.6644454077183375,1.9908816662096405,0.7345698461806102,11.847288624466861,16.79121110894689,11.299151093559274,1.6737302325581396,1.8738837209302326,B0055,52,7366,07366.csv,4,1.1981714734535909,22
255,2683.406,3.406033299298373,2.493901769830843,4.196690472475704,0.28603652726920326,0.4578764935583832,1.6296813507068522,1.991512324127019,0.7660455719740732,11.64238700767333,16.558207457541112,10.890114903564978,1.6385435294117647,1.8509999999999998,B0055,56,7370,07370.csv,4,1.162538155268093,23
251,2646.156,3.395122860818019,2.4906658427202095,4.205348595061986,0.2969101886640418,0.4686026197252442,1.6480884167587802,1.991058496787956,0.7499069724220853,11.772012658338625,16.176716026227933,10.747055057468028,1.6566709163346611,1.8714462151394422,B0055,58,7372,07372.csv,4,1.1556827465844224,24
245,2593.531,3.3678744885149583,2.491266216084571,4.205552375701064,0.31639949951617663,0.4761461754816638,1.6964118950115845,1.9907463266064145,0.70487096595123,11.983454214473863,18.28920429337146,13.068834959641016,1.705393469387755,1.9128857142857145,B0055,60,7374,07374.csv,4,1.137444098422356,25
245,2604.125,3.3809383898685605,2.4927607047506055,4.2052142034116535,0.3164172837662115,0.4654309230989817,1.6478017519141384,1.9907919913750125,0.7502757874265852,11.908597488676612,18.65863623047158,14.400060472584212,1.6564497959183675,1.8544693877551022,B0055,62,7376,07376.csv,4,1.1126375352125493,26
242,2588.594,3.41469739374783,2.4866262339494316,4.205763745942962,0.2969688853682209,0.45491616524088174,1.6022477542765656,1.9910078690421875,0.7882772229275187,11.5894392622721,16.83473057053666,10.8225374193966,1.6109198347107438,1.8142148760330579,B0055,64,7378,07378.csv,4,1.098656067845981,27
240,2579.203,3.41231159843661,2.495104294734825,4.198995746839671,0.29323525791295524,0.44972000818164926,1.6072333230099658,1.990345948099886,0.7841876738531157,11.629714317449922,16.756789919207705,10.885854779410634,1.6160225,1.8119708333333335,B0055,68,7382,07382.csv,4,1.098530275888464,28
237,2555.453,3.4043822939909396,2.4877631392866095,4.2061133400646735,0.2979524662787944,0.4599833840705587,1.627765179150926,1.991281599746559,0.7678124206751239,11.647248561632294,16.24699765148442,10.515795778523653,1.6364455696202531,1.8301097046413504,B0055,70,7384,07384.csv,4,1.1029370400968537,29
234,2525.609,3.3673428364678033,2.4978675843051477,4.20656078786278,0.32461554876997256,0.47093274056023926,1.682630461395575,1.9916328373941736,0.7183625209586999,12.022205345514335,19.129984857149815,14.110317742105796,1.6915786324786324,1.8777820512820513,B0055,72,7386,07386.csv,4,1.0949644922735318,30
233,2536.172,3.4104196380737455,2.482550786926367,4.205789072356055,0.2970704479044411,0.4557066085139345,1.613005754826949,1.9905681770945949,0.7799086454482298,11.542224902228241,16.36765160927189,10.434425310185908,1.6216274678111589,1.8305536480686693,B0055,74,7388,07388.csv,4,1.0890679714830998,31
233,2536.204,3.3875483794093744,2.498794021092515,4.2064686981546116,0.31973160751091456,0.46026226730931485,1.6303751193382057,1.990833007177876,0.765286365384113,11.825965633220362,18.15665009637772,12.701737558683192,1.6387759656652359,1.8318540772532188,B0055,76,7390,07390.csv,4,1.073323391636053,32
228,2488.86,3.3533445639000172,2.4986675609061084,4.19878751718924,0.32838432627723774,0.4707701296326765,1.718081160741313,1.990852926244492,0.6825051831609196,12.03863906152037,18.80550760238104,13.370007229526266,1.7273333333333334,1.918714912280702,B0055,80,7394,07394.csv,4,1.095373856745309,33
229,2518.547,3.403128476363774,2.495967983888696,4.205549436509086,0.31000851441915644,0.455276087024739,1.615055953209512,1.990543780937116,0.7782357471446777,11.59317451081218,17.559578387097904,11.363094262781111,1.623793886462882,1.830349344978166,B0055,82,7396,07396.csv,4,1.0639517466243125,34
226,2485.766,3.3737196134296283,2.494521891499824,4.206680085108051,0.32090877833140785,0.47031437644599894,1.6807757006732602,1.9908289073916383,0.7206333096446642,11.873598601586018,17.467083355342886,11.929830864787077,1.6895389380530972,1.8828982300884958,B0055,84,7398,07398.csv,4,1.085798072407703,35
227,2506.718,3.382746702873388,2.4940939052144744,4.206242808359698,0.3253244845349784,0.4608607350085996,1.6383995483489846,1.99092503062938,0.758780951559817,11.809310238880515,18.49462899513655,13.11857267266101,1.6468819383259912,1.8397400881057269,B0055,86,7400,07400.csv,4,1.0588748965507555,36
222,2459.297,3.3641919383896957,2.488192777263103,4.2065015265299825,0.326906352982529,0.47398105692310466,1.7019822832268836,1.990154379954445,0.6995375039518201,11.933034010302555,17.91164881741511,12.420262049309056,1.710974774774775,1.906054054054054,B0055,88,7402,07402.csv,4,1.0813260035191288,37
223,2488.734,3.408219619852174,2.4835904274919676,4.198066617715753,0.3020685980866114,0.44771406441110795,1.6139072062978002,1.9913019551390152,0.7791514568096329,11.53732922797716,16.71929796179109,10.745173312682102,1.6226313901345293,1.8248654708520182,B0055,92,7406,07406.csv,4,1.061601862588323,38
223,2491.375,3.3720438606583496,2.494836964233761,4.2069940867465805,0.3312079634072612,0.4664790351775814,1.6587557833005986,1.9913493608624204,0.740847169624987,11.942237573488166,18.743872075423457,14.307615965082807,1.667440358744395,1.8435560538116595,B0055,94,7408,07408.csv,4,1.0593920670581127,39
220,2467.328,3.3954495279595993,2.495294559262084,4.206185443933068,0.3079274978481763,0.4615731784360735,1.6450974980746031,1.9913634315445177,0.7531328824818362,11.654440484569944,16.07532193134441,10.281607571097016,1.6538399999999998,1.8392272727272727,B0055,96,7410,07410.csv,4,1.0742513141424723,40
219,2466.125,3.3886471333647554,2.493930027919102,4.206494698836393,0.32395326594335594,0.45875001089054157,1.6343519441912346,1.9918655941270953,0.7623248665874016,11.722702041818202,18.1055360480279,11.854423019172177,1.6431515981735159,1.8333881278538815,B0055,98,7412,07412.csv,4,1.04056147341315,41
218,2459.312999999994,3.356819503345258,2.4968794236107965,4.204041730199119,0.33863779402395766,0.4689804757438565,1.6871439071634025,1.9909179006012372,0.7136501987670603,12.13910591187991,19.22539590220654,14.10864725283291,1.6965018348623853,1.8856284403669725,B0055,100,7414,07414.csv,4,1.0575656535324895,42
226,2559.125,3.38173030037378,2.4980844986118784,4.186445589660851,0.3135946416980715,0.4544085917399707,1.6535866642526924,1.9901698852064904,0.7445583099942964,11.725785170275977,17.79698901775945,11.78547679827592,1.663029203539823,1.8597477876106197,B0055,104,7418,07418.csv,4,1.0983528970914622,43
223,2534.156,3.332585578324588,2.497690135885909,4.198472809564929,0.3457140530086496,0.4809305181330754,1.7469676237344718,1.9895632028305583,0.649531324821529,12.14093273670559,19.90310164984231,14.8862959352502,1.7571076233183858,1.9338116591928252,B0055,108,7422,07422.csv,4,1.109758993739737,44
221,2521.985,3.415794800601349,2.495812780943487,4.205147121886639,0.2990310946887273,0.45644746275217774,1.61025709774608,1.9901409410080384,0.7816248775958641,11.32244979928203,16.28428434167548,10.281109851125445,1.6192470588235295,1.835945701357466,B0055,110,7424,07424.csv,4,1.0793315779206871,45
219,2503.172,3.364395338116308,2.497968365806555,4.207061766566151,0.3363881710475185,0.47339949782374635,1.6798498755376314,1.990707591128993,0.721086293579546,11.899725740614361,18.858200111612096,14.49180328033129,1.6887707762557078,1.8796986301369862,B0055,112,7426,07426.csv,4,1.0716159094756148,46
216,2474.344,3.3556150350421454,2.4948503148658077,4.206586679847002,0.33953536461528394,0.47630953537123055,1.7032532942405565,1.990485251168809,0.6979995792807144,11.9698483506891,19.26539604228336,14.059262710227312,1.7122203703703702,1.9021712962962964,B0055,114,7428,07428.csv,4,1.0746464211019795,47
215,2349.64,3.2813552523710348,2.497025585392751,4.136062355148983,0.3313586161057698,0.4560994746188287,1.858359505729196,1.9905983386514208,0.4916211942997817,11.944879920447905,19.91574517945343,14.656632620840828,1.868932093023256,2.0442325581395346,B0055,116,7430,07430.csv,4,1.08643683065179,48
233,2560.688,3.3340325216514985,2.497531566741249,4.194893964041484,0.3418427270746833,0.48112306416801154,1.7577798176415822,1.9908092541495777,0.6372879265172486,12.028925123088163,19.74476118019262,14.528673923772732,1.7674463519313302,1.961802575107296,B0055,120,7434,07434.csv,4,1.1340138347387958,49
229,2522.375,3.355658576925396,2.4925446639956585,4.205199298124983,0.3328135533427258,0.48285647023612466,1.727915394725976,1.990854842888386,0.6716428426504919,11.71503135296823,18.239458117812696,12.493769831946429,1.73722096069869,1.936986899563319,B0055,122,7436,07436.csv,4,1.1176964717951587,50
225,2488.719,3.353357049023896,2.497355535023157,4.205853256210238,0.33516755498024614,0.48295651892636116,1.7321377432385154,1.9913602598228903,0.6669389629340879,11.810607676487715,19.14324542302631,13.635916107483535,1.741442666666667,1.9371377777777778,B0055,124,7438,07438.csv,4,1.1046468529644289,51
223,2474.844,3.356165416087441,2.4960054501777855,4.205832053797409,0.33493083076014013,0.4799650492105343,1.7209431581851304,1.9907888064016417,0.6793897542473725,11.765625767571137,18.957146305546704,13.383584543772825,1.7301883408071754,1.9238026905829595,B0055,126,7440,07440.csv,4,1.089700148407426,52
222,2473.875,3.3655236596965747,2.4945789390502733,4.205960258814088,0.33226424184216846,0.4734965394390618,1.6929286265052523,1.990266430302993,0.7081541895844613,11.666664960009529,18.569611226697234,13.097736213222309,1.701954054054054,1.900864864864865,B0055,128,7442,07442.csv,4,1.075533547538172,53
223,2495.5,3.3657531038090425,2.497451626540361,4.1982654098780685,0.3357163537398893,0.4623522797270292,1.667470802474189,1.991098985092008,0.732570658776937,11.708939176253061,18.389604150481873,13.633637648654272,1.6763937219730944,1.8468385650224217,B0055,132,7446,07446.csv,4,1.0609866776144368,54
221,2481.078,3.3849405998756663,2.494771530909891,4.2067134175295635,0.3281235142521264,0.4629405881458877,1.6377837863063123,1.990633924131218,0.7589158654305581,11.450092345609722,17.859841515218953,13.287972471970587,1.6463493212669682,1.838361990950226,B0055,134,7448,07448.csv,4,1.0518218041615568,55
218,2460.125,3.410105370394735,2.4850759949386982,4.206861671465562,0.30458467998992356,0.4570303869645751,1.6145697108883426,1.990683911752466,0.778693825905917,11.131625464424475,15.816276936907297,9.741566531025757,1.6231752293577981,1.8398853211009176,B0055,136,7450,07450.csv,4,1.0553857898132757,56
216,2440.547,3.3607031370514133,2.4972833794296387,4.203250203022516,0.33889915441551255,0.46848429529992863,1.6847978724387422,1.9905747713276665,0.7162986904335491,11.738832332367679,18.755426828419857,13.185893847591993,1.6936962962962963,1.8884212962962963,B0055,138,7452,07452.csv,4,1.0533102333691788,57
216,2449.922,3.3928240190547645,2.4994934553850463,4.206868467936627,0.3233676606559199,0.45783215942432154,1.6204542802757556,1.9902463993398891,0.7734530806144815,11.33070420089266,17.253309886018204,12.699033203926955,1.6289305555555555,1.8304583333333335,B0055,140,7454,07454.csv,4,1.0315365260084348,58
212,2408.781,3.3379943082200825,2.496397324750552,4.199652821200027,0.34690447311572187,0.4746843579033153,1.7351396458982284,1.9905716899988275,0.6638216063455092,11.71743632355557,19.044660235871767,13.283281720858163,1.7444905660377361,1.932754716981132,B0055,144,7458,07458.csv,4,1.0533401053259417,59
214,2442.547,3.383748883671106,2.4985913567786335,4.206354715936561,0.32963199707182594,0.46102553148270875,1.6355576688310525,1.992243974592476,0.7609448372911602,11.448023523006356,17.632782962314124,13.292593002044356,1.6441457943925235,1.8332196261682243,B0055,146,7460,07460.csv,4,1.0317876798810788,60
211,2420.671,3.4034852057714984,2.4793908002585576,4.207116858721508,0.31039574432065437,0.4573109006882099,1.6209743131883192,1.9907853647960991,0.7737104358062598,11.113362092407373,15.652866929465386,9.509091619765654,1.629622748815166,1.8401090047393367,B0055,148,7462,07462.csv,4,1.0354207912157296,61
210,2409.906,3.3488479010139836,2.495919101086891,4.203805356740808,0.34876462599940383,0.47097487905720126,1.695089257670325,1.9905834799687467,0.7063057197534683,11.759912549960136,18.851175405607993,13.279846432380047,1.704004761904762,1.890104761904762,B0055,150,7464,07464.csv,4,1.0322251791310608,62
209,2416.672,3.400337322032959,2.487748902505861,4.206451344410812,0.31939270966701555,0.45375724185801936,1.6078625205860506,1.9921786004311488,0.7837888326494308,11.095152329208846,16.682382112943166,11.340070466825198,1.6165349282296653,1.8185119617224879,B0055,152,7466,07466.csv,4,1.011543397303472,63
207,2395.75,3.3343052776040634,2.496210707787105,4.199840856194157,0.3519926929063718,0.4739069340178883,1.7289526721268946,1.989844699379149,0.6706571391029508,11.855416870953553,19.331265935552995,13.67088760715625,1.7383536231884065,1.9163043478260873,B0055,156,7470,07470.csv,4,1.0413760568150228,64
208,2410.688,3.3786546268712,2.499306018937951,4.2063630059831265,0.3327893131192579,0.4619458538372099,1.643931880193128,1.9901768106891888,0.7535408529549507,11.501464461877692,17.796486773673443,13.44491015307962,1.6531480769230766,1.8446875000000003,B0055,158,7472,07472.csv,4,1.02174193386881,65
206,2402.125,3.413323315609648,2.4951311923995756,4.206927414011855,0.30601778255538203,0.45064640676210743,1.5923357432991905,1.990803712367652,0.7957357114480256,10.922543090852551,15.641866781260571,9.220355391562979,1.6012941747572818,1.8136893203883495,B0055,160,7474,07474.csv,4,1.0133135547969283,66
202,2355.265,3.3358445561886736,2.498865224973231,4.202275822485786,0.3492892435030416,0.475513646205068,1.732018590050607,1.9894496431673536,0.6668918568121494,11.679121657086682,18.475017780285615,12.632134568294685,1.741811881188119,1.9199801980198021,B0055,162,7476,07476.csv,4,1.029994255962691,67
205,2396.719,3.3537094650205534,2.499842473941914,4.20659875616185,0.34910829104829694,0.469840881028611,1.677792523551457,1.990447808855782,0.7228751605082481,11.716719550648065,18.598567041058164,13.291441278498821,1.6870800000000001,1.8613024390243902,B0055,164,7478,07478.csv,4,1.0189349807814327,68
208,2442.344,3.3664574186515495,2.4984245148092805,4.18778132479275,0.33266034518568377,0.4510987504963344,1.6532192403183805,1.989727397946082,0.7447469153200276,11.332026451776493,17.70296113245331,12.630428264376702,1.6627875,1.8464375000000002,B0055,168,7482,07482.csv,4,1.0290879520854015,69
208,2444.703,3.319131030823727,2.498165502515704,4.19944321827157,0.36179229126663587,0.48093935772770147,1.7488341867856576,1.990141425142264,0.6477630453051786,11.967823512320054,19.648490501323845,14.205786151615817,1.758851923076923,1.9295,B0055,172,7486,07486.csv,4,1.0567629241900045,70
200,2412.25,3.4032103094968886,2.4838403700559373,4.205593767786481,0.3126772173254731,0.45658669604396573,1.6201527951405907,1.989425250782484,0.7736516006312848,11.01544977025214,16.178060673787062,9.817911728428943,1.6293119999999999,1.8401850000000002,B0055,174,7488,07488.csv,4,1.0291668536316647,71
203,2403.234,3.343831990901096,2.4989275943849365,4.202887645707948,0.3525505136291551,0.4730972173565604,1.7041054364982948,1.990115909060455,0.6969935523640988,11.818028778074435,18.88644438182567,13.39900095483921,1.7135408866995072,1.8802266009852218,B0055,176,7490,07490.csv,4,1.032129844490102,72
199,2361.047,3.3724641292622257,2.497716849078165,4.206513407222774,0.325255810491114,0.4707189636991118,1.6884305318552204,1.9926058063871193,0.7127676380732928,11.295282200562326,16.020151248713987,9.939521345616985,1.6977718592964826,1.89056783919598,B0055,178,7492,07492.csv,4,1.0409230283951276,73
201,2392.468,3.3553714698756965,2.497475666164784,4.203597448523021,0.3511827639431877,0.46570394214381894,1.6715459326024489,1.990141813358955,0.7286332762648419,11.589249198689654,18.292174814306744,13.242394357138625,1.6808945273631841,1.85989552238806,B0055,180,7494,07494.csv,4,1.011161098766987,74
199,2373.89,3.3279855680794297,2.499631738732727,4.19879054583806,0.3555503388511542,0.4751998733722109,1.7381782054168184,1.989834931537412,0.660169878948989,11.857143843844957,19.26049129848449,13.575710650151702,1.747998994974875,1.9149547738693469,B0055,184,7498,07498.csv,4,1.0337876112911784,75
199,2383.234,3.380340612404249,2.4996111983697316,4.206474987547079,0.3348291006213095,0.4605251710799334,1.6384403552628461,1.9899806169770808,0.7582035299400515,11.276289724634314,17.24384546974176,13.145822166488166,1.6475698492462316,1.8498542713567838,B0055,186,7500,07500.csv,4,1.003994224020383,76
195,2342.453,3.3795059063602477,2.4972946109355068,4.2039065137519716,0.3212294356626661,0.46371058333326376,1.6721195403304987,1.9903659110556824,0.728454957650278,11.220787392479364,15.900824096276386,9.746261751801871,1.6813548717948723,1.8862153846153846,B0055,188,7502,07502.csv,4,1.0334195479955004,77
196,2359.296,3.3419486124359232,2.4950143445404667,4.203458601351602,0.3549037182556344,0.4721800691994851,1.7041382178740323,1.9909373483293216,0.6969786182226453,11.759447806620914,18.94850032004803,13.876563579255535,1.7135500000000001,1.8925306122448982,B0055,190,7504,07504.csv,4,1.009893656411646,78
194,2345.453,3.3994343538904057,2.496127080556164,4.206479388387375,0.31104645604527265,0.4570278165372432,1.6295851445188236,1.990502094790344,0.7663220715304874,10.988248985047367,14.95747625778177,8.70383558706975,1.63848969072165,1.8482680412371135,B0055,192,7506,07506.csv,4,1.0126262447940628,79
195,2360.172,3.3674537565378784,2.498292598142556,4.200091561431062,0.3432245871624269,0.45644713103867485,1.6516444669682322,1.989645979871128,0.746829713177772,11.355681286808547,17.70459844093717,13.824543568066034,1.6608666666666667,1.8380615384615386,B0055,196,7510,07510.csv,4,0.9948742055727694,80
191,2315.407,3.3529430513041807,2.4995493131113817,4.203624990778383,0.3368474953528003,0.4727661410810584,1.7175248163228947,1.991464570961499,0.6831986623306556,11.443287391092776,16.746714545942115,10.59837367859096,1.727049214659686,1.9134607329842932,B0055,198,7512,07512.csv,4,1.0240799556179332,81
191,2322.156,3.313138824967226,2.4954991257797223,4.203121026339225,0.36304088827199366,0.48465616339700945,1.7693654512971768,1.9904890532016015,0.6231568659745707,11.785825239943042,19.201273298790156,13.414257155204151,1.7793445026178014,1.9524659685863877,B0055,200,7514,07514.csv,4,1.0208889510043029,82
191,2327.1570000000065,3.331207681083792,2.495394779769103,4.206360725269558,0.35588298270257285,0.48115373142682616,1.7382904696127657,1.9905162279081985,0.6604692736115172,11.72640480534808,18.921215014535083,13.277215557872097,1.7479287958115186,1.926178010471204,B0055,202,7516,07516.csv,4,1.016100815944114,83
191,2335.0,3.361184494584018,2.4987692806726884,4.206662505631524,0.344224364707545,0.46764462263363127,1.6760292511558845,1.9908925129030703,0.7248587592005278,11.472788708066494,17.83845317353606,13.082197024257688,1.6851371727748694,1.8704240837696338,B0055,204,7518,07518.csv,4,0.9987875345106276,84
190,2329.375,3.317225424194071,2.4984561833393784,4.198906004577256,0.3608407856563033,0.478491906234515,1.7580115720622176,1.99080174275127,0.637319553244383,11.802235485150675,19.413252469388496,13.714847849017653,1.7676389473684213,1.9324631578947369,B0055,208,7522,07522.csv,4,1.0158868294923784,85
190,2333.875,3.367194898395345,2.495225392424711,4.2063268655944,0.3424771985413339,0.4646575222399987,1.6638741345738308,1.9912354426427308,0.7362174226059778,11.363194027921853,17.555469742468727,13.043279927975494,1.6729915789473688,1.8613315789473686,B0055,210,7524,07524.csv,4,0.9963437517762594,86
188,2317.453,3.394889434849019,2.48261274521935,4.207127040760322,0.3166712880961802,0.4589938128200588,1.6390575733339212,1.990118242201512,0.7580722131182812,10.949818258159802,15.18160164516741,8.969995640481592,1.6482904255319148,1.8533085106382976,B0055,212,7526,07526.csv,4,1.0053777381419529,87
186,2295.109,3.310050856120256,2.497894652809196,4.202430409703646,0.36349321928142,0.4838896895602742,1.774232820492686,1.990653705320796,0.6170740478740678,11.706437723845246,19.119001932657707,13.17812749328542,1.7841763440860217,1.9518387096774195,B0055,214,7528,07528.csv,4,1.009132291002791,88
184,2326.657,3.3458687278652697,2.498867447840723,4.206373386837717,0.35438221527239455,0.47244681119272247,1.6963418255597829,1.9910685168887925,0.7051851073640546,11.583533228310797,18.259385299695204,13.122848051109587,1.7057913043478259,1.89175,B0055,216,7530,07530.csv,4,0.9984581240784204,89
200,2479.297,3.2453384054657453,2.49494387511604,4.181574605333568,0.3758158280897178,0.5058223220776057,1.8680281932471823,1.98985518935301,0.4730453124133189,11.961499960858754,20.334330441428275,15.165475522154772,1.8791519999999997,2.02363,B0055,220,7534,07534.csv,4,1.0892389324114138,90
198,2463.578,3.3032859676964024,2.499224528115884,4.194441045655941,0.3649485363730269,0.4845737233661578,1.7868645223058113,1.989802834953792,0.6002431731582906,11.522596039987194,18.82433959610769,13.045580301084987,1.7971888888888894,1.9703636363636363,B0055,224,7538,07538.csv,4,1.0793936031703524,91
197,2458.812,3.3954172971180325,2.4924954873857694,4.204880578247997,0.32696208812948496,0.458197862511458,1.614783935085291,1.990332615385347,0.7778464699912226,10.721858182752005,16.215064274032724,10.567977538547943,1.6237065989847719,1.828086294416244,B0055,226,7540,07540.csv,4,1.032614295314224,92
192,2400.672,3.319390417324327,2.495661665849974,4.202840264863921,0.36289148376748803,0.4846073621540099,1.7601840557565047,1.9905492967668528,0.6343326702797605,11.411543894379703,18.624861324787787,12.7811247066556,1.770040625,1.9486718749999998,B0055,228,7542,07542.csv,4,1.0498572649026638,93
191,2396.407,3.3844424778085065,2.498900329146198,4.205754690488186,0.3197783748396798,0.46530350711728463,1.655204315586289,1.98999253160494,0.7440155770139286,10.810513729948518,15.137573162785118,8.889824030080906,1.6641842931937179,1.8722565445026178,B0055,230,7544,07544.csv,4,1.0453902697248565,94
190,2392.375,3.3960019195497346,2.489889091081545,4.207084563921945,0.32780578478212546,0.4560262390393417,1.6115800552119468,1.9901197988107224,0.7804502396909582,10.714176302518482,16.113386903826303,11.067043466456528,1.6203652631578953,1.8268473684210527,B0055,232,7546,07546.csv,4,1.0001607736713514,95
188,2373.687,3.4091500642055776,2.498768290819146,4.198111672339926,0.30660183668074437,0.4443457875372161,1.5966446290200507,1.9897475031713532,0.792136933995235,10.478734086554464,14.51027225857862,8.105567668129789,1.6057329787234047,1.8146489361702127,B0055,236,7550,07550.csv,4,1.0084094786878155,96
189,2385.922,3.318069571504016,2.4975933279193185,4.203133911551857,0.37363571804539236,0.47812157444248715,1.72476996736727,1.9897262444197577,0.6749614404698484,11.577446477629389,18.79688115527297,13.647103759882823,1.7347111111111113,1.891878306878307,B0055,238,7552,07552.csv,4,1.003655158082039,97
185,2345.0,3.3705488423522825,2.495932540383024,4.206432255358412,0.33032978192310214,0.46832533761713435,1.676248199187665,1.9919373010273944,0.7242905135197432,10.889278314878903,15.51511607516065,9.334529965394854,1.685781621621622,1.8840972972972974,B0055,240,7554,07554.csv,4,1.028526967659532,98
186,2363.047000000006,3.358032061134384,2.493973960448579,4.203481073295822,0.3554632991444755,0.46180288546414694,1.6566805530962165,1.9911024104896389,0.742157214305738,11.125862267460422,17.410882869971065,13.180353184137376,1.665967741935484,1.8390967741935484,B0055,242,7556,07556.csv,4,0.9816844358987022,99
182,2316.687,3.3305932142592156,2.4945849403498523,4.20306302939134,0.3554438723858668,0.47664078412453614,1.7367499742692303,1.9901681479381788,0.6620429328208168,11.180258248103398,17.541633082707207,11.511001479363618,1.7465252747252753,1.9056538461538461,B0055,244,7558,07558.csv,4,1.0127121434171131,100
181,2322.0,3.345081227582777,2.4970956728658367,4.197674431245264,0.34426210268587043,0.4668812921918466,1.7133201833868559,1.9909302972480336,0.6875542798935123,11.102809730123198,16.68412644043965,10.569275226814236,1.7230486187845304,1.8914475138121545,B0055,248,7562,07562.csv,4,1.0201379996149256,101
184,2357.687,3.3411218242164646,2.496842059818817,4.20280430699626,0.36311229340360596,0.468318716882302,1.6853937523601872,1.9899104414591309,0.7155126870314747,11.41292758502581,18.127312484256297,13.178656232966063,1.6949608695652174,1.8652554347826087,B0055,250,7564,07564.csv,4,0.9907591663373164,102
280,2660.313,3.2954766160397124,2.689656173110366,3.8387228819147694,0.3310277033704336,0.16693924841122598,1.0829326313727061,1.998659884695217,0.9940384099889457,9.97935642991351,15.737541036017063,9.444161651624999,1.0849442857142857,1.0592000000000001,B0056,0,7062,07062.csv,4,0.7852781208785192,1
299,2826.0,3.278114932402385,2.6867752955314015,4.14918086948454,0.2410731798750493,0.43990099478577394,1.7200332705428667,1.9959503490046473,0.68650073412651,11.067443145348815,14.09017680302044,8.955742496251402,1.7242976588628764,1.8635484949832777,B0056,4,7066,07066.csv,4,1.3443555553017368,2
296,2818.578,3.3106158390566507,2.698313212370538,4.17533419262966,0.25846981270694913,0.456645006635803,1.690570414337499,1.996169566048845,0.7164931559222097,10.889462468094056,14.9073664521439,8.597842856297168,1.694500675675676,1.8640675675675675,B0056,6,7068,07068.csv,4,1.317502710734752,3
284,2713.812,3.3172843725733268,2.692589583576849,4.1774698147911185,0.2464320016539114,0.45730002501404154,1.727002248037317,1.996337766770787,0.6800393402459747,10.764459531712715,14.04619289990165,8.834905494027542,1.730904225352113,1.9216619718309857,B0056,8,7070,07070.csv,4,1.2973654679476911,4
289,2786.578,3.344030455029123,2.6980823652266586,4.177333358996554,0.2627449110416388,0.449352324461036,1.6420729843621669,1.9969110305254825,0.760859148859384,10.65574896441831,14.458798502682042,8.279863347282495,1.6456664359861595,1.833280276816609,B0056,10,7072,07072.csv,4,1.263960414854898,5
276,2667.89,3.336353669510842,2.699291592092144,4.178105672730461,0.24959757666761428,0.45246657378438915,1.7048140651008785,1.9971248669228028,0.7030430141059517,10.604398240583924,13.79068771013097,8.39629641910118,1.708681884057971,1.9126449275362318,B0056,12,7074,07074.csv,4,1.2589496187032136,6
260,2530.172,3.3009005971377725,2.6902918098264004,4.169426750713255,0.2428392778592295,0.4589631129816154,1.8248196518178388,1.997374519568108,0.5554949340541268,10.747618198190096,14.881216824496482,10.454397236184157,1.8291676923076925,2.026938461538462,B0056,16,7078,07078.csv,4,1.28061976902026,7
251,2446.062,3.3051103949821674,2.6937716432028966,4.178499777464705,0.2397608189148242,0.4733270917687715,1.8507815933338552,1.9974455810197207,0.5154530367303016,10.642275000961929,14.283153326557814,8.971005793041291,1.854946613545817,2.079274900398406,B0056,18,7080,07080.csv,4,1.2572786868607095,8
275,2713.25,3.367107139335169,2.6912557599593363,4.178690194193401,0.2560396329132249,0.4457206383847514,1.6314384323252609,1.997549921598698,0.7695836087308617,10.449432487805073,13.24625881226546,7.594672079378638,1.634973818181818,1.8437163636363636,B0056,20,7082,07082.csv,4,1.2226260041048898,9
270,2676.578,3.350670766767032,2.6988155601873713,4.178597106977031,0.26408469765973586,0.4476955416088244,1.6616566328751337,1.9978221218978045,0.7438159103101125,10.535109718676143,14.784638313108044,8.208437380779962,1.6652555555555557,1.8674851851851852,B0056,22,7084,07084.csv,4,1.2292772249257495,10
242,2394.734,3.316178080747263,2.698364593875605,4.179016949083667,0.240852846999574,0.4700543890787978,1.8455885289092369,1.9994834284107947,0.5241328907174297,10.596589405147556,13.967206000860529,8.396736770168333,1.8496132231404965,2.081913223140496,B0056,24,7086,07086.csv,4,1.2275780135689456,11
267,2673.0,3.3637533511944144,2.690491235069901,4.170255325585353,0.26269104349481126,0.43765789998454707,1.6427272030461846,1.9966769679348089,0.7602143575080282,10.518875176620943,14.10183741263998,8.017402927103078,1.6465385767790264,1.8432134831460674,B0056,28,7090,07090.csv,4,1.2133872888296768,12
261,2619.578,3.3457364832275633,2.6953260271003012,4.1791853671260935,0.26250236698298657,0.4511928471668134,1.6957888217302926,1.9987446420077772,0.711952049689748,10.55326910161315,15.014735099158155,10.092939577334786,1.6996904214559387,1.9092643678160919,B0056,30,7092,07092.csv,4,1.230223614493081,13
261,2640.016,3.373106355519255,2.6910057831221796,4.179445713445421,0.26275044352547566,0.44373687281422836,1.6347601982089093,1.9966704026697315,0.7671106488661928,10.414707663905276,13.814334631047265,7.67438249447561,1.6384567049808432,1.8527356321839081,B0056,32,7094,07094.csv,4,1.1927530108462678,14
258,2621.187,3.3697897239570302,2.6980104623652483,4.1797547856645245,0.2665623817711083,0.4436792393037017,1.6382253787769436,1.9977703823836157,0.7641452937157062,10.394183210718758,14.16755708920704,7.850866413814194,1.6420178294573646,1.8532403100775197,B0056,34,7096,07096.csv,4,1.18671066359878,15
257,2616.453,3.362330412062295,2.6918100210263542,4.179854576648961,0.2711240955862721,0.4452648118489835,1.644659026826276,1.9965481247661316,0.7590570613027393,10.441904510807989,14.498480751440637,8.057268525273873,1.6484031128404673,1.8522918287937742,B0056,36,7098,07098.csv,4,1.1914875140242167,16
251,2565.109,3.3440747440292173,2.6994455277907243,4.171853041375375,0.2628864455082753,0.4435865880059815,1.7076390255146487,1.9978026678137104,0.7002115071752344,10.556505695788386,14.957470899011565,10.653173679611745,1.7116780876494024,1.909175298804781,B0056,40,7102,07102.csv,4,1.214178606017816,17
242,2532.531,3.344993026252808,2.6974370448855804,4.179639783717689,0.26333021890398495,0.45195468588571597,1.7218826867485686,1.9976555316387103,0.6855408860489093,10.536326582207261,15.001521036754518,9.788440101479114,1.7257859504132234,1.9431735537190085,B0056,42,7104,07104.csv,4,1.2094387558721402,18
248,2556.593,3.350361911675404,2.687185471488668,4.180054992180052,0.2650839675192708,0.4515678390956879,1.7044133684665477,1.9970386663902504,0.703569276279637,10.495199596430949,14.338173356663557,8.740484494216627,1.708210483870968,1.9231290322580648,B0056,44,7106,07106.csv,4,1.207072299940321,19
248,2577.891,3.37818787285201,2.687470388534462,4.174069945070663,0.2632128146521385,0.43672776873351804,1.6318017809951493,1.9977714431306908,0.7691922189221349,10.301909086360435,13.436612124692124,7.358184694921705,1.6357217741935484,1.8503467741935484,B0056,46,7108,07108.csv,4,1.162961249391913,20
247,2572.36,3.3620625284471575,2.699656546174108,4.180243969445706,0.27163268106237254,0.4453526749244796,1.6549814371651586,1.997861791613606,0.7505581176765472,10.453998023862313,14.639269846531356,8.056207455252956,1.6585093117408911,1.8687935222672067,B0056,48,7110,07110.csv,4,1.17887968705904,21
258,2697.75,3.346029829980996,2.6854368250416094,4.160878235645104,0.2527211226893006,0.4489093598044622,1.7305860653867202,1.9980492124102964,0.6754874000939061,10.390292640584766,13.577353530338334,7.68592132636138,1.734956589147287,1.9458798449612404,B0056,52,7114,07114.csv,4,1.2945104146044433,22
255,2683.406,3.3654291392154736,2.690427787524509,4.170401928183799,0.2575940202482776,0.44969321627410475,1.696505640234897,1.9972356722093,0.7110108332256025,10.29031089579849,13.568274326866668,7.508598028840898,1.7004996078431376,1.9195607843137255,B0056,56,7118,07118.csv,4,1.2602567563003473,23
251,2646.156,3.3689721031647792,2.6939728433831345,4.179668272690069,0.2569817600145804,0.45608106234199575,1.6920255754898594,1.9980211141662232,0.7160083467042118,10.263087503889402,13.222923404873027,7.386551999957841,1.6957537848605582,1.9301235059760957,B0056,58,7120,07120.csv,4,1.2408721291565108,24
245,2593.531,3.3465295769688743,2.6814059367851253,4.179757059071528,0.26392798369570014,0.4603793196736956,1.741604661880979,1.9972921065349984,0.6640938864744848,10.400005286038285,14.117236767649958,8.578539239326068,1.7454310204081636,1.976004081632653,B0056,60,7122,07122.csv,4,1.252197340273113,25
245,2604.125,3.352812339869088,2.6953073659972815,4.179381275805115,0.26918481771068853,0.4554004193765926,1.7009419326058925,1.9976401134443396,0.707316533735362,10.409833153074386,14.72590749283402,11.160854649360688,1.704653877551021,1.924730612244898,B0056,62,7124,07124.csv,4,1.2279025700477384,26
242,2588.594,3.3743035968482755,2.6879523256297095,4.179761909304835,0.2684829565940655,0.44862652543890924,1.6642931587279168,1.9963245471931028,0.7415942890041415,10.249617197163523,13.782905674311683,7.432884610958281,1.6680057851239671,1.8947685950413224,B0056,64,7126,07126.csv,4,1.1917170308946994,27
240,2579.203,3.3764282291064944,2.696650296000414,4.1722589361250195,0.2630391255698186,0.4407842346800046,1.661292752609806,1.9964370552261024,0.7441208310167555,10.237028804942252,13.53465268656202,7.322157708660285,1.6652741666666666,1.8828833333333335,B0056,68,7130,07130.csv,4,1.1858570240011006,28
237,2555.453,3.375019443182964,2.6832104765994735,4.180576245666881,0.26253672170975767,0.4494821163187419,1.674210376311665,1.9977877783000189,0.732673909008867,10.198234922837491,12.997563677985069,6.879646293025091,1.6778919831223633,1.9085991561181432,B0056,70,7132,07132.csv,4,1.1840938286611429,29
234,2525.609,3.3500962120625943,2.6972876615572554,4.180487517962948,0.27012315568203055,0.45470609278648055,1.7212335091850337,1.9977122672890135,0.6863453564598224,10.430944576015767,14.9075480868495,9.696151813932921,1.725011111111111,1.9460641025641026,B0056,72,7134,07134.csv,4,1.2059829135917657,30
233,2536.172,3.379062729502439,2.683737907365728,4.18039553298969,0.2643309355802818,0.4464736325629426,1.6603188551346038,1.9993057278946789,0.7455463241646945,10.139534423823738,13.20576446654183,6.949799341354771,1.6638128755364807,1.893557939914163,B0056,74,7136,07136.csv,4,1.165428493679393,31
233,2536.204,3.3612064036489087,2.69363443342256,4.180559366384886,0.2744478562556729,0.4493981150002275,1.6773358415341093,1.997237284045861,0.7302749398444733,10.308440154694576,14.51158708545384,9.492268984805406,1.6809639484978542,1.8996866952789702,B0056,76,7138,07138.csv,4,1.1790060613193858,32
228,2488.86,3.3463562838477823,2.6943722854819816,4.172113004233132,0.2678747396241627,0.4480739226995514,1.7400890937688023,1.997516578108804,0.665572093768805,10.36840954285901,14.30233008977442,8.45342285943377,1.744105263157895,1.9620307017543859,B0056,80,7142,07142.csv,4,1.2013113747183153,33
229,2518.547,3.368266919681875,2.688897787724772,4.1803733533670036,0.274522075552106,0.44754776167736665,1.6717166090890365,1.9971577867500607,0.7350124965154838,10.204673365751807,14.15321706372225,7.639807012716326,1.6754323144104808,1.897751091703057,B0056,82,7144,07144.csv,4,1.165597803317432,34
226,2485.766,3.3594964247247177,2.6882331708894665,4.180733041897962,0.26866599710556616,0.4524651868528582,1.7117264059869668,1.9983317324781575,0.6965586993643057,10.315613775538878,13.855287867564956,7.941501303898115,1.7153415929203544,1.945075221238938,B0056,84,7146,07146.csv,4,1.180303335055002,35
227,2506.718,3.3615676241747825,2.6894590778726095,4.180279081248084,0.2769284519399768,0.44806020307706573,1.6777076413540122,1.9970287986633812,0.7298289846421461,10.276786926763112,14.492855960891132,9.639127161641152,1.6813806167400884,1.899704845814978,B0056,86,7148,07148.csv,4,1.1658134189695046,36
222,2459.297,3.355757582090394,2.6894641263415138,4.180999495499183,0.27032835711197656,0.4531445118271211,1.7244772794864454,1.9978411043695117,0.682965993182119,10.32641766409495,14.065463723343733,8.174720953080776,1.7282369369369373,1.959662162162162,B0056,88,7150,07150.csv,4,1.176396051577376,37
223,2488.734,3.377027547912211,2.6842747820981163,4.172470795694908,0.26894324622946947,0.43712072094181975,1.6630350547260544,1.996969373310469,0.7427891567009658,10.173012177291527,13.412858944276625,7.118460767704396,1.6667300448430498,1.889878923766816,B0056,92,7154,07154.csv,4,1.1458325512940766,38
223,2491.375,3.357651728668808,2.6890536637756743,4.181062785086551,0.2775763226591023,0.45053289758276893,1.6900191891528946,1.9983414092740532,0.7183710342480413,10.359918034435648,14.60610388019012,10.883664390027079,1.693610762331839,1.9148744394618833,B0056,94,7156,07156.csv,4,1.167557759980296,39
220,2467.328,3.3773583743313456,2.697570405713833,4.181144967626914,0.26506547332709546,0.4467908544248256,1.6766796389733987,1.9966505293094987,0.7305025611776653,10.160882493726476,13.208123302069437,7.015770594647046,1.6803836363636369,1.9162636363636363,B0056,96,7158,07158.csv,4,1.145636654711916,40
219,2466.125,3.365617870156837,2.6861014784430512,4.1812569980664405,0.27926567081131953,0.44638155268570046,1.6751918341015979,1.9978856754777936,0.7318587481256615,10.194404833993097,14.33986737197622,7.7630538222267615,1.6789305936073062,1.9028173515981734,B0056,98,7160,07160.csv,4,1.1443667002824445,41
218,2459.312999999994,3.356825640396486,2.6984158813975863,4.1812189705553315,0.2772170772383097,0.4503757181496213,1.7009813269764604,1.9982856792977777,0.7070093197996554,10.45640074188921,14.869194370874,9.40653605354732,1.7049532110091743,1.9290963302752293,B0056,100,7162,07162.csv,4,1.1605177686388095,42
226,2559.125,3.3493744607237104,2.6966170938157865,4.162741220330822,0.2698629001879776,0.4450538666930828,1.7282484297510285,1.997330304637193,0.6776970688223439,10.313619268601707,14.255223899564948,7.908749933552896,1.7330247787610624,1.949216814159292,B0056,104,7166,07166.csv,4,1.227201304260248,43
223,2534.156,3.337826170095946,2.6938401614375964,4.171908005371084,0.27151181086391063,0.45611035358803864,1.7698523906418528,1.998225530162105,0.6301353886336954,10.450923975542697,15.145967765545794,9.815924452658775,1.7742609865470855,1.992730941704036,B0056,108,7170,07170.csv,4,1.2454797202045476,44
221,2521.985,3.379813223194436,2.694145271746648,4.1801184107331695,0.26756729264467827,0.4500998054279983,1.677785003590329,1.9969891662839137,0.7292233710556943,10.066401247840554,13.36575567843813,7.019171031343481,1.6818298642533942,1.9193891402714929,B0056,110,7172,07172.csv,4,1.1722288849037228,45
219,2503.172,3.3529139626798687,2.6949310922042096,4.180978585892375,0.27620429070537905,0.457254212581252,1.7207594035337381,1.997363772478968,0.6868981343679095,10.43749851062521,14.761564527480054,10.645060052279426,1.7245415525114158,1.9530821917808217,B0056,112,7174,07174.csv,4,1.1953514999944956,46
216,2474.344,3.3506050479395064,2.698968781686075,4.180622872978541,0.27560897481375884,0.4568212078201692,1.7354517468706192,1.99808080514684,0.6710050393980608,10.413907415221043,14.927522519928406,9.338503645713665,1.7392342592592596,1.9703888888888885,B0056,114,7176,07176.csv,4,1.1919514716203925,47
215,2349.64,3.282678428854045,2.69347301500386,4.109379346813982,0.2522812746502778,0.45638165648855056,1.8820153258133336,1.9983807330397183,0.45856957964922096,10.513733364328893,15.38684146714604,9.72132036322665,1.886717209302326,2.0912046511627906,B0056,116,7178,07178.csv,4,1.2296223665252586,48
233,2560.688,3.33124930750755,2.697507354149439,4.169898025659996,0.2696468714440476,0.4618495240974858,1.7967905034784195,1.99817268738769,0.5958862220903988,10.477654553290117,15.06186195706642,9.488793084319394,1.8010034334763951,2.027669527896996,B0056,120,7182,07182.csv,4,1.2774519419396988,49
229,2522.375,3.3452443163116463,2.68847764541694,4.18030832398499,0.26876423167770974,0.465884891890163,1.776194228304146,1.997470740297483,0.6229679178409547,10.31728183321325,14.19417584217932,8.068341842386477,1.7801100436681228,2.021602620087336,B0056,122,7184,07184.csv,4,1.2433879751668584,50
225,2488.719,3.341356791517586,2.695809647268888,4.1803883737342336,0.2720636427757056,0.465245659091988,1.7813648676812854,1.9980970694464455,0.6166293917341835,10.380685727786513,14.670219241896357,8.769652609064586,1.7851093333333334,2.026,B0056,124,7186,07186.csv,4,1.230802542912592,51
223,2474.844,3.3435875505910966,2.6988862295180773,4.180539223969872,0.2732573702750584,0.4628372304283186,1.770286671707236,1.997256112978706,0.6302505696666849,10.36448134266215,14.756439650219583,8.85291236908937,1.7742394618834085,2.012991031390134,B0056,126,7188,07188.csv,4,1.2162358534094664,52
222,2473.875,3.3430796751998537,2.6881817818985594,4.180613197410378,0.27695920156605397,0.46107003873874497,1.760382856077896,1.9977292149583488,0.6422812682284974,10.418606978035179,15.074941469247385,9.226003322412843,1.7642324324324328,2.0006306306306305,B0056,128,7190,07190.csv,4,1.2088335726499548,53
223,2495.5,3.3475631632118508,2.693866336049454,4.171995741541347,0.2782111864157735,0.4497567691581903,1.725502718135161,1.9968867131079735,0.6816095847441249,10.467474839092922,14.772345213065618,9.927245695291646,1.7294457399103143,1.953152466367713,B0056,132,7194,07194.csv,4,1.1946181162240357,54
221,2481.078,3.3573308617480517,2.692863343941837,4.1804813286233875,0.27942983514254416,0.45413579730886244,1.7051855872437909,1.9974954691900964,0.7032502060922223,10.24758606535621,14.624267787138264,10.720511178976402,1.7089375565610863,1.9407285067873303,B0056,134,7196,07196.csv,4,1.1734248134794991,55
218,2460.125,3.382778882292665,2.6912645328393867,4.181058054860729,0.2668225965798595,0.44810570288678964,1.6737838876537967,1.9970688320372325,0.7332029134086199,10.06027633089391,12.974017575008304,6.600922829256255,1.6774568807339452,1.9226926605504586,B0056,136,7198,07198.csv,4,1.1404596305913128,56
216,2440.547,3.3460645335108428,2.6880196285337377,4.18149130108492,0.2802967170845483,0.4583401952849737,1.744666526062845,1.9973808016244432,0.6606663926688875,10.46181981941412,14.962343761280408,9.020077305677175,1.7484796296296297,1.981564814814815,B0056,138,7200,07200.csv,4,1.1821716406845988,57
216,2449.922,3.3641915924918147,2.6997902360046213,4.180595098911064,0.27758159628413315,0.4499756006596578,1.6893229418072908,1.9972649359124228,0.7191042025865206,10.21776828052081,14.288936379622092,10.331428018450282,1.692987037037037,1.9260046296296294,B0056,140,7202,07202.csv,4,1.1480663382055174,58
212,2408.781,3.340090097397974,2.6973629105606647,4.173047661044039,0.2760019288164218,0.4518747833704162,1.768035294905629,1.99737218946031,0.6331646896851695,10.382854030148234,14.731654795183925,8.608466583770852,1.7720349056603777,2.0037688679245282,B0056,144,7206,07206.csv,4,1.1825381935034152,59
214,2442.547,3.35648490646885,2.691300691707842,4.180864505746636,0.2813474725897492,0.4524134793529515,1.7051432830326552,1.9971710052373428,0.7033573828697535,10.344585715881983,14.530184451529058,10.199400040228461,1.7088093457943931,1.9386355140186915,B0056,146,7208,07208.csv,4,1.15520928628466,60
211,2420.671,3.3822432790887746,2.689936372979849,4.181146414659693,0.26840782900013616,0.4459886998238596,1.6727765803697465,1.9985618755593448,0.7342307957042604,10.028217431506214,12.920963346782584,6.478508290232291,1.6762881516587678,1.9205876777251183,B0056,148,7210,07210.csv,4,1.1216816712671696,61
210,2409.906,3.3475849268060007,2.6913240152919484,4.181695073360697,0.2821642310113515,0.4567303310331199,1.737668829701364,1.9981998904229497,0.6688621477872113,10.497532395250285,14.975497658516607,9.015585235982435,1.7413438095238098,1.9748857142857144,B0056,150,7212,07212.csv,4,1.162666262561457,62
209,2416.672,3.368899621618762,2.686923064348457,4.180846468482689,0.2793162560490657,0.446683295907103,1.6791986200112923,1.996923639616402,0.7285114421572604,10.078456668334661,14.006665059857031,8.975158358274129,1.6827655502392347,1.916598086124402,B0056,152,7214,07214.csv,4,1.124695615744926,63
207,2395.75,3.340217809060051,2.6874437664677444,4.17358432175774,0.28156250667359395,0.4502143384026587,1.7530386513998315,1.9980323886030191,0.651269102845872,10.437586290235986,15.065495014920012,9.02165330724345,1.7569294685990342,1.9844202898550725,B0056,156,7218,07218.csv,4,1.1664177948797931,64
208,2410.688,3.3606706640426602,2.699800435335948,4.181103233539769,0.2811331638654058,0.45010835630316803,1.6965299347001148,1.998026842266808,0.7117144539890926,10.327680053270171,14.438517748547325,10.043164693400403,1.7004721153846156,1.9296105769230771,B0056,158,7220,07220.csv,4,1.1346745156379463,65
206,2402.125,3.384477709863685,2.697960709571132,4.181672942091641,0.27059508716056885,0.4425413921447987,1.6548733855951219,1.9970444217112648,0.7501356920671536,9.931318938388468,13.194289211464437,6.506122361976821,1.6587864077669907,1.8949223300970877,B0056,160,7222,07222.csv,4,1.1012231317092755,66
202,2355.265,3.3408256322235093,2.6834783907862354,4.181798435766776,0.28058598972549126,0.45807259659208155,1.7665966406445173,1.9970743538086633,0.6345176223167165,10.341385046767083,14.482501609291248,8.280807134685674,1.770741584158416,2.0038465346534653,B0056,162,7224,07224.csv,4,1.1560733948472832,67
205,2396.719,3.3541889238828593,2.6996190068902637,4.181361272735532,0.28411750945320896,0.4523519486819847,1.7115279787595221,1.9974408693161616,0.6962052069570207,10.494744894336083,14.720749328790644,9.014225544293787,1.7155921951219517,1.9432682926829268,B0056,164,7226,07226.csv,4,1.1385609898764002,68
208,2442.344,3.340961153961277,2.689809371052332,4.16432577440784,0.28023988568637714,0.4428679234504651,1.73428631849718,1.9965313509817573,0.6713128362332806,10.206418347273608,14.529077890794348,9.82310284752277,1.7388932692307693,1.9554086538461537,B0056,168,7230,07230.csv,4,1.1757265448773706,69
208,2444.703,3.3371235826921466,2.688916524535636,4.172633979258993,0.2823428944249912,0.45438326099576454,1.7634409512196034,1.9980007270295648,0.6385302379004779,10.592911474763564,15.244128605525711,9.352283726895156,1.7676903846153849,1.9938990384615385,B0056,172,7234,07234.csv,4,1.1969385632452556,70
200,2412.25,3.376237517393404,2.698695743312111,4.180507540870247,0.2722167035064647,0.4480371343351708,1.6845207340398372,1.9963931274279256,0.7230100405464586,9.984423245892257,13.512900564234096,6.866630190673192,1.6885520000000003,1.929435,B0056,174,7236,07236.csv,4,1.1267457988726266,71
203,2403.234,3.348647645780763,2.697889593175275,4.181900407397767,0.28345499782291755,0.458054577981184,1.7384333180178044,1.9973201800320188,0.6678713657289637,10.532756069231716,14.862132323599852,8.987282691559228,1.7423359605911335,1.9753694581280787,B0056,176,7238,07238.csv,4,1.1601031368559531,72
199,2361.047,3.3622424767286905,2.695993320018532,4.181297616479253,0.2702997841848846,0.453631250076711,1.7330706062592867,1.9964731697990847,0.673497206817497,10.144690849516095,13.378405270944848,6.967132523790355,1.7371979899497494,1.9799798994974873,B0056,178,7240,07240.csv,4,1.1361458729690277,73
201,2392.468,3.351293107048021,2.6955474945092024,4.181657232676167,0.2876611654277484,0.453446707800242,1.7158733011286842,1.9984147436126416,0.6919899010354643,10.418716582380117,14.806201026240291,9.421468521502014,1.7199223880597019,1.9476666666666667,B0056,180,7242,07242.csv,4,1.1397253894261876,74
199,2373.89,3.3414098071318334,2.699727848412594,4.172972784971319,0.28189818540307254,0.4495470389555676,1.7531566636669746,1.997322036385649,0.6507491364594766,10.532972017810645,15.144104218787898,9.042256143471663,1.7572834170854275,1.9805326633165827,B0056,184,7246,07246.csv,4,1.1560010024767575,75
199,2383.234,3.35783559274309,2.695330424081241,4.1813161057402795,0.28466201850514566,0.45066294101988946,1.7029936043387486,1.9984597486368612,0.7049347104033592,10.294250246042282,14.39832488350013,10.31415836814027,1.7070814070351763,1.9362763819095479,B0056,186,7248,07248.csv,4,1.126818619026835,76
195,2342.453,3.36675593545663,2.685413023050206,4.18166924078605,0.2719617439226571,0.45074076027912025,1.7176922050011565,1.9966874158615944,0.6901376763364802,10.050387765399135,13.069857113335043,6.64022897287511,1.7215938461538465,1.9650307692307694,B0056,188,7250,07250.csv,4,1.116688355680394,77
196,2359.296,3.3487514550466417,2.690400334997493,4.182044120407073,0.2868628750685815,0.4547671991204498,1.7293087726875684,1.996813128658143,0.6778830188770333,10.472005861254317,14.625776758086843,9.17415336230037,1.7332000000000003,1.963719387755102,B0056,190,7252,07252.csv,4,1.1330613197666846,78
194,2345.453,3.3810092385566413,2.6887925590382147,4.1815714469098,0.270288046917179,0.4436232410615917,1.6750341583008017,1.996118783382572,0.7320201136681229,9.909401931448466,12.585237711150564,6.057094330364884,1.678976288659794,1.922963917525773,B0056,192,7254,07254.csv,4,1.0893839897995972,79
195,2360.172,3.3564306318997588,2.6988640537115023,4.174449328074176,0.2862986227424238,0.44140291793264863,1.6969414198633646,1.9966626412426896,0.7109185080306168,10.242760595982558,14.409091639662265,10.930259386842692,1.7011169230769232,1.9181897435897437,B0056,196,7258,07258.csv,4,1.112083645925937,80
191,2315.407,3.3508758903963662,2.680924614006194,4.181914870814706,0.27694057814164563,0.45546108825803566,1.7535367908206885,1.9961541065626969,0.6503002164171081,10.216290881964335,13.639615611059916,7.204894280344981,1.7576764397905762,1.9948638743455498,B0056,198,7260,07260.csv,4,1.1279950254648337,81
191,2322.156,3.338909543714827,2.689418119708915,4.181346159150703,0.28545983213687215,0.45629295469667985,1.7641532499102053,1.996805159927613,0.6380535290372443,10.357968672788795,14.880692487289394,8.724559130444678,1.7681089005235608,1.9979109947643978,B0056,200,7262,07262.csv,4,1.1386774565024178,82
191,2327.1570000000065,3.346321199511455,2.6980519577561664,4.181554177966883,0.28481624870339545,0.4541039969697058,1.7432776906133867,1.9972871538382808,0.6625896511647188,10.4126408516178,14.94384328293818,8.882599877627579,1.747188481675393,1.9791570680628272,B0056,202,7264,07264.csv,4,1.1271136962200643,83
191,2335.0,3.3538216131821783,2.690667005796631,4.181615967935099,0.2876321221526358,0.450333721180634,1.711779445250253,1.9961673384143372,0.6963878614476008,10.355563284677743,14.50969090814752,9.47945573378052,1.7158031413612571,1.9461413612565444,B0056,204,7266,07266.csv,4,1.110150886965375,84
190,2329.375,3.339346853440726,2.690672584400043,4.173516161117117,0.28580750413125733,0.44772001823469765,1.7523705598624038,1.9977234858011128,0.6518455687742074,10.41665753464741,15.062267575750978,8.945536169867111,1.756368421052632,1.9794157894736841,B0056,208,7270,07270.csv,4,1.1344632260422465,85
190,2333.875,3.3536514376808864,2.6895747540556276,4.181332312389274,0.2888057885004224,0.44985291952316464,1.7102887363877424,1.9961257474747869,0.69768163682162,10.301294534772044,14.468947045350122,9.883325830803194,1.7143157894736847,1.9416473684210527,B0056,210,7272,07272.csv,4,1.108458756302863,86
188,2317.453,3.38120127228625,2.6850453196446673,4.181999698138027,0.2732010982509587,0.4431554934543436,1.6753592954505596,1.9962061010235703,0.7315526691806636,9.91165771895873,12.508239840028546,5.977866484021952,1.6794531914893618,1.9206117021276594,B0056,212,7274,07274.csv,4,1.0768220870214844,87
186,2295.109,3.3368543585349384,2.68848533115398,4.182136607973574,0.2868233874193836,0.4569880618083637,1.768549536730497,1.997069949040176,0.6324594249400554,10.349022787330426,14.887028438704052,8.561067804514671,1.7726591397849463,2.0021129032258065,B0056,214,7276,07276.csv,4,1.128398212919817,88
184,2326.657,3.3522604662249167,2.695941959305812,4.18160323028519,0.2901655851757399,0.4500849963352178,1.7118429859694897,1.9963789398934428,0.6962333299556576,10.403963430415772,14.643769942307395,9.099272675322936,1.7159217391304349,1.9430923913043479,B0056,216,7278,07278.csv,4,1.1066350346531368,89
200,2479.297,3.301853229400361,2.6936113374580533,4.160391647622785,0.2770197526311392,0.4715353263848354,1.843752684497427,1.996869636138654,0.5261556557629565,10.672589964446292,15.536147821768504,9.946742968818524,1.8483910000000003,2.0731,B0056,220,7282,07282.csv,4,1.271609072217319,90
198,2463.578,3.3271853602584223,2.6975058053441106,4.171177372817309,0.27807583123396445,0.4639598880437221,1.8120843393714456,1.9961823426458585,0.5743271509753395,10.38887188704922,14.710321906861784,8.521294736974635,1.8166212121212122,2.0415505050505054,B0056,224,7286,07286.csv,4,1.2415767175377967,91
197,2458.812,3.357838197685972,2.6996810856937454,4.179908499745383,0.28182101349666516,0.4574733917220919,1.7203439049589009,1.9964302092493789,0.6871377207681356,10.084749408390376,14.282705134297458,8.832660966985207,1.724420304568528,1.957426395939086,B0056,226,7288,07288.csv,4,1.174652904422814,92
192,2400.672,3.3341676075284923,2.6932891744671807,4.1812209027547125,0.2827737633922263,0.4668304238056038,1.796332931635912,1.9977799006968675,0.5967395454321018,10.365887906876877,14.735427526864724,8.516547599711224,1.8005083333333338,2.0375520833333334,B0056,228,7290,07290.csv,4,1.1989389885187762,93
191,2396.407,3.3656652776557863,2.680335373836448,4.180715020333036,0.27153256899630196,0.4548872601686327,1.7222977241025477,1.9975262926757336,0.6852817775413476,10.019608551209917,12.986214565204865,6.436131966217592,1.7262586387434558,1.9713141361256545,B0056,230,7292,07292.csv,4,1.1461398965188565,94
190,2392.375,3.365125158092583,2.695500756668203,4.181433629004157,0.28240023824588234,0.4519008247822063,1.6997043054441963,1.9976460055724077,0.7084582995696587,10.060030313914343,14.020906563644123,9.224960554571545,1.7038010526315792,1.940394736842105,B0056,232,7294,07294.csv,4,1.129224378671885,95
188,2373.687,3.3750175764348014,2.6916361141573137,4.173658812188033,0.2721283465752723,0.44094783123262626,1.6858623859300483,1.9965283091685109,0.7215125736921261,9.894806886286887,13.158594712143495,6.493913442306664,1.6900468085106384,1.9209255319148937,B0056,236,7298,07298.csv,4,1.1103432888019913,96
189,2385.922,3.344781159371398,2.6977127849492053,4.1820632868427365,0.29003130656945525,0.45876655810760036,1.7404253614176666,1.997780645919671,0.6653545717727144,10.535153782453834,14.942021026324584,9.369648404292699,1.7445428571428574,1.9739153439153443,B0056,238,7300,07300.csv,4,1.153909472897475,97
185,2345.0,3.3605010057610816,2.687276744661873,4.18182200740338,0.27433418329125975,0.4549589386159858,1.7348806495979006,1.99655615549846,0.6718457198946742,10.116013026114192,13.316711053744784,6.831199929019885,1.7390454054054059,1.981410810810811,B0056,240,7302,07302.csv,4,1.1302191455340138,98
186,2363.047000000006,3.3538264483941607,2.6980124491519586,4.1819501512020345,0.2887912801455074,0.4534148598814265,1.7148039961001025,1.9963875537113744,0.6931564014704287,10.332244370257053,14.61281089291766,10.173415289268004,1.7189634408602152,1.948010752688172,B0056,242,7304,07304.csv,4,1.1258719408034097,99
182,2316.687,3.341678704653779,2.6927360739353285,4.181791330814548,0.2814822870708773,0.4595828518465086,1.7744477190346108,1.9966683821433664,0.6251558102722448,10.278021353580035,14.205466297575018,7.863423963193102,1.7786956043956048,2.0147087912087915,B0056,244,7306,07306.csv,4,1.1430108283920968,100
181,2322.0,3.3456418542105237,2.6899104032044447,4.173014294511639,0.2779128348077841,0.44946794567988224,1.7621417236488757,1.9964442856948763,0.6400766560925489,10.263503141787313,13.862516639323273,7.438600332148759,1.7664386740331495,1.9967458563535911,B0056,248,7310,07310.csv,4,1.1372731775310292,101
184,2357.687,3.34964237954421,2.6950189281281465,4.181882887350109,0.2912553402729493,0.45462667608904894,1.7228075335961501,1.9969949900194384,0.6848801470332685,10.452748281670244,14.899199505524647,9.568273672598522,1.7267793478260869,1.9539891304347823,B0056,250,7312,07312.csv,4,1.1290590137779504,102
